"IBGE_code","Municipality","Municipality_ascii","State_iso","State","Region","State_ascii"
110001,"Alta Floresta D'Oeste","Alta Floresta D'Oeste","RO","Rondônia","North","Rondonia"
110002,"Ariquemes","Ariquemes","RO","Rondônia","North","Rondonia"
110003,"Cabixi","Cabixi","RO","Rondônia","North","Rondonia"
110004,"Cacoal","Cacoal","RO","Rondônia","North","Rondonia"
110005,"Cerejeiras","Cerejeiras","RO","Rondônia","North","Rondonia"
110006,"Colorado do Oeste","Colorado do Oeste","RO","Rondônia","North","Rondonia"
110007,"Corumbiara","Corumbiara","RO","Rondônia","North","Rondonia"
110008,"Costa Marques","Costa Marques","RO","Rondônia","North","Rondonia"
110009,"Espigão D'Oeste","Espigao D'Oeste","RO","Rondônia","North","Rondonia"
110010,"Guajará-Mirim","Guajara-Mirim","RO","Rondônia","North","Rondonia"
110011,"Jaru","Jaru","RO","Rondônia","North","Rondonia"
110012,"Ji-Paraná","Ji-Parana","RO","Rondônia","North","Rondonia"
110013,"Machadinho D'Oeste","Machadinho D'Oeste","RO","Rondônia","North","Rondonia"
110014,"Nova Brasilândia D'Oeste","Nova Brasilandia D'Oeste","RO","Rondônia","North","Rondonia"
110015,"Ouro Preto do Oeste","Ouro Preto do Oeste","RO","Rondônia","North","Rondonia"
110018,"Pimenta Bueno","Pimenta Bueno","RO","Rondônia","North","Rondonia"
110020,"Porto Velho","Porto Velho","RO","Rondônia","North","Rondonia"
110025,"Presidente Médici","Presidente Medici","RO","Rondônia","North","Rondonia"
110026,"Rio Crespo","Rio Crespo","RO","Rondônia","North","Rondonia"
110028,"Rolim de Moura","Rolim de Moura","RO","Rondônia","North","Rondonia"
110029,"Santa Luzia D'Oeste","Santa Luzia D'Oeste","RO","Rondônia","North","Rondonia"
110030,"Vilhena","Vilhena","RO","Rondônia","North","Rondonia"
110032,"São Miguel do Guaporé","Sao Miguel do Guapore","RO","Rondônia","North","Rondonia"
110033,"Nova Mamoré","Nova Mamore","RO","Rondônia","North","Rondonia"
110034,"Alvorada D'Oeste","Alvorada D'Oeste","RO","Rondônia","North","Rondonia"
110037,"Alto Alegre dos Parecis","Alto Alegre dos Parecis","RO","Rondônia","North","Rondonia"
110040,"Alto Paraíso","Alto Paraiso","RO","Rondônia","North","Rondonia"
110045,"Buritis","Buritis","RO","Rondônia","North","Rondonia"
110050,"Novo Horizonte do Oeste","Novo Horizonte do Oeste","RO","Rondônia","North","Rondonia"
110060,"Cacaulândia","Cacaulandia","RO","Rondônia","North","Rondonia"
110070,"Campo Novo de Rondônia","Campo Novo de Rondonia","RO","Rondônia","North","Rondonia"
110080,"Candeias do Jamari","Candeias do Jamari","RO","Rondônia","North","Rondonia"
110090,"Castanheiras","Castanheiras","RO","Rondônia","North","Rondonia"
110092,"Chupinguaia","Chupinguaia","RO","Rondônia","North","Rondonia"
110094,"Cujubim","Cujubim","RO","Rondônia","North","Rondonia"
110100,"Governador Jorge Teixeira","Governador Jorge Teixeira","RO","Rondônia","North","Rondonia"
110110,"Itapuã do Oeste","Itapua do Oeste","RO","Rondônia","North","Rondonia"
110120,"Ministro Andreazza","Ministro Andreazza","RO","Rondônia","North","Rondonia"
110130,"Mirante da Serra","Mirante da Serra","RO","Rondônia","North","Rondonia"
110140,"Monte Negro","Monte Negro","RO","Rondônia","North","Rondonia"
110143,"Nova União","Nova Uniao","RO","Rondônia","North","Rondonia"
110145,"Parecis","Parecis","RO","Rondônia","North","Rondonia"
110146,"Pimenteiras do Oeste","Pimenteiras do Oeste","RO","Rondônia","North","Rondonia"
110147,"Primavera de Rondônia","Primavera de Rondonia","RO","Rondônia","North","Rondonia"
110148,"São Felipe D'Oeste","Sao Felipe D'Oeste","RO","Rondônia","North","Rondonia"
110149,"São Francisco do Guaporé","Sao Francisco do Guapore","RO","Rondônia","North","Rondonia"
110150,"Seringueiras","Seringueiras","RO","Rondônia","North","Rondonia"
110155,"Teixeirópolis","Teixeiropolis","RO","Rondônia","North","Rondonia"
110160,"Theobroma","Theobroma","RO","Rondônia","North","Rondonia"
110170,"Urupá","Urupa","RO","Rondônia","North","Rondonia"
110175,"Vale do Anari","Vale do Anari","RO","Rondônia","North","Rondonia"
110180,"Vale do Paraíso","Vale do Paraiso","RO","Rondônia","North","Rondonia"
120001,"Acrelândia","Acrelandia","AC","Acre","North","Acre"
120005,"Assis Brasil","Assis Brasil","AC","Acre","North","Acre"
120010,"Brasiléia","Brasileia","AC","Acre","North","Acre"
120013,"Bujari","Bujari","AC","Acre","North","Acre"
120017,"Capixaba","Capixaba","AC","Acre","North","Acre"
120020,"Cruzeiro do Sul","Cruzeiro do Sul","AC","Acre","North","Acre"
120025,"Epitaciolândia","Epitaciolandia","AC","Acre","North","Acre"
120030,"Feijó","Feijo","AC","Acre","North","Acre"
120032,"Jordão","Jordao","AC","Acre","North","Acre"
120033,"Mâncio Lima","Mancio Lima","AC","Acre","North","Acre"
120034,"Manoel Urbano","Manoel Urbano","AC","Acre","North","Acre"
120035,"Marechal Thaumaturgo","Marechal Thaumaturgo","AC","Acre","North","Acre"
120038,"Plácido de Castro","Placido de Castro","AC","Acre","North","Acre"
120039,"Porto Walter","Porto Walter","AC","Acre","North","Acre"
120040,"Rio Branco","Rio Branco","AC","Acre","North","Acre"
120042,"Rodrigues Alves","Rodrigues Alves","AC","Acre","North","Acre"
120043,"Santa Rosa do Purus","Santa Rosa do Purus","AC","Acre","North","Acre"
120045,"Senador Guiomard","Senador Guiomard","AC","Acre","North","Acre"
120050,"Sena Madureira","Sena Madureira","AC","Acre","North","Acre"
120060,"Tarauacá","Tarauaca","AC","Acre","North","Acre"
120070,"Xapuri","Xapuri","AC","Acre","North","Acre"
120080,"Porto Acre","Porto Acre","AC","Acre","North","Acre"
130002,"Alvarães","Alvaraes","AM","Amazonas","North","Amazonas"
130006,"Amaturá","Amatura","AM","Amazonas","North","Amazonas"
130008,"Anamã","Anama","AM","Amazonas","North","Amazonas"
130010,"Anori","Anori","AM","Amazonas","North","Amazonas"
130014,"Apuí","Apui","AM","Amazonas","North","Amazonas"
130020,"Atalaia do Norte","Atalaia do Norte","AM","Amazonas","North","Amazonas"
130030,"Autazes","Autazes","AM","Amazonas","North","Amazonas"
130040,"Barcelos","Barcelos","AM","Amazonas","North","Amazonas"
130050,"Barreirinha","Barreirinha","AM","Amazonas","North","Amazonas"
130060,"Benjamin Constant","Benjamin Constant","AM","Amazonas","North","Amazonas"
130063,"Beruri","Beruri","AM","Amazonas","North","Amazonas"
130068,"Boa Vista do Ramos","Boa Vista do Ramos","AM","Amazonas","North","Amazonas"
130070,"Boca do Acre","Boca do Acre","AM","Amazonas","North","Amazonas"
130080,"Borba","Borba","AM","Amazonas","North","Amazonas"
130083,"Caapiranga","Caapiranga","AM","Amazonas","North","Amazonas"
130090,"Canutama","Canutama","AM","Amazonas","North","Amazonas"
130100,"Carauari","Carauari","AM","Amazonas","North","Amazonas"
130110,"Careiro","Careiro","AM","Amazonas","North","Amazonas"
130115,"Careiro da Várzea","Careiro da Varzea","AM","Amazonas","North","Amazonas"
130120,"Coari","Coari","AM","Amazonas","North","Amazonas"
130130,"Codajás","Codajas","AM","Amazonas","North","Amazonas"
130140,"Eirunepé","Eirunepe","AM","Amazonas","North","Amazonas"
130150,"Envira","Envira","AM","Amazonas","North","Amazonas"
130160,"Fonte Boa","Fonte Boa","AM","Amazonas","North","Amazonas"
130165,"Guajará","Guajara","AM","Amazonas","North","Amazonas"
130170,"Humaitá","Humaita","AM","Amazonas","North","Amazonas"
130180,"Ipixuna","Ipixuna","AM","Amazonas","North","Amazonas"
130185,"Iranduba","Iranduba","AM","Amazonas","North","Amazonas"
130190,"Itacoatiara","Itacoatiara","AM","Amazonas","North","Amazonas"
130195,"Itamarati","Itamarati","AM","Amazonas","North","Amazonas"
130200,"Itapiranga","Itapiranga","AM","Amazonas","North","Amazonas"
130210,"Japurá","Japura","AM","Amazonas","North","Amazonas"
130220,"Juruá","Jurua","AM","Amazonas","North","Amazonas"
130230,"Jutaí","Jutai","AM","Amazonas","North","Amazonas"
130240,"Lábrea","Labrea","AM","Amazonas","North","Amazonas"
130250,"Manacapuru","Manacapuru","AM","Amazonas","North","Amazonas"
130255,"Manaquiri","Manaquiri","AM","Amazonas","North","Amazonas"
130260,"Manaus","Manaus","AM","Amazonas","North","Amazonas"
130270,"Manicoré","Manicore","AM","Amazonas","North","Amazonas"
130280,"Maraã","Maraa","AM","Amazonas","North","Amazonas"
130290,"Maués","Maues","AM","Amazonas","North","Amazonas"
130300,"Nhamundá","Nhamunda","AM","Amazonas","North","Amazonas"
130310,"Nova Olinda do Norte","Nova Olinda do Norte","AM","Amazonas","North","Amazonas"
130320,"Novo Airão","Novo Airao","AM","Amazonas","North","Amazonas"
130330,"Novo Aripuanã","Novo Aripuana","AM","Amazonas","North","Amazonas"
130340,"Parintins","Parintins","AM","Amazonas","North","Amazonas"
130350,"Pauini","Pauini","AM","Amazonas","North","Amazonas"
130353,"Presidente Figueiredo","Presidente Figueiredo","AM","Amazonas","North","Amazonas"
130356,"Rio Preto da Eva","Rio Preto da Eva","AM","Amazonas","North","Amazonas"
130360,"Santa Isabel do Rio Negro","Santa Isabel do Rio Negro","AM","Amazonas","North","Amazonas"
130370,"Santo Antônio do Içá","Santo Antonio do Ica","AM","Amazonas","North","Amazonas"
130380,"São Gabriel da Cachoeira","Sao Gabriel da Cachoeira","AM","Amazonas","North","Amazonas"
130390,"São Paulo de Olivença","Sao Paulo de Olivenca","AM","Amazonas","North","Amazonas"
130395,"São Sebastião do Uatumã","Sao Sebastiao do Uatuma","AM","Amazonas","North","Amazonas"
130400,"Silves","Silves","AM","Amazonas","North","Amazonas"
130406,"Tabatinga","Tabatinga","AM","Amazonas","North","Amazonas"
130410,"Tapauá","Tapaua","AM","Amazonas","North","Amazonas"
130420,"Tefé","Tefe","AM","Amazonas","North","Amazonas"
130423,"Tonantins","Tonantins","AM","Amazonas","North","Amazonas"
130426,"Uarini","Uarini","AM","Amazonas","North","Amazonas"
130430,"Urucará","Urucara","AM","Amazonas","North","Amazonas"
130440,"Urucurituba","Urucurituba","AM","Amazonas","North","Amazonas"
140002,"Amajari","Amajari","RR","Roraima","North","Roraima"
140005,"Alto Alegre","Alto Alegre","RR","Roraima","North","Roraima"
140010,"Boa Vista","Boa Vista","RR","Roraima","North","Roraima"
140015,"Bonfim","Bonfim","RR","Roraima","North","Roraima"
140017,"Cantá","Canta","RR","Roraima","North","Roraima"
140020,"Caracaraí","Caracarai","RR","Roraima","North","Roraima"
140023,"Caroebe","Caroebe","RR","Roraima","North","Roraima"
140028,"Iracema","Iracema","RR","Roraima","North","Roraima"
140030,"Mucajaí","Mucajai","RR","Roraima","North","Roraima"
140040,"Normandia","Normandia","RR","Roraima","North","Roraima"
140045,"Pacaraima","Pacaraima","RR","Roraima","North","Roraima"
140047,"Rorainópolis","Rorainopolis","RR","Roraima","North","Roraima"
140050,"São João da Baliza","Sao Joao da Baliza","RR","Roraima","North","Roraima"
140060,"São Luiz","Sao Luiz","RR","Roraima","North","Roraima"
140070,"Uiramutã","Uiramuta","RR","Roraima","North","Roraima"
150010,"Abaetetuba","Abaetetuba","PA","Pará","North","Para"
150013,"Abel Figueiredo","Abel Figueiredo","PA","Pará","North","Para"
150020,"Acará","Acara","PA","Pará","North","Para"
150030,"Afuá","Afua","PA","Pará","North","Para"
150034,"Água Azul do Norte","Agua Azul do Norte","PA","Pará","North","Para"
150040,"Alenquer","Alenquer","PA","Pará","North","Para"
150050,"Almeirim","Almeirim","PA","Pará","North","Para"
150060,"Altamira","Altamira","PA","Pará","North","Para"
150070,"Anajás","Anajas","PA","Pará","North","Para"
150080,"Ananindeua","Ananindeua","PA","Pará","North","Para"
150085,"Anapu","Anapu","PA","Pará","North","Para"
150090,"Augusto Corrêa","Augusto Correa","PA","Pará","North","Para"
150095,"Aurora do Pará","Aurora do Para","PA","Pará","North","Para"
150100,"Aveiro","Aveiro","PA","Pará","North","Para"
150110,"Bagre","Bagre","PA","Pará","North","Para"
150120,"Baião","Baiao","PA","Pará","North","Para"
150125,"Bannach","Bannach","PA","Pará","North","Para"
150130,"Barcarena","Barcarena","PA","Pará","North","Para"
150140,"Belém","Belem","PA","Pará","North","Para"
150145,"Belterra","Belterra","PA","Pará","North","Para"
150150,"Benevides","Benevides","PA","Pará","North","Para"
150157,"Bom Jesus do Tocantins","Bom Jesus do Tocantins","PA","Pará","North","Para"
150160,"Bonito","Bonito","PA","Pará","North","Para"
150170,"Bragança","Braganca","PA","Pará","North","Para"
150172,"Brasil Novo","Brasil Novo","PA","Pará","North","Para"
150175,"Brejo Grande do Araguaia","Brejo Grande do Araguaia","PA","Pará","North","Para"
150178,"Breu Branco","Breu Branco","PA","Pará","North","Para"
150180,"Breves","Breves","PA","Pará","North","Para"
150190,"Bujaru","Bujaru","PA","Pará","North","Para"
150195,"Cachoeira do Piriá","Cachoeira do Piria","PA","Pará","North","Para"
150200,"Cachoeira do Arari","Cachoeira do Arari","PA","Pará","North","Para"
150210,"Cametá","Cameta","PA","Pará","North","Para"
150215,"Canaã dos Carajás","Canaa dos Carajas","PA","Pará","North","Para"
150220,"Capanema","Capanema","PA","Pará","North","Para"
150230,"Capitão Poço","Capitao Poco","PA","Pará","North","Para"
150240,"Castanhal","Castanhal","PA","Pará","North","Para"
150250,"Chaves","Chaves","PA","Pará","North","Para"
150260,"Colares","Colares","PA","Pará","North","Para"
150270,"Conceição do Araguaia","Conceicao do Araguaia","PA","Pará","North","Para"
150275,"Concórdia do Pará","Concordia do Para","PA","Pará","North","Para"
150276,"Cumaru do Norte","Cumaru do Norte","PA","Pará","North","Para"
150277,"Curionópolis","Curionopolis","PA","Pará","North","Para"
150280,"Curralinho","Curralinho","PA","Pará","North","Para"
150285,"Curuá","Curua","PA","Pará","North","Para"
150290,"Curuçá","Curuca","PA","Pará","North","Para"
150293,"Dom Eliseu","Dom Eliseu","PA","Pará","North","Para"
150295,"Eldorado do Carajás","Eldorado do Carajas","PA","Pará","North","Para"
150300,"Faro","Faro","PA","Pará","North","Para"
150304,"Floresta do Araguaia","Floresta do Araguaia","PA","Pará","North","Para"
150307,"Garrafão do Norte","Garrafao do Norte","PA","Pará","North","Para"
150309,"Goianésia do Pará","Goianesia do Para","PA","Pará","North","Para"
150310,"Gurupá","Gurupa","PA","Pará","North","Para"
150320,"Igarapé-Açu","Igarape-Acu","PA","Pará","North","Para"
150330,"Igarapé-Miri","Igarape-Miri","PA","Pará","North","Para"
150340,"Inhangapi","Inhangapi","PA","Pará","North","Para"
150345,"Ipixuna do Pará","Ipixuna do Para","PA","Pará","North","Para"
150350,"Irituia","Irituia","PA","Pará","North","Para"
150360,"Itaituba","Itaituba","PA","Pará","North","Para"
150370,"Itupiranga","Itupiranga","PA","Pará","North","Para"
150375,"Jacareacanga","Jacareacanga","PA","Pará","North","Para"
150380,"Jacundá","Jacunda","PA","Pará","North","Para"
150390,"Juruti","Juruti","PA","Pará","North","Para"
150400,"Limoeiro do Ajuru","Limoeiro do Ajuru","PA","Pará","North","Para"
150405,"Mãe do Rio","Mae do Rio","PA","Pará","North","Para"
150410,"Magalhães Barata","Magalhaes Barata","PA","Pará","North","Para"
150420,"Marabá","Maraba","PA","Pará","North","Para"
150430,"Maracanã","Maracana","PA","Pará","North","Para"
150440,"Marapanim","Marapanim","PA","Pará","North","Para"
150442,"Marituba","Marituba","PA","Pará","North","Para"
150445,"Medicilândia","Medicilandia","PA","Pará","North","Para"
150450,"Melgaço","Melgaco","PA","Pará","North","Para"
150460,"Mocajuba","Mocajuba","PA","Pará","North","Para"
150470,"Moju","Moju","PA","Pará","North","Para"
150475,"Mojuí dos Campos","Mojui dos Campos","PA","Pará","North","Para"
150480,"Monte Alegre","Monte Alegre","PA","Pará","North","Para"
150490,"Muaná","Muana","PA","Pará","North","Para"
150495,"Nova Esperança do Piriá","Nova Esperanca do Piria","PA","Pará","North","Para"
150497,"Nova Ipixuna","Nova Ipixuna","PA","Pará","North","Para"
150500,"Nova Timboteua","Nova Timboteua","PA","Pará","North","Para"
150503,"Novo Progresso","Novo Progresso","PA","Pará","North","Para"
150506,"Novo Repartimento","Novo Repartimento","PA","Pará","North","Para"
150510,"Óbidos","Obidos","PA","Pará","North","Para"
150520,"Oeiras do Pará","Oeiras do Para","PA","Pará","North","Para"
150530,"Oriximiná","Oriximina","PA","Pará","North","Para"
150540,"Ourém","Ourem","PA","Pará","North","Para"
150543,"Ourilândia do Norte","Ourilandia do Norte","PA","Pará","North","Para"
150548,"Pacajá","Pacaja","PA","Pará","North","Para"
150549,"Palestina do Pará","Palestina do Para","PA","Pará","North","Para"
150550,"Paragominas","Paragominas","PA","Pará","North","Para"
150553,"Parauapebas","Parauapebas","PA","Pará","North","Para"
150555,"Pau D'Arco","Pau D'Arco","PA","Pará","North","Para"
150560,"Peixe-Boi","Peixe-Boi","PA","Pará","North","Para"
150563,"Piçarra","Picarra","PA","Pará","North","Para"
150565,"Placas","Placas","PA","Pará","North","Para"
150570,"Ponta de Pedras","Ponta de Pedras","PA","Pará","North","Para"
150580,"Portel","Portel","PA","Pará","North","Para"
150590,"Porto de Moz","Porto de Moz","PA","Pará","North","Para"
150600,"Prainha","Prainha","PA","Pará","North","Para"
150610,"Primavera","Primavera","PA","Pará","North","Para"
150611,"Quatipuru","Quatipuru","PA","Pará","North","Para"
150613,"Redenção","Redencao","PA","Pará","North","Para"
150616,"Rio Maria","Rio Maria","PA","Pará","North","Para"
150618,"Rondon do Pará","Rondon do Para","PA","Pará","North","Para"
150619,"Rurópolis","Ruropolis","PA","Pará","North","Para"
150620,"Salinópolis","Salinopolis","PA","Pará","North","Para"
150630,"Salvaterra","Salvaterra","PA","Pará","North","Para"
150635,"Santa Bárbara do Pará","Santa Barbara do Para","PA","Pará","North","Para"
150640,"Santa Cruz do Arari","Santa Cruz do Arari","PA","Pará","North","Para"
150650,"Santa Izabel do Pará","Santa Izabel do Para","PA","Pará","North","Para"
150655,"Santa Luzia do Pará","Santa Luzia do Para","PA","Pará","North","Para"
150658,"Santa Maria das Barreiras","Santa Maria das Barreiras","PA","Pará","North","Para"
150660,"Santa Maria do Pará","Santa Maria do Para","PA","Pará","North","Para"
150670,"Santana do Araguaia","Santana do Araguaia","PA","Pará","North","Para"
150680,"Santarém","Santarem","PA","Pará","North","Para"
150690,"Santarém Novo","Santarem Novo","PA","Pará","North","Para"
150700,"Santo Antônio do Tauá","Santo Antonio do Taua","PA","Pará","North","Para"
150710,"São Caetano de Odivelas","Sao Caetano de Odivelas","PA","Pará","North","Para"
150715,"São Domingos do Araguaia","Sao Domingos do Araguaia","PA","Pará","North","Para"
150720,"São Domingos do Capim","Sao Domingos do Capim","PA","Pará","North","Para"
150730,"São Félix do Xingu","Sao Felix do Xingu","PA","Pará","North","Para"
150740,"São Francisco do Pará","Sao Francisco do Para","PA","Pará","North","Para"
150745,"São Geraldo do Araguaia","Sao Geraldo do Araguaia","PA","Pará","North","Para"
150746,"São João da Ponta","Sao Joao da Ponta","PA","Pará","North","Para"
150747,"São João de Pirabas","Sao Joao de Pirabas","PA","Pará","North","Para"
150750,"São João do Araguaia","Sao Joao do Araguaia","PA","Pará","North","Para"
150760,"São Miguel do Guamá","Sao Miguel do Guama","PA","Pará","North","Para"
150770,"São Sebastião da Boa Vista","Sao Sebastiao da Boa Vista","PA","Pará","North","Para"
150775,"Sapucaia","Sapucaia","PA","Pará","North","Para"
150780,"Senador José Porfírio","Senador Jose Porfirio","PA","Pará","North","Para"
150790,"Soure","Soure","PA","Pará","North","Para"
150795,"Tailândia","Tailandia","PA","Pará","North","Para"
150796,"Terra Alta","Terra Alta","PA","Pará","North","Para"
150797,"Terra Santa","Terra Santa","PA","Pará","North","Para"
150800,"Tomé-Açu","Tome-Acu","PA","Pará","North","Para"
150803,"Tracuateua","Tracuateua","PA","Pará","North","Para"
150805,"Trairão","Trairao","PA","Pará","North","Para"
150808,"Tucumã","Tucuma","PA","Pará","North","Para"
150810,"Tucuruí","Tucurui","PA","Pará","North","Para"
150812,"Ulianópolis","Ulianopolis","PA","Pará","North","Para"
150815,"Uruará","Uruara","PA","Pará","North","Para"
150820,"Vigia","Vigia","PA","Pará","North","Para"
150830,"Viseu","Viseu","PA","Pará","North","Para"
150835,"Vitória do Xingu","Vitoria do Xingu","PA","Pará","North","Para"
150840,"Xinguara","Xinguara","PA","Pará","North","Para"
160005,"Serra do Navio","Serra do Navio","AP","Amapá","North","Amapa"
160010,"Amapá","Amapa","AP","Amapá","North","Amapa"
160015,"Pedra Branca do Amapari","Pedra Branca do Amapari","AP","Amapá","North","Amapa"
160020,"Calçoene","Calcoene","AP","Amapá","North","Amapa"
160021,"Cutias","Cutias","AP","Amapá","North","Amapa"
160023,"Ferreira Gomes","Ferreira Gomes","AP","Amapá","North","Amapa"
160025,"Itaubal","Itaubal","AP","Amapá","North","Amapa"
160027,"Laranjal do Jari","Laranjal do Jari","AP","Amapá","North","Amapa"
160030,"Macapá","Macapa","AP","Amapá","North","Amapa"
160040,"Mazagão","Mazagao","AP","Amapá","North","Amapa"
160050,"Oiapoque","Oiapoque","AP","Amapá","North","Amapa"
160053,"Porto Grande","Porto Grande","AP","Amapá","North","Amapa"
160055,"Pracuúba","Pracuuba","AP","Amapá","North","Amapa"
160060,"Santana","Santana","AP","Amapá","North","Amapa"
160070,"Tartarugalzinho","Tartarugalzinho","AP","Amapá","North","Amapa"
160080,"Vitória do Jari","Vitoria do Jari","AP","Amapá","North","Amapa"
170025,"Abreulândia","Abreulandia","TO","Tocantins","North","Tocantins"
170030,"Aguiarnópolis","Aguiarnopolis","TO","Tocantins","North","Tocantins"
170035,"Aliança do Tocantins","Alianca do Tocantins","TO","Tocantins","North","Tocantins"
170040,"Almas","Almas","TO","Tocantins","North","Tocantins"
170070,"Alvorada","Alvorada","TO","Tocantins","North","Tocantins"
170100,"Ananás","Ananas","TO","Tocantins","North","Tocantins"
170105,"Angico","Angico","TO","Tocantins","North","Tocantins"
170110,"Aparecida do Rio Negro","Aparecida do Rio Negro","TO","Tocantins","North","Tocantins"
170130,"Aragominas","Aragominas","TO","Tocantins","North","Tocantins"
170190,"Araguacema","Araguacema","TO","Tocantins","North","Tocantins"
170200,"Araguaçu","Araguacu","TO","Tocantins","North","Tocantins"
170210,"Araguaína","Araguaina","TO","Tocantins","North","Tocantins"
170215,"Araguanã","Araguana","TO","Tocantins","North","Tocantins"
170220,"Araguatins","Araguatins","TO","Tocantins","North","Tocantins"
170230,"Arapoema","Arapoema","TO","Tocantins","North","Tocantins"
170240,"Arraias","Arraias","TO","Tocantins","North","Tocantins"
170255,"Augustinópolis","Augustinopolis","TO","Tocantins","North","Tocantins"
170270,"Aurora do Tocantins","Aurora do Tocantins","TO","Tocantins","North","Tocantins"
170290,"Axixá do Tocantins","Axixa do Tocantins","TO","Tocantins","North","Tocantins"
170300,"Babaçulândia","Babaculandia","TO","Tocantins","North","Tocantins"
170305,"Bandeirantes do Tocantins","Bandeirantes do Tocantins","TO","Tocantins","North","Tocantins"
170307,"Barra do Ouro","Barra do Ouro","TO","Tocantins","North","Tocantins"
170310,"Barrolândia","Barrolandia","TO","Tocantins","North","Tocantins"
170320,"Bernardo Sayão","Bernardo Sayao","TO","Tocantins","North","Tocantins"
170330,"Bom Jesus do Tocantins","Bom Jesus do Tocantins","TO","Tocantins","North","Tocantins"
170360,"Brasilândia do Tocantins","Brasilandia do Tocantins","TO","Tocantins","North","Tocantins"
170370,"Brejinho de Nazaré","Brejinho de Nazare","TO","Tocantins","North","Tocantins"
170380,"Buriti do Tocantins","Buriti do Tocantins","TO","Tocantins","North","Tocantins"
170382,"Cachoeirinha","Cachoeirinha","TO","Tocantins","North","Tocantins"
170384,"Campos Lindos","Campos Lindos","TO","Tocantins","North","Tocantins"
170386,"Cariri do Tocantins","Cariri do Tocantins","TO","Tocantins","North","Tocantins"
170388,"Carmolândia","Carmolandia","TO","Tocantins","North","Tocantins"
170389,"Carrasco Bonito","Carrasco Bonito","TO","Tocantins","North","Tocantins"
170390,"Caseara","Caseara","TO","Tocantins","North","Tocantins"
170410,"Centenário","Centenario","TO","Tocantins","North","Tocantins"
170460,"Chapada de Areia","Chapada de Areia","TO","Tocantins","North","Tocantins"
170510,"Chapada da Natividade","Chapada da Natividade","TO","Tocantins","North","Tocantins"
170550,"Colinas do Tocantins","Colinas do Tocantins","TO","Tocantins","North","Tocantins"
170555,"Combinado","Combinado","TO","Tocantins","North","Tocantins"
170560,"Conceição do Tocantins","Conceicao do Tocantins","TO","Tocantins","North","Tocantins"
170600,"Couto Magalhães","Couto Magalhaes","TO","Tocantins","North","Tocantins"
170610,"Cristalândia","Cristalandia","TO","Tocantins","North","Tocantins"
170625,"Crixás do Tocantins","Crixas do Tocantins","TO","Tocantins","North","Tocantins"
170650,"Darcinópolis","Darcinopolis","TO","Tocantins","North","Tocantins"
170700,"Dianópolis","Dianopolis","TO","Tocantins","North","Tocantins"
170710,"Divinópolis do Tocantins","Divinopolis do Tocantins","TO","Tocantins","North","Tocantins"
170720,"Dois Irmãos do Tocantins","Dois Irmaos do Tocantins","TO","Tocantins","North","Tocantins"
170730,"Dueré","Duere","TO","Tocantins","North","Tocantins"
170740,"Esperantina","Esperantina","TO","Tocantins","North","Tocantins"
170755,"Fátima","Fatima","TO","Tocantins","North","Tocantins"
170765,"Figueirópolis","Figueiropolis","TO","Tocantins","North","Tocantins"
170770,"Filadélfia","Filadelfia","TO","Tocantins","North","Tocantins"
170820,"Formoso do Araguaia","Formoso do Araguaia","TO","Tocantins","North","Tocantins"
170825,"Tabocão","Tabocao","TO","Tocantins","North","Tocantins"
170830,"Goianorte","Goianorte","TO","Tocantins","North","Tocantins"
170900,"Goiatins","Goiatins","TO","Tocantins","North","Tocantins"
170930,"Guaraí","Guarai","TO","Tocantins","North","Tocantins"
170950,"Gurupi","Gurupi","TO","Tocantins","North","Tocantins"
170980,"Ipueiras","Ipueiras","TO","Tocantins","North","Tocantins"
171050,"Itacajá","Itacaja","TO","Tocantins","North","Tocantins"
171070,"Itaguatins","Itaguatins","TO","Tocantins","North","Tocantins"
171090,"Itapiratins","Itapiratins","TO","Tocantins","North","Tocantins"
171110,"Itaporã do Tocantins","Itapora do Tocantins","TO","Tocantins","North","Tocantins"
171150,"Jaú do Tocantins","Jau do Tocantins","TO","Tocantins","North","Tocantins"
171180,"Juarina","Juarina","TO","Tocantins","North","Tocantins"
171190,"Lagoa da Confusão","Lagoa da Confusao","TO","Tocantins","North","Tocantins"
171195,"Lagoa do Tocantins","Lagoa do Tocantins","TO","Tocantins","North","Tocantins"
171200,"Lajeado","Lajeado","TO","Tocantins","North","Tocantins"
171215,"Lavandeira","Lavandeira","TO","Tocantins","North","Tocantins"
171240,"Lizarda","Lizarda","TO","Tocantins","North","Tocantins"
171245,"Luzinópolis","Luzinopolis","TO","Tocantins","North","Tocantins"
171250,"Marianópolis do Tocantins","Marianopolis do Tocantins","TO","Tocantins","North","Tocantins"
171270,"Mateiros","Mateiros","TO","Tocantins","North","Tocantins"
171280,"Maurilândia do Tocantins","Maurilandia do Tocantins","TO","Tocantins","North","Tocantins"
171320,"Miracema do Tocantins","Miracema do Tocantins","TO","Tocantins","North","Tocantins"
171330,"Miranorte","Miranorte","TO","Tocantins","North","Tocantins"
171360,"Monte do Carmo","Monte do Carmo","TO","Tocantins","North","Tocantins"
171370,"Monte Santo do Tocantins","Monte Santo do Tocantins","TO","Tocantins","North","Tocantins"
171380,"Palmeiras do Tocantins","Palmeiras do Tocantins","TO","Tocantins","North","Tocantins"
171395,"Muricilândia","Muricilandia","TO","Tocantins","North","Tocantins"
171420,"Natividade","Natividade","TO","Tocantins","North","Tocantins"
171430,"Nazaré","Nazare","TO","Tocantins","North","Tocantins"
171488,"Nova Olinda","Nova Olinda","TO","Tocantins","North","Tocantins"
171500,"Nova Rosalândia","Nova Rosalandia","TO","Tocantins","North","Tocantins"
171510,"Novo Acordo","Novo Acordo","TO","Tocantins","North","Tocantins"
171515,"Novo Alegre","Novo Alegre","TO","Tocantins","North","Tocantins"
171525,"Novo Jardim","Novo Jardim","TO","Tocantins","North","Tocantins"
171550,"Oliveira de Fátima","Oliveira de Fatima","TO","Tocantins","North","Tocantins"
171570,"Palmeirante","Palmeirante","TO","Tocantins","North","Tocantins"
171575,"Palmeirópolis","Palmeiropolis","TO","Tocantins","North","Tocantins"
171610,"Paraíso do Tocantins","Paraiso do Tocantins","TO","Tocantins","North","Tocantins"
171620,"Paranã","Parana","TO","Tocantins","North","Tocantins"
171630,"Pau D'Arco","Pau D'Arco","TO","Tocantins","North","Tocantins"
171650,"Pedro Afonso","Pedro Afonso","TO","Tocantins","North","Tocantins"
171660,"Peixe","Peixe","TO","Tocantins","North","Tocantins"
171665,"Pequizeiro","Pequizeiro","TO","Tocantins","North","Tocantins"
171670,"Colméia","Colmeia","TO","Tocantins","North","Tocantins"
171700,"Pindorama do Tocantins","Pindorama do Tocantins","TO","Tocantins","North","Tocantins"
171720,"Piraquê","Piraque","TO","Tocantins","North","Tocantins"
171750,"Pium","Pium","TO","Tocantins","North","Tocantins"
171780,"Ponte Alta do Bom Jesus","Ponte Alta do Bom Jesus","TO","Tocantins","North","Tocantins"
171790,"Ponte Alta do Tocantins","Ponte Alta do Tocantins","TO","Tocantins","North","Tocantins"
171800,"Porto Alegre do Tocantins","Porto Alegre do Tocantins","TO","Tocantins","North","Tocantins"
171820,"Porto Nacional","Porto Nacional","TO","Tocantins","North","Tocantins"
171830,"Praia Norte","Praia Norte","TO","Tocantins","North","Tocantins"
171840,"Presidente Kennedy","Presidente Kennedy","TO","Tocantins","North","Tocantins"
171845,"Pugmil","Pugmil","TO","Tocantins","North","Tocantins"
171850,"Recursolândia","Recursolandia","TO","Tocantins","North","Tocantins"
171855,"Riachinho","Riachinho","TO","Tocantins","North","Tocantins"
171865,"Rio da Conceição","Rio da Conceicao","TO","Tocantins","North","Tocantins"
171870,"Rio dos Bois","Rio dos Bois","TO","Tocantins","North","Tocantins"
171875,"Rio Sono","Rio Sono","TO","Tocantins","North","Tocantins"
171880,"Sampaio","Sampaio","TO","Tocantins","North","Tocantins"
171884,"Sandolândia","Sandolandia","TO","Tocantins","North","Tocantins"
171886,"Santa Fé do Araguaia","Santa Fe do Araguaia","TO","Tocantins","North","Tocantins"
171888,"Santa Maria do Tocantins","Santa Maria do Tocantins","TO","Tocantins","North","Tocantins"
171889,"Santa Rita do Tocantins","Santa Rita do Tocantins","TO","Tocantins","North","Tocantins"
171890,"Santa Rosa do Tocantins","Santa Rosa do Tocantins","TO","Tocantins","North","Tocantins"
171900,"Santa Tereza do Tocantins","Santa Tereza do Tocantins","TO","Tocantins","North","Tocantins"
172000,"Santa Terezinha do Tocantins","Santa Terezinha do Tocantins","TO","Tocantins","North","Tocantins"
172010,"São Bento do Tocantins","Sao Bento do Tocantins","TO","Tocantins","North","Tocantins"
172015,"São Félix do Tocantins","Sao Felix do Tocantins","TO","Tocantins","North","Tocantins"
172020,"São Miguel do Tocantins","Sao Miguel do Tocantins","TO","Tocantins","North","Tocantins"
172025,"São Salvador do Tocantins","Sao Salvador do Tocantins","TO","Tocantins","North","Tocantins"
172030,"São Sebastião do Tocantins","Sao Sebastiao do Tocantins","TO","Tocantins","North","Tocantins"
172049,"São Valério","Sao Valerio","TO","Tocantins","North","Tocantins"
172065,"Silvanópolis","Silvanopolis","TO","Tocantins","North","Tocantins"
172080,"Sítio Novo do Tocantins","Sitio Novo do Tocantins","TO","Tocantins","North","Tocantins"
172085,"Sucupira","Sucupira","TO","Tocantins","North","Tocantins"
172090,"Taguatinga","Taguatinga","TO","Tocantins","North","Tocantins"
172093,"Taipas do Tocantins","Taipas do Tocantins","TO","Tocantins","North","Tocantins"
172097,"Talismã","Talisma","TO","Tocantins","North","Tocantins"
172100,"Palmas","Palmas","TO","Tocantins","North","Tocantins"
172110,"Tocantínia","Tocantinia","TO","Tocantins","North","Tocantins"
172120,"Tocantinópolis","Tocantinopolis","TO","Tocantins","North","Tocantins"
172125,"Tupirama","Tupirama","TO","Tocantins","North","Tocantins"
172130,"Tupiratins","Tupiratins","TO","Tocantins","North","Tocantins"
172208,"Wanderlândia","Wanderlandia","TO","Tocantins","North","Tocantins"
172210,"Xambioá","Xambioa","TO","Tocantins","North","Tocantins"
210005,"Açailândia","Acailandia","MA","Maranhão","Northeast","Maranhao"
210010,"Afonso Cunha","Afonso Cunha","MA","Maranhão","Northeast","Maranhao"
210015,"Água Doce do Maranhão","Agua Doce do Maranhao","MA","Maranhão","Northeast","Maranhao"
210020,"Alcântara","Alcantara","MA","Maranhão","Northeast","Maranhao"
210030,"Aldeias Altas","Aldeias Altas","MA","Maranhão","Northeast","Maranhao"
210040,"Altamira do Maranhão","Altamira do Maranhao","MA","Maranhão","Northeast","Maranhao"
210043,"Alto Alegre do Maranhão","Alto Alegre do Maranhao","MA","Maranhão","Northeast","Maranhao"
210047,"Alto Alegre do Pindaré","Alto Alegre do Pindare","MA","Maranhão","Northeast","Maranhao"
210050,"Alto Parnaíba","Alto Parnaiba","MA","Maranhão","Northeast","Maranhao"
210055,"Amapá do Maranhão","Amapa do Maranhao","MA","Maranhão","Northeast","Maranhao"
210060,"Amarante do Maranhão","Amarante do Maranhao","MA","Maranhão","Northeast","Maranhao"
210070,"Anajatuba","Anajatuba","MA","Maranhão","Northeast","Maranhao"
210080,"Anapurus","Anapurus","MA","Maranhão","Northeast","Maranhao"
210083,"Apicum-Açu","Apicum-Acu","MA","Maranhão","Northeast","Maranhao"
210087,"Araguanã","Araguana","MA","Maranhão","Northeast","Maranhao"
210090,"Araioses","Araioses","MA","Maranhão","Northeast","Maranhao"
210095,"Arame","Arame","MA","Maranhão","Northeast","Maranhao"
210100,"Arari","Arari","MA","Maranhão","Northeast","Maranhao"
210110,"Axixá","Axixa","MA","Maranhão","Northeast","Maranhao"
210120,"Bacabal","Bacabal","MA","Maranhão","Northeast","Maranhao"
210125,"Bacabeira","Bacabeira","MA","Maranhão","Northeast","Maranhao"
210130,"Bacuri","Bacuri","MA","Maranhão","Northeast","Maranhao"
210135,"Bacurituba","Bacurituba","MA","Maranhão","Northeast","Maranhao"
210140,"Balsas","Balsas","MA","Maranhão","Northeast","Maranhao"
210150,"Barão de Grajaú","Barao de Grajau","MA","Maranhão","Northeast","Maranhao"
210160,"Barra do Corda","Barra do Corda","MA","Maranhão","Northeast","Maranhao"
210170,"Barreirinhas","Barreirinhas","MA","Maranhão","Northeast","Maranhao"
210173,"Belágua","Belagua","MA","Maranhão","Northeast","Maranhao"
210177,"Bela Vista do Maranhão","Bela Vista do Maranhao","MA","Maranhão","Northeast","Maranhao"
210180,"Benedito Leite","Benedito Leite","MA","Maranhão","Northeast","Maranhao"
210190,"Bequimão","Bequimao","MA","Maranhão","Northeast","Maranhao"
210193,"Bernardo do Mearim","Bernardo do Mearim","MA","Maranhão","Northeast","Maranhao"
210197,"Boa Vista do Gurupi","Boa Vista do Gurupi","MA","Maranhão","Northeast","Maranhao"
210200,"Bom Jardim","Bom Jardim","MA","Maranhão","Northeast","Maranhao"
210203,"Bom Jesus das Selvas","Bom Jesus das Selvas","MA","Maranhão","Northeast","Maranhao"
210207,"Bom Lugar","Bom Lugar","MA","Maranhão","Northeast","Maranhao"
210210,"Brejo","Brejo","MA","Maranhão","Northeast","Maranhao"
210215,"Brejo de Areia","Brejo de Areia","MA","Maranhão","Northeast","Maranhao"
210220,"Buriti","Buriti","MA","Maranhão","Northeast","Maranhao"
210230,"Buriti Bravo","Buriti Bravo","MA","Maranhão","Northeast","Maranhao"
210232,"Buriticupu","Buriticupu","MA","Maranhão","Northeast","Maranhao"
210235,"Buritirana","Buritirana","MA","Maranhão","Northeast","Maranhao"
210237,"Cachoeira Grande","Cachoeira Grande","MA","Maranhão","Northeast","Maranhao"
210240,"Cajapió","Cajapio","MA","Maranhão","Northeast","Maranhao"
210250,"Cajari","Cajari","MA","Maranhão","Northeast","Maranhao"
210255,"Campestre do Maranhão","Campestre do Maranhao","MA","Maranhão","Northeast","Maranhao"
210260,"Cândido Mendes","Candido Mendes","MA","Maranhão","Northeast","Maranhao"
210270,"Cantanhede","Cantanhede","MA","Maranhão","Northeast","Maranhao"
210275,"Capinzal do Norte","Capinzal do Norte","MA","Maranhão","Northeast","Maranhao"
210280,"Carolina","Carolina","MA","Maranhão","Northeast","Maranhao"
210290,"Carutapera","Carutapera","MA","Maranhão","Northeast","Maranhao"
210300,"Caxias","Caxias","MA","Maranhão","Northeast","Maranhao"
210310,"Cedral","Cedral","MA","Maranhão","Northeast","Maranhao"
210312,"Central do Maranhão","Central do Maranhao","MA","Maranhão","Northeast","Maranhao"
210315,"Centro do Guilherme","Centro do Guilherme","MA","Maranhão","Northeast","Maranhao"
210317,"Centro Novo do Maranhão","Centro Novo do Maranhao","MA","Maranhão","Northeast","Maranhao"
210320,"Chapadinha","Chapadinha","MA","Maranhão","Northeast","Maranhao"
210325,"Cidelândia","Cidelandia","MA","Maranhão","Northeast","Maranhao"
210330,"Codó","Codo","MA","Maranhão","Northeast","Maranhao"
210340,"Coelho Neto","Coelho Neto","MA","Maranhão","Northeast","Maranhao"
210350,"Colinas","Colinas","MA","Maranhão","Northeast","Maranhao"
210355,"Conceição do Lago-Açu","Conceicao do Lago-Acu","MA","Maranhão","Northeast","Maranhao"
210360,"Coroatá","Coroata","MA","Maranhão","Northeast","Maranhao"
210370,"Cururupu","Cururupu","MA","Maranhão","Northeast","Maranhao"
210375,"Davinópolis","Davinopolis","MA","Maranhão","Northeast","Maranhao"
210380,"Dom Pedro","Dom Pedro","MA","Maranhão","Northeast","Maranhao"
210390,"Duque Bacelar","Duque Bacelar","MA","Maranhão","Northeast","Maranhao"
210400,"Esperantinópolis","Esperantinopolis","MA","Maranhão","Northeast","Maranhao"
210405,"Estreito","Estreito","MA","Maranhão","Northeast","Maranhao"
210407,"Feira Nova do Maranhão","Feira Nova do Maranhao","MA","Maranhão","Northeast","Maranhao"
210408,"Fernando Falcão","Fernando Falcao","MA","Maranhão","Northeast","Maranhao"
210409,"Formosa da Serra Negra","Formosa da Serra Negra","MA","Maranhão","Northeast","Maranhao"
210410,"Fortaleza dos Nogueiras","Fortaleza dos Nogueiras","MA","Maranhão","Northeast","Maranhao"
210420,"Fortuna","Fortuna","MA","Maranhão","Northeast","Maranhao"
210430,"Godofredo Viana","Godofredo Viana","MA","Maranhão","Northeast","Maranhao"
210440,"Gonçalves Dias","Goncalves Dias","MA","Maranhão","Northeast","Maranhao"
210450,"Governador Archer","Governador Archer","MA","Maranhão","Northeast","Maranhao"
210455,"Governador Edison Lobão","Governador Edison Lobao","MA","Maranhão","Northeast","Maranhao"
210460,"Governador Eugênio Barros","Governador Eugenio Barros","MA","Maranhão","Northeast","Maranhao"
210462,"Governador Luiz Rocha","Governador Luiz Rocha","MA","Maranhão","Northeast","Maranhao"
210465,"Governador Newton Bello","Governador Newton Bello","MA","Maranhão","Northeast","Maranhao"
210467,"Governador Nunes Freire","Governador Nunes Freire","MA","Maranhão","Northeast","Maranhao"
210470,"Graça Aranha","Graca Aranha","MA","Maranhão","Northeast","Maranhao"
210480,"Grajaú","Grajau","MA","Maranhão","Northeast","Maranhao"
210490,"Guimarães","Guimaraes","MA","Maranhão","Northeast","Maranhao"
210500,"Humberto de Campos","Humberto de Campos","MA","Maranhão","Northeast","Maranhao"
210510,"Icatu","Icatu","MA","Maranhão","Northeast","Maranhao"
210515,"Igarapé do Meio","Igarape do Meio","MA","Maranhão","Northeast","Maranhao"
210520,"Igarapé Grande","Igarape Grande","MA","Maranhão","Northeast","Maranhao"
210530,"Imperatriz","Imperatriz","MA","Maranhão","Northeast","Maranhao"
210535,"Itaipava do Grajaú","Itaipava do Grajau","MA","Maranhão","Northeast","Maranhao"
210540,"Itapecuru Mirim","Itapecuru Mirim","MA","Maranhão","Northeast","Maranhao"
210542,"Itinga do Maranhão","Itinga do Maranhao","MA","Maranhão","Northeast","Maranhao"
210545,"Jatobá","Jatoba","MA","Maranhão","Northeast","Maranhao"
210547,"Jenipapo dos Vieiras","Jenipapo dos Vieiras","MA","Maranhão","Northeast","Maranhao"
210550,"João Lisboa","Joao Lisboa","MA","Maranhão","Northeast","Maranhao"
210560,"Joselândia","Joselandia","MA","Maranhão","Northeast","Maranhao"
210565,"Junco do Maranhão","Junco do Maranhao","MA","Maranhão","Northeast","Maranhao"
210570,"Lago da Pedra","Lago da Pedra","MA","Maranhão","Northeast","Maranhao"
210580,"Lago do Junco","Lago do Junco","MA","Maranhão","Northeast","Maranhao"
210590,"Lago Verde","Lago Verde","MA","Maranhão","Northeast","Maranhao"
210592,"Lagoa do Mato","Lagoa do Mato","MA","Maranhão","Northeast","Maranhao"
210594,"Lago dos Rodrigues","Lago dos Rodrigues","MA","Maranhão","Northeast","Maranhao"
210596,"Lagoa Grande do Maranhão","Lagoa Grande do Maranhao","MA","Maranhão","Northeast","Maranhao"
210598,"Lajeado Novo","Lajeado Novo","MA","Maranhão","Northeast","Maranhao"
210600,"Lima Campos","Lima Campos","MA","Maranhão","Northeast","Maranhao"
210610,"Loreto","Loreto","MA","Maranhão","Northeast","Maranhao"
210620,"Luís Domingues","Luis Domingues","MA","Maranhão","Northeast","Maranhao"
210630,"Magalhães de Almeida","Magalhaes de Almeida","MA","Maranhão","Northeast","Maranhao"
210632,"Maracaçumé","Maracacume","MA","Maranhão","Northeast","Maranhao"
210635,"Marajá do Sena","Maraja do Sena","MA","Maranhão","Northeast","Maranhao"
210637,"Maranhãozinho","Maranhaozinho","MA","Maranhão","Northeast","Maranhao"
210640,"Mata Roma","Mata Roma","MA","Maranhão","Northeast","Maranhao"
210650,"Matinha","Matinha","MA","Maranhão","Northeast","Maranhao"
210660,"Matões","Matoes","MA","Maranhão","Northeast","Maranhao"
210663,"Matões do Norte","Matoes do Norte","MA","Maranhão","Northeast","Maranhao"
210667,"Milagres do Maranhão","Milagres do Maranhao","MA","Maranhão","Northeast","Maranhao"
210670,"Mirador","Mirador","MA","Maranhão","Northeast","Maranhao"
210675,"Miranda do Norte","Miranda do Norte","MA","Maranhão","Northeast","Maranhao"
210680,"Mirinzal","Mirinzal","MA","Maranhão","Northeast","Maranhao"
210690,"Monção","Moncao","MA","Maranhão","Northeast","Maranhao"
210700,"Montes Altos","Montes Altos","MA","Maranhão","Northeast","Maranhao"
210710,"Morros","Morros","MA","Maranhão","Northeast","Maranhao"
210720,"Nina Rodrigues","Nina Rodrigues","MA","Maranhão","Northeast","Maranhao"
210725,"Nova Colinas","Nova Colinas","MA","Maranhão","Northeast","Maranhao"
210730,"Nova Iorque","Nova Iorque","MA","Maranhão","Northeast","Maranhao"
210735,"Nova Olinda do Maranhão","Nova Olinda do Maranhao","MA","Maranhão","Northeast","Maranhao"
210740,"Olho d'Água das Cunhãs","Olho d'Agua das Cunhas","MA","Maranhão","Northeast","Maranhao"
210745,"Olinda Nova do Maranhão","Olinda Nova do Maranhao","MA","Maranhão","Northeast","Maranhao"
210750,"Paço do Lumiar","Paco do Lumiar","MA","Maranhão","Northeast","Maranhao"
210760,"Palmeirândia","Palmeirandia","MA","Maranhão","Northeast","Maranhao"
210770,"Paraibano","Paraibano","MA","Maranhão","Northeast","Maranhao"
210780,"Parnarama","Parnarama","MA","Maranhão","Northeast","Maranhao"
210790,"Passagem Franca","Passagem Franca","MA","Maranhão","Northeast","Maranhao"
210800,"Pastos Bons","Pastos Bons","MA","Maranhão","Northeast","Maranhao"
210805,"Paulino Neves","Paulino Neves","MA","Maranhão","Northeast","Maranhao"
210810,"Paulo Ramos","Paulo Ramos","MA","Maranhão","Northeast","Maranhao"
210820,"Pedreiras","Pedreiras","MA","Maranhão","Northeast","Maranhao"
210825,"Pedro do Rosário","Pedro do Rosario","MA","Maranhão","Northeast","Maranhao"
210830,"Penalva","Penalva","MA","Maranhão","Northeast","Maranhao"
210840,"Peri Mirim","Peri Mirim","MA","Maranhão","Northeast","Maranhao"
210845,"Peritoró","Peritoro","MA","Maranhão","Northeast","Maranhao"
210850,"Pindaré-Mirim","Pindare-Mirim","MA","Maranhão","Northeast","Maranhao"
210860,"Pinheiro","Pinheiro","MA","Maranhão","Northeast","Maranhao"
210870,"Pio XII","Pio XII","MA","Maranhão","Northeast","Maranhao"
210880,"Pirapemas","Pirapemas","MA","Maranhão","Northeast","Maranhao"
210890,"Poção de Pedras","Pocao de Pedras","MA","Maranhão","Northeast","Maranhao"
210900,"Porto Franco","Porto Franco","MA","Maranhão","Northeast","Maranhao"
210905,"Porto Rico do Maranhão","Porto Rico do Maranhao","MA","Maranhão","Northeast","Maranhao"
210910,"Presidente Dutra","Presidente Dutra","MA","Maranhão","Northeast","Maranhao"
210920,"Presidente Juscelino","Presidente Juscelino","MA","Maranhão","Northeast","Maranhao"
210923,"Presidente Médici","Presidente Medici","MA","Maranhão","Northeast","Maranhao"
210927,"Presidente Sarney","Presidente Sarney","MA","Maranhão","Northeast","Maranhao"
210930,"Presidente Vargas","Presidente Vargas","MA","Maranhão","Northeast","Maranhao"
210940,"Primeira Cruz","Primeira Cruz","MA","Maranhão","Northeast","Maranhao"
210945,"Raposa","Raposa","MA","Maranhão","Northeast","Maranhao"
210950,"Riachão","Riachao","MA","Maranhão","Northeast","Maranhao"
210955,"Ribamar Fiquene","Ribamar Fiquene","MA","Maranhão","Northeast","Maranhao"
210960,"Rosário","Rosario","MA","Maranhão","Northeast","Maranhao"
210970,"Sambaíba","Sambaiba","MA","Maranhão","Northeast","Maranhao"
210975,"Santa Filomena do Maranhão","Santa Filomena do Maranhao","MA","Maranhão","Northeast","Maranhao"
210980,"Santa Helena","Santa Helena","MA","Maranhão","Northeast","Maranhao"
210990,"Santa Inês","Santa Ines","MA","Maranhão","Northeast","Maranhao"
211000,"Santa Luzia","Santa Luzia","MA","Maranhão","Northeast","Maranhao"
211003,"Santa Luzia do Paruá","Santa Luzia do Parua","MA","Maranhão","Northeast","Maranhao"
211010,"Santa Quitéria do Maranhão","Santa Quiteria do Maranhao","MA","Maranhão","Northeast","Maranhao"
211020,"Santa Rita","Santa Rita","MA","Maranhão","Northeast","Maranhao"
211023,"Santana do Maranhão","Santana do Maranhao","MA","Maranhão","Northeast","Maranhao"
211027,"Santo Amaro do Maranhão","Santo Amaro do Maranhao","MA","Maranhão","Northeast","Maranhao"
211030,"Santo Antônio dos Lopes","Santo Antonio dos Lopes","MA","Maranhão","Northeast","Maranhao"
211040,"São Benedito do Rio Preto","Sao Benedito do Rio Preto","MA","Maranhão","Northeast","Maranhao"
211050,"São Bento","Sao Bento","MA","Maranhão","Northeast","Maranhao"
211060,"São Bernardo","Sao Bernardo","MA","Maranhão","Northeast","Maranhao"
211065,"São Domingos do Azeitão","Sao Domingos do Azeitao","MA","Maranhão","Northeast","Maranhao"
211070,"São Domingos do Maranhão","Sao Domingos do Maranhao","MA","Maranhão","Northeast","Maranhao"
211080,"São Félix de Balsas","Sao Felix de Balsas","MA","Maranhão","Northeast","Maranhao"
211085,"São Francisco do Brejão","Sao Francisco do Brejao","MA","Maranhão","Northeast","Maranhao"
211090,"São Francisco do Maranhão","Sao Francisco do Maranhao","MA","Maranhão","Northeast","Maranhao"
211100,"São João Batista","Sao Joao Batista","MA","Maranhão","Northeast","Maranhao"
211102,"São João do Carú","Sao Joao do Caru","MA","Maranhão","Northeast","Maranhao"
211105,"São João do Paraíso","Sao Joao do Paraiso","MA","Maranhão","Northeast","Maranhao"
211107,"São João do Soter","Sao Joao do Soter","MA","Maranhão","Northeast","Maranhao"
211110,"São João dos Patos","Sao Joao dos Patos","MA","Maranhão","Northeast","Maranhao"
211120,"São José de Ribamar","Sao Jose de Ribamar","MA","Maranhão","Northeast","Maranhao"
211125,"São José dos Basílios","Sao Jose dos Basilios","MA","Maranhão","Northeast","Maranhao"
211130,"São Luís","Sao Luis","MA","Maranhão","Northeast","Maranhao"
211140,"São Luís Gonzaga do Maranhão","Sao Luis Gonzaga do Maranhao","MA","Maranhão","Northeast","Maranhao"
211150,"São Mateus do Maranhão","Sao Mateus do Maranhao","MA","Maranhão","Northeast","Maranhao"
211153,"São Pedro da Água Branca","Sao Pedro da Agua Branca","MA","Maranhão","Northeast","Maranhao"
211157,"São Pedro dos Crentes","Sao Pedro dos Crentes","MA","Maranhão","Northeast","Maranhao"
211160,"São Raimundo das Mangabeiras","Sao Raimundo das Mangabeiras","MA","Maranhão","Northeast","Maranhao"
211163,"São Raimundo do Doca Bezerra","Sao Raimundo do Doca Bezerra","MA","Maranhão","Northeast","Maranhao"
211167,"São Roberto","Sao Roberto","MA","Maranhão","Northeast","Maranhao"
211170,"São Vicente Ferrer","Sao Vicente Ferrer","MA","Maranhão","Northeast","Maranhao"
211172,"Satubinha","Satubinha","MA","Maranhão","Northeast","Maranhao"
211174,"Senador Alexandre Costa","Senador Alexandre Costa","MA","Maranhão","Northeast","Maranhao"
211176,"Senador La Rocque","Senador La Rocque","MA","Maranhão","Northeast","Maranhao"
211178,"Serrano do Maranhão","Serrano do Maranhao","MA","Maranhão","Northeast","Maranhao"
211180,"Sítio Novo","Sitio Novo","MA","Maranhão","Northeast","Maranhao"
211190,"Sucupira do Norte","Sucupira do Norte","MA","Maranhão","Northeast","Maranhao"
211195,"Sucupira do Riachão","Sucupira do Riachao","MA","Maranhão","Northeast","Maranhao"
211200,"Tasso Fragoso","Tasso Fragoso","MA","Maranhão","Northeast","Maranhao"
211210,"Timbiras","Timbiras","MA","Maranhão","Northeast","Maranhao"
211220,"Timon","Timon","MA","Maranhão","Northeast","Maranhao"
211223,"Trizidela do Vale","Trizidela do Vale","MA","Maranhão","Northeast","Maranhao"
211227,"Tufilândia","Tufilandia","MA","Maranhão","Northeast","Maranhao"
211230,"Tuntum","Tuntum","MA","Maranhão","Northeast","Maranhao"
211240,"Turiaçu","Turiacu","MA","Maranhão","Northeast","Maranhao"
211245,"Turilândia","Turilandia","MA","Maranhão","Northeast","Maranhao"
211250,"Tutóia","Tutoia","MA","Maranhão","Northeast","Maranhao"
211260,"Urbano Santos","Urbano Santos","MA","Maranhão","Northeast","Maranhao"
211270,"Vargem Grande","Vargem Grande","MA","Maranhão","Northeast","Maranhao"
211280,"Viana","Viana","MA","Maranhão","Northeast","Maranhao"
211285,"Vila Nova dos Martírios","Vila Nova dos Martirios","MA","Maranhão","Northeast","Maranhao"
211290,"Vitória do Mearim","Vitoria do Mearim","MA","Maranhão","Northeast","Maranhao"
211300,"Vitorino Freire","Vitorino Freire","MA","Maranhão","Northeast","Maranhao"
211400,"Zé Doca","Ze Doca","MA","Maranhão","Northeast","Maranhao"
220005,"Acauã","Acaua","PI","Piauí","Northeast","Piaui"
220010,"Agricolândia","Agricolandia","PI","Piauí","Northeast","Piaui"
220020,"Água Branca","Agua Branca","PI","Piauí","Northeast","Piaui"
220025,"Alagoinha do Piauí","Alagoinha do Piaui","PI","Piauí","Northeast","Piaui"
220027,"Alegrete do Piauí","Alegrete do Piaui","PI","Piauí","Northeast","Piaui"
220030,"Alto Longá","Alto Longa","PI","Piauí","Northeast","Piaui"
220040,"Altos","Altos","PI","Piauí","Northeast","Piaui"
220045,"Alvorada do Gurguéia","Alvorada do Gurgueia","PI","Piauí","Northeast","Piaui"
220050,"Amarante","Amarante","PI","Piauí","Northeast","Piaui"
220060,"Angical do Piauí","Angical do Piaui","PI","Piauí","Northeast","Piaui"
220070,"Anísio de Abreu","Anisio de Abreu","PI","Piauí","Northeast","Piaui"
220080,"Antônio Almeida","Antonio Almeida","PI","Piauí","Northeast","Piaui"
220090,"Aroazes","Aroazes","PI","Piauí","Northeast","Piaui"
220095,"Aroeiras do Itaim","Aroeiras do Itaim","PI","Piauí","Northeast","Piaui"
220100,"Arraial","Arraial","PI","Piauí","Northeast","Piaui"
220105,"Assunção do Piauí","Assuncao do Piaui","PI","Piauí","Northeast","Piaui"
220110,"Avelino Lopes","Avelino Lopes","PI","Piauí","Northeast","Piaui"
220115,"Baixa Grande do Ribeiro","Baixa Grande do Ribeiro","PI","Piauí","Northeast","Piaui"
220117,"Barra D'Alcântara","Barra D'Alcantara","PI","Piauí","Northeast","Piaui"
220120,"Barras","Barras","PI","Piauí","Northeast","Piaui"
220130,"Barreiras do Piauí","Barreiras do Piaui","PI","Piauí","Northeast","Piaui"
220140,"Barro Duro","Barro Duro","PI","Piauí","Northeast","Piaui"
220150,"Batalha","Batalha","PI","Piauí","Northeast","Piaui"
220155,"Bela Vista do Piauí","Bela Vista do Piaui","PI","Piauí","Northeast","Piaui"
220157,"Belém do Piauí","Belem do Piaui","PI","Piauí","Northeast","Piaui"
220160,"Beneditinos","Beneditinos","PI","Piauí","Northeast","Piaui"
220170,"Bertolínia","Bertolinia","PI","Piauí","Northeast","Piaui"
220173,"Betânia do Piauí","Betania do Piaui","PI","Piauí","Northeast","Piaui"
220177,"Boa Hora","Boa Hora","PI","Piauí","Northeast","Piaui"
220180,"Bocaina","Bocaina","PI","Piauí","Northeast","Piaui"
220190,"Bom Jesus","Bom Jesus","PI","Piauí","Northeast","Piaui"
220191,"Bom Princípio do Piauí","Bom Principio do Piaui","PI","Piauí","Northeast","Piaui"
220192,"Bonfim do Piauí","Bonfim do Piaui","PI","Piauí","Northeast","Piaui"
220194,"Boqueirão do Piauí","Boqueirao do Piaui","PI","Piauí","Northeast","Piaui"
220196,"Brasileira","Brasileira","PI","Piauí","Northeast","Piaui"
220198,"Brejo do Piauí","Brejo do Piaui","PI","Piauí","Northeast","Piaui"
220200,"Buriti dos Lopes","Buriti dos Lopes","PI","Piauí","Northeast","Piaui"
220202,"Buriti dos Montes","Buriti dos Montes","PI","Piauí","Northeast","Piaui"
220205,"Cabeceiras do Piauí","Cabeceiras do Piaui","PI","Piauí","Northeast","Piaui"
220207,"Cajazeiras do Piauí","Cajazeiras do Piaui","PI","Piauí","Northeast","Piaui"
220208,"Cajueiro da Praia","Cajueiro da Praia","PI","Piauí","Northeast","Piaui"
220209,"Caldeirão Grande do Piauí","Caldeirao Grande do Piaui","PI","Piauí","Northeast","Piaui"
220210,"Campinas do Piauí","Campinas do Piaui","PI","Piauí","Northeast","Piaui"
220211,"Campo Alegre do Fidalgo","Campo Alegre do Fidalgo","PI","Piauí","Northeast","Piaui"
220213,"Campo Grande do Piauí","Campo Grande do Piaui","PI","Piauí","Northeast","Piaui"
220217,"Campo Largo do Piauí","Campo Largo do Piaui","PI","Piauí","Northeast","Piaui"
220220,"Campo Maior","Campo Maior","PI","Piauí","Northeast","Piaui"
220225,"Canavieira","Canavieira","PI","Piauí","Northeast","Piaui"
220230,"Canto do Buriti","Canto do Buriti","PI","Piauí","Northeast","Piaui"
220240,"Capitão de Campos","Capitao de Campos","PI","Piauí","Northeast","Piaui"
220245,"Capitão Gervásio Oliveira","Capitao Gervasio Oliveira","PI","Piauí","Northeast","Piaui"
220250,"Caracol","Caracol","PI","Piauí","Northeast","Piaui"
220253,"Caraúbas do Piauí","Caraubas do Piaui","PI","Piauí","Northeast","Piaui"
220255,"Caridade do Piauí","Caridade do Piaui","PI","Piauí","Northeast","Piaui"
220260,"Castelo do Piauí","Castelo do Piaui","PI","Piauí","Northeast","Piaui"
220265,"Caxingó","Caxingo","PI","Piauí","Northeast","Piaui"
220270,"Cocal","Cocal","PI","Piauí","Northeast","Piaui"
220271,"Cocal de Telha","Cocal de Telha","PI","Piauí","Northeast","Piaui"
220272,"Cocal dos Alves","Cocal dos Alves","PI","Piauí","Northeast","Piaui"
220273,"Coivaras","Coivaras","PI","Piauí","Northeast","Piaui"
220275,"Colônia do Gurguéia","Colonia do Gurgueia","PI","Piauí","Northeast","Piaui"
220277,"Colônia do Piauí","Colonia do Piaui","PI","Piauí","Northeast","Piaui"
220280,"Conceição do Canindé","Conceicao do Caninde","PI","Piauí","Northeast","Piaui"
220285,"Coronel José Dias","Coronel Jose Dias","PI","Piauí","Northeast","Piaui"
220290,"Corrente","Corrente","PI","Piauí","Northeast","Piaui"
220300,"Cristalândia do Piauí","Cristalandia do Piaui","PI","Piauí","Northeast","Piaui"
220310,"Cristino Castro","Cristino Castro","PI","Piauí","Northeast","Piaui"
220320,"Curimatá","Curimata","PI","Piauí","Northeast","Piaui"
220323,"Currais","Currais","PI","Piauí","Northeast","Piaui"
220325,"Curralinhos","Curralinhos","PI","Piauí","Northeast","Piaui"
220327,"Curral Novo do Piauí","Curral Novo do Piaui","PI","Piauí","Northeast","Piaui"
220330,"Demerval Lobão","Demerval Lobao","PI","Piauí","Northeast","Piaui"
220335,"Dirceu Arcoverde","Dirceu Arcoverde","PI","Piauí","Northeast","Piaui"
220340,"Dom Expedito Lopes","Dom Expedito Lopes","PI","Piauí","Northeast","Piaui"
220342,"Domingos Mourão","Domingos Mourao","PI","Piauí","Northeast","Piaui"
220345,"Dom Inocêncio","Dom Inocencio","PI","Piauí","Northeast","Piaui"
220350,"Elesbão Veloso","Elesbao Veloso","PI","Piauí","Northeast","Piaui"
220360,"Eliseu Martins","Eliseu Martins","PI","Piauí","Northeast","Piaui"
220370,"Esperantina","Esperantina","PI","Piauí","Northeast","Piaui"
220375,"Fartura do Piauí","Fartura do Piaui","PI","Piauí","Northeast","Piaui"
220380,"Flores do Piauí","Flores do Piaui","PI","Piauí","Northeast","Piaui"
220385,"Floresta do Piauí","Floresta do Piaui","PI","Piauí","Northeast","Piaui"
220390,"Floriano","Floriano","PI","Piauí","Northeast","Piaui"
220400,"Francinópolis","Francinopolis","PI","Piauí","Northeast","Piaui"
220410,"Francisco Ayres","Francisco Ayres","PI","Piauí","Northeast","Piaui"
220415,"Francisco Macedo","Francisco Macedo","PI","Piauí","Northeast","Piaui"
220420,"Francisco Santos","Francisco Santos","PI","Piauí","Northeast","Piaui"
220430,"Fronteiras","Fronteiras","PI","Piauí","Northeast","Piaui"
220435,"Geminiano","Geminiano","PI","Piauí","Northeast","Piaui"
220440,"Gilbués","Gilbues","PI","Piauí","Northeast","Piaui"
220450,"Guadalupe","Guadalupe","PI","Piauí","Northeast","Piaui"
220455,"Guaribas","Guaribas","PI","Piauí","Northeast","Piaui"
220460,"Hugo Napoleão","Hugo Napoleao","PI","Piauí","Northeast","Piaui"
220465,"Ilha Grande","Ilha Grande","PI","Piauí","Northeast","Piaui"
220470,"Inhuma","Inhuma","PI","Piauí","Northeast","Piaui"
220480,"Ipiranga do Piauí","Ipiranga do Piaui","PI","Piauí","Northeast","Piaui"
220490,"Isaías Coelho","Isaias Coelho","PI","Piauí","Northeast","Piaui"
220500,"Itainópolis","Itainopolis","PI","Piauí","Northeast","Piaui"
220510,"Itaueira","Itaueira","PI","Piauí","Northeast","Piaui"
220515,"Jacobina do Piauí","Jacobina do Piaui","PI","Piauí","Northeast","Piaui"
220520,"Jaicós","Jaicos","PI","Piauí","Northeast","Piaui"
220525,"Jardim do Mulato","Jardim do Mulato","PI","Piauí","Northeast","Piaui"
220527,"Jatobá do Piauí","Jatoba do Piaui","PI","Piauí","Northeast","Piaui"
220530,"Jerumenha","Jerumenha","PI","Piauí","Northeast","Piaui"
220535,"João Costa","Joao Costa","PI","Piauí","Northeast","Piaui"
220540,"Joaquim Pires","Joaquim Pires","PI","Piauí","Northeast","Piaui"
220545,"Joca Marques","Joca Marques","PI","Piauí","Northeast","Piaui"
220550,"José de Freitas","Jose de Freitas","PI","Piauí","Northeast","Piaui"
220551,"Juazeiro do Piauí","Juazeiro do Piaui","PI","Piauí","Northeast","Piaui"
220552,"Júlio Borges","Julio Borges","PI","Piauí","Northeast","Piaui"
220553,"Jurema","Jurema","PI","Piauí","Northeast","Piaui"
220554,"Lagoinha do Piauí","Lagoinha do Piaui","PI","Piauí","Northeast","Piaui"
220555,"Lagoa Alegre","Lagoa Alegre","PI","Piauí","Northeast","Piaui"
220556,"Lagoa do Barro do Piauí","Lagoa do Barro do Piaui","PI","Piauí","Northeast","Piaui"
220557,"Lagoa de São Francisco","Lagoa de Sao Francisco","PI","Piauí","Northeast","Piaui"
220558,"Lagoa do Piauí","Lagoa do Piaui","PI","Piauí","Northeast","Piaui"
220559,"Lagoa do Sítio","Lagoa do Sitio","PI","Piauí","Northeast","Piaui"
220560,"Landri Sales","Landri Sales","PI","Piauí","Northeast","Piaui"
220570,"Luís Correia","Luis Correia","PI","Piauí","Northeast","Piaui"
220580,"Luzilândia","Luzilandia","PI","Piauí","Northeast","Piaui"
220585,"Madeiro","Madeiro","PI","Piauí","Northeast","Piaui"
220590,"Manoel Emídio","Manoel Emidio","PI","Piauí","Northeast","Piaui"
220595,"Marcolândia","Marcolandia","PI","Piauí","Northeast","Piaui"
220600,"Marcos Parente","Marcos Parente","PI","Piauí","Northeast","Piaui"
220605,"Massapê do Piauí","Massape do Piaui","PI","Piauí","Northeast","Piaui"
220610,"Matias Olímpio","Matias Olimpio","PI","Piauí","Northeast","Piaui"
220620,"Miguel Alves","Miguel Alves","PI","Piauí","Northeast","Piaui"
220630,"Miguel Leão","Miguel Leao","PI","Piauí","Northeast","Piaui"
220635,"Milton Brandão","Milton Brandao","PI","Piauí","Northeast","Piaui"
220640,"Monsenhor Gil","Monsenhor Gil","PI","Piauí","Northeast","Piaui"
220650,"Monsenhor Hipólito","Monsenhor Hipolito","PI","Piauí","Northeast","Piaui"
220660,"Monte Alegre do Piauí","Monte Alegre do Piaui","PI","Piauí","Northeast","Piaui"
220665,"Morro Cabeça no Tempo","Morro Cabeca no Tempo","PI","Piauí","Northeast","Piaui"
220667,"Morro do Chapéu do Piauí","Morro do Chapeu do Piaui","PI","Piauí","Northeast","Piaui"
220669,"Murici dos Portelas","Murici dos Portelas","PI","Piauí","Northeast","Piaui"
220670,"Nazaré do Piauí","Nazare do Piaui","PI","Piauí","Northeast","Piaui"
220672,"Nazária","Nazaria","PI","Piauí","Northeast","Piaui"
220675,"Nossa Senhora de Nazaré","Nossa Senhora de Nazare","PI","Piauí","Northeast","Piaui"
220680,"Nossa Senhora dos Remédios","Nossa Senhora dos Remedios","PI","Piauí","Northeast","Piaui"
220690,"Novo Oriente do Piauí","Novo Oriente do Piaui","PI","Piauí","Northeast","Piaui"
220695,"Novo Santo Antônio","Novo Santo Antonio","PI","Piauí","Northeast","Piaui"
220700,"Oeiras","Oeiras","PI","Piauí","Northeast","Piaui"
220710,"Olho D'Água do Piauí","Olho D'Agua do Piaui","PI","Piauí","Northeast","Piaui"
220720,"Padre Marcos","Padre Marcos","PI","Piauí","Northeast","Piaui"
220730,"Paes Landim","Paes Landim","PI","Piauí","Northeast","Piaui"
220735,"Pajeú do Piauí","Pajeu do Piaui","PI","Piauí","Northeast","Piaui"
220740,"Palmeira do Piauí","Palmeira do Piaui","PI","Piauí","Northeast","Piaui"
220750,"Palmeirais","Palmeirais","PI","Piauí","Northeast","Piaui"
220755,"Paquetá","Paqueta","PI","Piauí","Northeast","Piaui"
220760,"Parnaguá","Parnagua","PI","Piauí","Northeast","Piaui"
220770,"Parnaíba","Parnaiba","PI","Piauí","Northeast","Piaui"
220775,"Passagem Franca do Piauí","Passagem Franca do Piaui","PI","Piauí","Northeast","Piaui"
220777,"Patos do Piauí","Patos do Piaui","PI","Piauí","Northeast","Piaui"
220779,"Pau D'Arco do Piauí","Pau D'Arco do Piaui","PI","Piauí","Northeast","Piaui"
220780,"Paulistana","Paulistana","PI","Piauí","Northeast","Piaui"
220785,"Pavussu","Pavussu","PI","Piauí","Northeast","Piaui"
220790,"Pedro II","Pedro II","PI","Piauí","Northeast","Piaui"
220793,"Pedro Laurentino","Pedro Laurentino","PI","Piauí","Northeast","Piaui"
220795,"Nova Santa Rita","Nova Santa Rita","PI","Piauí","Northeast","Piaui"
220800,"Picos","Picos","PI","Piauí","Northeast","Piaui"
220810,"Pimenteiras","Pimenteiras","PI","Piauí","Northeast","Piaui"
220820,"Pio IX","Pio IX","PI","Piauí","Northeast","Piaui"
220830,"Piracuruca","Piracuruca","PI","Piauí","Northeast","Piaui"
220840,"Piripiri","Piripiri","PI","Piauí","Northeast","Piaui"
220850,"Porto","Porto","PI","Piauí","Northeast","Piaui"
220855,"Porto Alegre do Piauí","Porto Alegre do Piaui","PI","Piauí","Northeast","Piaui"
220860,"Prata do Piauí","Prata do Piaui","PI","Piauí","Northeast","Piaui"
220865,"Queimada Nova","Queimada Nova","PI","Piauí","Northeast","Piaui"
220870,"Redenção do Gurguéia","Redencao do Gurgueia","PI","Piauí","Northeast","Piaui"
220880,"Regeneração","Regeneracao","PI","Piauí","Northeast","Piaui"
220885,"Riacho Frio","Riacho Frio","PI","Piauí","Northeast","Piaui"
220887,"Ribeira do Piauí","Ribeira do Piaui","PI","Piauí","Northeast","Piaui"
220890,"Ribeiro Gonçalves","Ribeiro Goncalves","PI","Piauí","Northeast","Piaui"
220900,"Rio Grande do Piauí","Rio Grande do Piaui","PI","Piauí","Northeast","Piaui"
220910,"Santa Cruz do Piauí","Santa Cruz do Piaui","PI","Piauí","Northeast","Piaui"
220915,"Santa Cruz dos Milagres","Santa Cruz dos Milagres","PI","Piauí","Northeast","Piaui"
220920,"Santa Filomena","Santa Filomena","PI","Piauí","Northeast","Piaui"
220930,"Santa Luz","Santa Luz","PI","Piauí","Northeast","Piaui"
220935,"Santana do Piauí","Santana do Piaui","PI","Piauí","Northeast","Piaui"
220937,"Santa Rosa do Piauí","Santa Rosa do Piaui","PI","Piauí","Northeast","Piaui"
220940,"Santo Antônio de Lisboa","Santo Antonio de Lisboa","PI","Piauí","Northeast","Piaui"
220945,"Santo Antônio dos Milagres","Santo Antonio dos Milagres","PI","Piauí","Northeast","Piaui"
220950,"Santo Inácio do Piauí","Santo Inacio do Piaui","PI","Piauí","Northeast","Piaui"
220955,"São Braz do Piauí","Sao Braz do Piaui","PI","Piauí","Northeast","Piaui"
220960,"São Félix do Piauí","Sao Felix do Piaui","PI","Piauí","Northeast","Piaui"
220965,"São Francisco de Assis do Piauí","Sao Francisco de Assis do Piaui","PI","Piauí","Northeast","Piaui"
220970,"São Francisco do Piauí","Sao Francisco do Piaui","PI","Piauí","Northeast","Piaui"
220975,"São Gonçalo do Gurguéia","Sao Goncalo do Gurgueia","PI","Piauí","Northeast","Piaui"
220980,"São Gonçalo do Piauí","Sao Goncalo do Piaui","PI","Piauí","Northeast","Piaui"
220985,"São João da Canabrava","Sao Joao da Canabrava","PI","Piauí","Northeast","Piaui"
220987,"São João da Fronteira","Sao Joao da Fronteira","PI","Piauí","Northeast","Piaui"
220990,"São João da Serra","Sao Joao da Serra","PI","Piauí","Northeast","Piaui"
220995,"São João da Varjota","Sao Joao da Varjota","PI","Piauí","Northeast","Piaui"
220997,"São João do Arraial","Sao Joao do Arraial","PI","Piauí","Northeast","Piaui"
221000,"São João do Piauí","Sao Joao do Piaui","PI","Piauí","Northeast","Piaui"
221005,"São José do Divino","Sao Jose do Divino","PI","Piauí","Northeast","Piaui"
221010,"São José do Peixe","Sao Jose do Peixe","PI","Piauí","Northeast","Piaui"
221020,"São José do Piauí","Sao Jose do Piaui","PI","Piauí","Northeast","Piaui"
221030,"São Julião","Sao Juliao","PI","Piauí","Northeast","Piaui"
221035,"São Lourenço do Piauí","Sao Lourenco do Piaui","PI","Piauí","Northeast","Piaui"
221037,"São Luis do Piauí","Sao Luis do Piaui","PI","Piauí","Northeast","Piaui"
221038,"São Miguel da Baixa Grande","Sao Miguel da Baixa Grande","PI","Piauí","Northeast","Piaui"
221039,"São Miguel do Fidalgo","Sao Miguel do Fidalgo","PI","Piauí","Northeast","Piaui"
221040,"São Miguel do Tapuio","Sao Miguel do Tapuio","PI","Piauí","Northeast","Piaui"
221050,"São Pedro do Piauí","Sao Pedro do Piaui","PI","Piauí","Northeast","Piaui"
221060,"São Raimundo Nonato","Sao Raimundo Nonato","PI","Piauí","Northeast","Piaui"
221062,"Sebastião Barros","Sebastiao Barros","PI","Piauí","Northeast","Piaui"
221063,"Sebastião Leal","Sebastiao Leal","PI","Piauí","Northeast","Piaui"
221065,"Sigefredo Pacheco","Sigefredo Pacheco","PI","Piauí","Northeast","Piaui"
221070,"Simões","Simoes","PI","Piauí","Northeast","Piaui"
221080,"Simplício Mendes","Simplicio Mendes","PI","Piauí","Northeast","Piaui"
221090,"Socorro do Piauí","Socorro do Piaui","PI","Piauí","Northeast","Piaui"
221093,"Sussuapara","Sussuapara","PI","Piauí","Northeast","Piaui"
221095,"Tamboril do Piauí","Tamboril do Piaui","PI","Piauí","Northeast","Piaui"
221097,"Tanque do Piauí","Tanque do Piaui","PI","Piauí","Northeast","Piaui"
221100,"Teresina","Teresina","PI","Piauí","Northeast","Piaui"
221110,"União","Uniao","PI","Piauí","Northeast","Piaui"
221120,"Uruçuí","Urucui","PI","Piauí","Northeast","Piaui"
221130,"Valença do Piauí","Valenca do Piaui","PI","Piauí","Northeast","Piaui"
221135,"Várzea Branca","Varzea Branca","PI","Piauí","Northeast","Piaui"
221140,"Várzea Grande","Varzea Grande","PI","Piauí","Northeast","Piaui"
221150,"Vera Mendes","Vera Mendes","PI","Piauí","Northeast","Piaui"
221160,"Vila Nova do Piauí","Vila Nova do Piaui","PI","Piauí","Northeast","Piaui"
221170,"Wall Ferraz","Wall Ferraz","PI","Piauí","Northeast","Piaui"
230010,"Abaiara","Abaiara","CE","Ceará","Northeast","Ceara"
230015,"Acarape","Acarape","CE","Ceará","Northeast","Ceara"
230020,"Acaraú","Acarau","CE","Ceará","Northeast","Ceara"
230030,"Acopiara","Acopiara","CE","Ceará","Northeast","Ceara"
230040,"Aiuaba","Aiuaba","CE","Ceará","Northeast","Ceara"
230050,"Alcântaras","Alcantaras","CE","Ceará","Northeast","Ceara"
230060,"Altaneira","Altaneira","CE","Ceará","Northeast","Ceara"
230070,"Alto Santo","Alto Santo","CE","Ceará","Northeast","Ceara"
230075,"Amontada","Amontada","CE","Ceará","Northeast","Ceara"
230080,"Antonina do Norte","Antonina do Norte","CE","Ceará","Northeast","Ceara"
230090,"Apuiarés","Apuiares","CE","Ceará","Northeast","Ceara"
230100,"Aquiraz","Aquiraz","CE","Ceará","Northeast","Ceara"
230110,"Aracati","Aracati","CE","Ceará","Northeast","Ceara"
230120,"Aracoiaba","Aracoiaba","CE","Ceará","Northeast","Ceara"
230125,"Ararendá","Ararenda","CE","Ceará","Northeast","Ceara"
230130,"Araripe","Araripe","CE","Ceará","Northeast","Ceara"
230140,"Aratuba","Aratuba","CE","Ceará","Northeast","Ceara"
230150,"Arneiroz","Arneiroz","CE","Ceará","Northeast","Ceara"
230160,"Assaré","Assare","CE","Ceará","Northeast","Ceara"
230170,"Aurora","Aurora","CE","Ceará","Northeast","Ceara"
230180,"Baixio","Baixio","CE","Ceará","Northeast","Ceara"
230185,"Banabuiú","Banabuiu","CE","Ceará","Northeast","Ceara"
230190,"Barbalha","Barbalha","CE","Ceará","Northeast","Ceara"
230195,"Barreira","Barreira","CE","Ceará","Northeast","Ceara"
230200,"Barro","Barro","CE","Ceará","Northeast","Ceara"
230205,"Barroquinha","Barroquinha","CE","Ceará","Northeast","Ceara"
230210,"Baturité","Baturite","CE","Ceará","Northeast","Ceara"
230220,"Beberibe","Beberibe","CE","Ceará","Northeast","Ceara"
230230,"Bela Cruz","Bela Cruz","CE","Ceará","Northeast","Ceara"
230240,"Boa Viagem","Boa Viagem","CE","Ceará","Northeast","Ceara"
230250,"Brejo Santo","Brejo Santo","CE","Ceará","Northeast","Ceara"
230260,"Camocim","Camocim","CE","Ceará","Northeast","Ceara"
230270,"Campos Sales","Campos Sales","CE","Ceará","Northeast","Ceara"
230280,"Canindé","Caninde","CE","Ceará","Northeast","Ceara"
230290,"Capistrano","Capistrano","CE","Ceará","Northeast","Ceara"
230300,"Caridade","Caridade","CE","Ceará","Northeast","Ceara"
230310,"Cariré","Carire","CE","Ceará","Northeast","Ceara"
230320,"Caririaçu","Caririacu","CE","Ceará","Northeast","Ceara"
230330,"Cariús","Carius","CE","Ceará","Northeast","Ceara"
230340,"Carnaubal","Carnaubal","CE","Ceará","Northeast","Ceara"
230350,"Cascavel","Cascavel","CE","Ceará","Northeast","Ceara"
230360,"Catarina","Catarina","CE","Ceará","Northeast","Ceara"
230365,"Catunda","Catunda","CE","Ceará","Northeast","Ceara"
230370,"Caucaia","Caucaia","CE","Ceará","Northeast","Ceara"
230380,"Cedro","Cedro","CE","Ceará","Northeast","Ceara"
230390,"Chaval","Chaval","CE","Ceará","Northeast","Ceara"
230393,"Choró","Choro","CE","Ceará","Northeast","Ceara"
230395,"Chorozinho","Chorozinho","CE","Ceará","Northeast","Ceara"
230400,"Coreaú","Coreau","CE","Ceará","Northeast","Ceara"
230410,"Crateús","Crateus","CE","Ceará","Northeast","Ceara"
230420,"Crato","Crato","CE","Ceará","Northeast","Ceara"
230423,"Croatá","Croata","CE","Ceará","Northeast","Ceara"
230425,"Cruz","Cruz","CE","Ceará","Northeast","Ceara"
230426,"Deputado Irapuan Pinheiro","Deputado Irapuan Pinheiro","CE","Ceará","Northeast","Ceara"
230427,"Ereré","Erere","CE","Ceará","Northeast","Ceara"
230428,"Eusébio","Eusebio","CE","Ceará","Northeast","Ceara"
230430,"Farias Brito","Farias Brito","CE","Ceará","Northeast","Ceara"
230435,"Forquilha","Forquilha","CE","Ceará","Northeast","Ceara"
230440,"Fortaleza","Fortaleza","CE","Ceará","Northeast","Ceara"
230445,"Fortim","Fortim","CE","Ceará","Northeast","Ceara"
230450,"Frecheirinha","Frecheirinha","CE","Ceará","Northeast","Ceara"
230460,"General Sampaio","General Sampaio","CE","Ceará","Northeast","Ceara"
230465,"Graça","Graca","CE","Ceará","Northeast","Ceara"
230470,"Granja","Granja","CE","Ceará","Northeast","Ceara"
230480,"Granjeiro","Granjeiro","CE","Ceará","Northeast","Ceara"
230490,"Groaíras","Groairas","CE","Ceará","Northeast","Ceara"
230495,"Guaiúba","Guaiuba","CE","Ceará","Northeast","Ceara"
230500,"Guaraciaba do Norte","Guaraciaba do Norte","CE","Ceará","Northeast","Ceara"
230510,"Guaramiranga","Guaramiranga","CE","Ceará","Northeast","Ceara"
230520,"Hidrolândia","Hidrolandia","CE","Ceará","Northeast","Ceara"
230523,"Horizonte","Horizonte","CE","Ceará","Northeast","Ceara"
230526,"Ibaretama","Ibaretama","CE","Ceará","Northeast","Ceara"
230530,"Ibiapina","Ibiapina","CE","Ceará","Northeast","Ceara"
230533,"Ibicuitinga","Ibicuitinga","CE","Ceará","Northeast","Ceara"
230535,"Icapuí","Icapui","CE","Ceará","Northeast","Ceara"
230540,"Icó","Ico","CE","Ceará","Northeast","Ceara"
230550,"Iguatu","Iguatu","CE","Ceará","Northeast","Ceara"
230560,"Independência","Independencia","CE","Ceará","Northeast","Ceara"
230565,"Ipaporanga","Ipaporanga","CE","Ceará","Northeast","Ceara"
230570,"Ipaumirim","Ipaumirim","CE","Ceará","Northeast","Ceara"
230580,"Ipu","Ipu","CE","Ceará","Northeast","Ceara"
230590,"Ipueiras","Ipueiras","CE","Ceará","Northeast","Ceara"
230600,"Iracema","Iracema","CE","Ceará","Northeast","Ceara"
230610,"Irauçuba","Iraucuba","CE","Ceará","Northeast","Ceara"
230620,"Itaiçaba","Itaicaba","CE","Ceará","Northeast","Ceara"
230625,"Itaitinga","Itaitinga","CE","Ceará","Northeast","Ceara"
230630,"Itapajé","Itapaje","CE","Ceará","Northeast","Ceara"
230640,"Itapipoca","Itapipoca","CE","Ceará","Northeast","Ceara"
230650,"Itapiúna","Itapiuna","CE","Ceará","Northeast","Ceara"
230655,"Itarema","Itarema","CE","Ceará","Northeast","Ceara"
230660,"Itatira","Itatira","CE","Ceará","Northeast","Ceara"
230670,"Jaguaretama","Jaguaretama","CE","Ceará","Northeast","Ceara"
230680,"Jaguaribara","Jaguaribara","CE","Ceará","Northeast","Ceara"
230690,"Jaguaribe","Jaguaribe","CE","Ceará","Northeast","Ceara"
230700,"Jaguaruana","Jaguaruana","CE","Ceará","Northeast","Ceara"
230710,"Jardim","Jardim","CE","Ceará","Northeast","Ceara"
230720,"Jati","Jati","CE","Ceará","Northeast","Ceara"
230725,"Jijoca de Jericoacoara","Jijoca de Jericoacoara","CE","Ceará","Northeast","Ceara"
230730,"Juazeiro do Norte","Juazeiro do Norte","CE","Ceará","Northeast","Ceara"
230740,"Jucás","Jucas","CE","Ceará","Northeast","Ceara"
230750,"Lavras da Mangabeira","Lavras da Mangabeira","CE","Ceará","Northeast","Ceara"
230760,"Limoeiro do Norte","Limoeiro do Norte","CE","Ceará","Northeast","Ceara"
230763,"Madalena","Madalena","CE","Ceará","Northeast","Ceara"
230765,"Maracanaú","Maracanau","CE","Ceará","Northeast","Ceara"
230770,"Maranguape","Maranguape","CE","Ceará","Northeast","Ceara"
230780,"Marco","Marco","CE","Ceará","Northeast","Ceara"
230790,"Martinópole","Martinopole","CE","Ceará","Northeast","Ceara"
230800,"Massapê","Massape","CE","Ceará","Northeast","Ceara"
230810,"Mauriti","Mauriti","CE","Ceará","Northeast","Ceara"
230820,"Meruoca","Meruoca","CE","Ceará","Northeast","Ceara"
230830,"Milagres","Milagres","CE","Ceará","Northeast","Ceara"
230835,"Milhã","Milha","CE","Ceará","Northeast","Ceara"
230837,"Miraíma","Miraima","CE","Ceará","Northeast","Ceara"
230840,"Missão Velha","Missao Velha","CE","Ceará","Northeast","Ceara"
230850,"Mombaça","Mombaca","CE","Ceará","Northeast","Ceara"
230860,"Monsenhor Tabosa","Monsenhor Tabosa","CE","Ceará","Northeast","Ceara"
230870,"Morada Nova","Morada Nova","CE","Ceará","Northeast","Ceara"
230880,"Moraújo","Moraujo","CE","Ceará","Northeast","Ceara"
230890,"Morrinhos","Morrinhos","CE","Ceará","Northeast","Ceara"
230900,"Mucambo","Mucambo","CE","Ceará","Northeast","Ceara"
230910,"Mulungu","Mulungu","CE","Ceará","Northeast","Ceara"
230920,"Nova Olinda","Nova Olinda","CE","Ceará","Northeast","Ceara"
230930,"Nova Russas","Nova Russas","CE","Ceará","Northeast","Ceara"
230940,"Novo Oriente","Novo Oriente","CE","Ceará","Northeast","Ceara"
230945,"Ocara","Ocara","CE","Ceará","Northeast","Ceara"
230950,"Orós","Oros","CE","Ceará","Northeast","Ceara"
230960,"Pacajus","Pacajus","CE","Ceará","Northeast","Ceara"
230970,"Pacatuba","Pacatuba","CE","Ceará","Northeast","Ceara"
230980,"Pacoti","Pacoti","CE","Ceará","Northeast","Ceara"
230990,"Pacujá","Pacuja","CE","Ceará","Northeast","Ceara"
231000,"Palhano","Palhano","CE","Ceará","Northeast","Ceara"
231010,"Palmácia","Palmacia","CE","Ceará","Northeast","Ceara"
231020,"Paracuru","Paracuru","CE","Ceará","Northeast","Ceara"
231025,"Paraipaba","Paraipaba","CE","Ceará","Northeast","Ceara"
231030,"Parambu","Parambu","CE","Ceará","Northeast","Ceara"
231040,"Paramoti","Paramoti","CE","Ceará","Northeast","Ceara"
231050,"Pedra Branca","Pedra Branca","CE","Ceará","Northeast","Ceara"
231060,"Penaforte","Penaforte","CE","Ceará","Northeast","Ceara"
231070,"Pentecoste","Pentecoste","CE","Ceará","Northeast","Ceara"
231080,"Pereiro","Pereiro","CE","Ceará","Northeast","Ceara"
231085,"Pindoretama","Pindoretama","CE","Ceará","Northeast","Ceara"
231090,"Piquet Carneiro","Piquet Carneiro","CE","Ceará","Northeast","Ceara"
231095,"Pires Ferreira","Pires Ferreira","CE","Ceará","Northeast","Ceara"
231100,"Poranga","Poranga","CE","Ceará","Northeast","Ceara"
231110,"Porteiras","Porteiras","CE","Ceará","Northeast","Ceara"
231120,"Potengi","Potengi","CE","Ceará","Northeast","Ceara"
231123,"Potiretama","Potiretama","CE","Ceará","Northeast","Ceara"
231126,"Quiterianópolis","Quiterianopolis","CE","Ceará","Northeast","Ceara"
231130,"Quixadá","Quixada","CE","Ceará","Northeast","Ceara"
231135,"Quixelô","Quixelo","CE","Ceará","Northeast","Ceara"
231140,"Quixeramobim","Quixeramobim","CE","Ceará","Northeast","Ceara"
231150,"Quixeré","Quixere","CE","Ceará","Northeast","Ceara"
231160,"Redenção","Redencao","CE","Ceará","Northeast","Ceara"
231170,"Reriutaba","Reriutaba","CE","Ceará","Northeast","Ceara"
231180,"Russas","Russas","CE","Ceará","Northeast","Ceara"
231190,"Saboeiro","Saboeiro","CE","Ceará","Northeast","Ceara"
231195,"Salitre","Salitre","CE","Ceará","Northeast","Ceara"
231200,"Santana do Acaraú","Santana do Acarau","CE","Ceará","Northeast","Ceara"
231210,"Santana do Cariri","Santana do Cariri","CE","Ceará","Northeast","Ceara"
231220,"Santa Quitéria","Santa Quiteria","CE","Ceará","Northeast","Ceara"
231230,"São Benedito","Sao Benedito","CE","Ceará","Northeast","Ceara"
231240,"São Gonçalo do Amarante","Sao Goncalo do Amarante","CE","Ceará","Northeast","Ceara"
231250,"São João do Jaguaribe","Sao Joao do Jaguaribe","CE","Ceará","Northeast","Ceara"
231260,"São Luís do Curu","Sao Luis do Curu","CE","Ceará","Northeast","Ceara"
231270,"Senador Pompeu","Senador Pompeu","CE","Ceará","Northeast","Ceara"
231280,"Senador Sá","Senador Sa","CE","Ceará","Northeast","Ceara"
231290,"Sobral","Sobral","CE","Ceará","Northeast","Ceara"
231300,"Solonópole","Solonopole","CE","Ceará","Northeast","Ceara"
231310,"Tabuleiro do Norte","Tabuleiro do Norte","CE","Ceará","Northeast","Ceara"
231320,"Tamboril","Tamboril","CE","Ceará","Northeast","Ceara"
231325,"Tarrafas","Tarrafas","CE","Ceará","Northeast","Ceara"
231330,"Tauá","Taua","CE","Ceará","Northeast","Ceara"
231335,"Tejuçuoca","Tejucuoca","CE","Ceará","Northeast","Ceara"
231340,"Tianguá","Tiangua","CE","Ceará","Northeast","Ceara"
231350,"Trairi","Trairi","CE","Ceará","Northeast","Ceara"
231355,"Tururu","Tururu","CE","Ceará","Northeast","Ceara"
231360,"Ubajara","Ubajara","CE","Ceará","Northeast","Ceara"
231370,"Umari","Umari","CE","Ceará","Northeast","Ceara"
231375,"Umirim","Umirim","CE","Ceará","Northeast","Ceara"
231380,"Uruburetama","Uruburetama","CE","Ceará","Northeast","Ceara"
231390,"Uruoca","Uruoca","CE","Ceará","Northeast","Ceara"
231395,"Varjota","Varjota","CE","Ceará","Northeast","Ceara"
231400,"Várzea Alegre","Varzea Alegre","CE","Ceará","Northeast","Ceara"
231410,"Viçosa do Ceará","Vicosa do Ceara","CE","Ceará","Northeast","Ceara"
240010,"Acari","Acari","RN","Rio Grande do Norte","Northeast","Rio Grande do Norte"
240020,"Açu","Acu","RN","Rio Grande do Norte","Northeast","Rio Grande do Norte"
240030,"Afonso Bezerra","Afonso Bezerra","RN","Rio Grande do Norte","Northeast","Rio Grande do Norte"
240040,"Água Nova","Agua Nova","RN","Rio Grande do Norte","Northeast","Rio Grande do Norte"
240050,"Alexandria","Alexandria","RN","Rio Grande do Norte","Northeast","Rio Grande do Norte"
240060,"Almino Afonso","Almino Afonso","RN","Rio Grande do Norte","Northeast","Rio Grande do Norte"
240070,"Alto do Rodrigues","Alto do Rodrigues","RN","Rio Grande do Norte","Northeast","Rio Grande do Norte"
240080,"Angicos","Angicos","RN","Rio Grande do Norte","Northeast","Rio Grande do Norte"
240090,"Antônio Martins","Antonio Martins","RN","Rio Grande do Norte","Northeast","Rio Grande do Norte"
240100,"Apodi","Apodi","RN","Rio Grande do Norte","Northeast","Rio Grande do Norte"
240110,"Areia Branca","Areia Branca","RN","Rio Grande do Norte","Northeast","Rio Grande do Norte"
240120,"Arês","Ares","RN","Rio Grande do Norte","Northeast","Rio Grande do Norte"
240130,"Campo Grande","Campo Grande","RN","Rio Grande do Norte","Northeast","Rio Grande do Norte"
240140,"Baía Formosa","Baia Formosa","RN","Rio Grande do Norte","Northeast","Rio Grande do Norte"
240145,"Baraúna","Barauna","RN","Rio Grande do Norte","Northeast","Rio Grande do Norte"
240150,"Barcelona","Barcelona","RN","Rio Grande do Norte","Northeast","Rio Grande do Norte"
240160,"Bento Fernandes","Bento Fernandes","RN","Rio Grande do Norte","Northeast","Rio Grande do Norte"
240165,"Bodó","Bodo","RN","Rio Grande do Norte","Northeast","Rio Grande do Norte"
240170,"Bom Jesus","Bom Jesus","RN","Rio Grande do Norte","Northeast","Rio Grande do Norte"
240180,"Brejinho","Brejinho","RN","Rio Grande do Norte","Northeast","Rio Grande do Norte"
240185,"Caiçara do Norte","Caicara do Norte","RN","Rio Grande do Norte","Northeast","Rio Grande do Norte"
240190,"Caiçara do Rio do Vento","Caicara do Rio do Vento","RN","Rio Grande do Norte","Northeast","Rio Grande do Norte"
240200,"Caicó","Caico","RN","Rio Grande do Norte","Northeast","Rio Grande do Norte"
240210,"Campo Redondo","Campo Redondo","RN","Rio Grande do Norte","Northeast","Rio Grande do Norte"
240220,"Canguaretama","Canguaretama","RN","Rio Grande do Norte","Northeast","Rio Grande do Norte"
240230,"Caraúbas","Caraubas","RN","Rio Grande do Norte","Northeast","Rio Grande do Norte"
240240,"Carnaúba dos Dantas","Carnauba dos Dantas","RN","Rio Grande do Norte","Northeast","Rio Grande do Norte"
240250,"Carnaubais","Carnaubais","RN","Rio Grande do Norte","Northeast","Rio Grande do Norte"
240260,"Ceará-Mirim","Ceara-Mirim","RN","Rio Grande do Norte","Northeast","Rio Grande do Norte"
240270,"Cerro Corá","Cerro Cora","RN","Rio Grande do Norte","Northeast","Rio Grande do Norte"
240280,"Coronel Ezequiel","Coronel Ezequiel","RN","Rio Grande do Norte","Northeast","Rio Grande do Norte"
240290,"Coronel João Pessoa","Coronel Joao Pessoa","RN","Rio Grande do Norte","Northeast","Rio Grande do Norte"
240300,"Cruzeta","Cruzeta","RN","Rio Grande do Norte","Northeast","Rio Grande do Norte"
240310,"Currais Novos","Currais Novos","RN","Rio Grande do Norte","Northeast","Rio Grande do Norte"
240320,"Doutor Severiano","Doutor Severiano","RN","Rio Grande do Norte","Northeast","Rio Grande do Norte"
240325,"Parnamirim","Parnamirim","RN","Rio Grande do Norte","Northeast","Rio Grande do Norte"
240330,"Encanto","Encanto","RN","Rio Grande do Norte","Northeast","Rio Grande do Norte"
240340,"Equador","Equador","RN","Rio Grande do Norte","Northeast","Rio Grande do Norte"
240350,"Espírito Santo","Espirito Santo","RN","Rio Grande do Norte","Northeast","Rio Grande do Norte"
240360,"Extremoz","Extremoz","RN","Rio Grande do Norte","Northeast","Rio Grande do Norte"
240370,"Felipe Guerra","Felipe Guerra","RN","Rio Grande do Norte","Northeast","Rio Grande do Norte"
240375,"Fernando Pedroza","Fernando Pedroza","RN","Rio Grande do Norte","Northeast","Rio Grande do Norte"
240380,"Florânia","Florania","RN","Rio Grande do Norte","Northeast","Rio Grande do Norte"
240390,"Francisco Dantas","Francisco Dantas","RN","Rio Grande do Norte","Northeast","Rio Grande do Norte"
240400,"Frutuoso Gomes","Frutuoso Gomes","RN","Rio Grande do Norte","Northeast","Rio Grande do Norte"
240410,"Galinhos","Galinhos","RN","Rio Grande do Norte","Northeast","Rio Grande do Norte"
240420,"Goianinha","Goianinha","RN","Rio Grande do Norte","Northeast","Rio Grande do Norte"
240430,"Governador Dix-Sept Rosado","Governador Dix-Sept Rosado","RN","Rio Grande do Norte","Northeast","Rio Grande do Norte"
240440,"Grossos","Grossos","RN","Rio Grande do Norte","Northeast","Rio Grande do Norte"
240450,"Guamaré","Guamare","RN","Rio Grande do Norte","Northeast","Rio Grande do Norte"
240460,"Ielmo Marinho","Ielmo Marinho","RN","Rio Grande do Norte","Northeast","Rio Grande do Norte"
240470,"Ipanguaçu","Ipanguacu","RN","Rio Grande do Norte","Northeast","Rio Grande do Norte"
240480,"Ipueira","Ipueira","RN","Rio Grande do Norte","Northeast","Rio Grande do Norte"
240485,"Itajá","Itaja","RN","Rio Grande do Norte","Northeast","Rio Grande do Norte"
240490,"Itaú","Itau","RN","Rio Grande do Norte","Northeast","Rio Grande do Norte"
240500,"Jaçanã","Jacana","RN","Rio Grande do Norte","Northeast","Rio Grande do Norte"
240510,"Jandaíra","Jandaira","RN","Rio Grande do Norte","Northeast","Rio Grande do Norte"
240520,"Janduís","Janduis","RN","Rio Grande do Norte","Northeast","Rio Grande do Norte"
240530,"Januário Cicco","Januario Cicco","RN","Rio Grande do Norte","Northeast","Rio Grande do Norte"
240540,"Japi","Japi","RN","Rio Grande do Norte","Northeast","Rio Grande do Norte"
240550,"Jardim de Angicos","Jardim de Angicos","RN","Rio Grande do Norte","Northeast","Rio Grande do Norte"
240560,"Jardim de Piranhas","Jardim de Piranhas","RN","Rio Grande do Norte","Northeast","Rio Grande do Norte"
240570,"Jardim do Seridó","Jardim do Serido","RN","Rio Grande do Norte","Northeast","Rio Grande do Norte"
240580,"João Câmara","Joao Camara","RN","Rio Grande do Norte","Northeast","Rio Grande do Norte"
240590,"João Dias","Joao Dias","RN","Rio Grande do Norte","Northeast","Rio Grande do Norte"
240600,"José da Penha","Jose da Penha","RN","Rio Grande do Norte","Northeast","Rio Grande do Norte"
240610,"Jucurutu","Jucurutu","RN","Rio Grande do Norte","Northeast","Rio Grande do Norte"
240615,"Jundiá","Jundia","RN","Rio Grande do Norte","Northeast","Rio Grande do Norte"
240620,"Lagoa d'Anta","Lagoa d'Anta","RN","Rio Grande do Norte","Northeast","Rio Grande do Norte"
240630,"Lagoa de Pedras","Lagoa de Pedras","RN","Rio Grande do Norte","Northeast","Rio Grande do Norte"
240640,"Lagoa de Velhos","Lagoa de Velhos","RN","Rio Grande do Norte","Northeast","Rio Grande do Norte"
240650,"Lagoa Nova","Lagoa Nova","RN","Rio Grande do Norte","Northeast","Rio Grande do Norte"
240660,"Lagoa Salgada","Lagoa Salgada","RN","Rio Grande do Norte","Northeast","Rio Grande do Norte"
240670,"Lajes","Lajes","RN","Rio Grande do Norte","Northeast","Rio Grande do Norte"
240680,"Lajes Pintadas","Lajes Pintadas","RN","Rio Grande do Norte","Northeast","Rio Grande do Norte"
240690,"Lucrécia","Lucrecia","RN","Rio Grande do Norte","Northeast","Rio Grande do Norte"
240700,"Luís Gomes","Luis Gomes","RN","Rio Grande do Norte","Northeast","Rio Grande do Norte"
240710,"Macaíba","Macaiba","RN","Rio Grande do Norte","Northeast","Rio Grande do Norte"
240720,"Macau","Macau","RN","Rio Grande do Norte","Northeast","Rio Grande do Norte"
240725,"Major Sales","Major Sales","RN","Rio Grande do Norte","Northeast","Rio Grande do Norte"
240730,"Marcelino Vieira","Marcelino Vieira","RN","Rio Grande do Norte","Northeast","Rio Grande do Norte"
240740,"Martins","Martins","RN","Rio Grande do Norte","Northeast","Rio Grande do Norte"
240750,"Maxaranguape","Maxaranguape","RN","Rio Grande do Norte","Northeast","Rio Grande do Norte"
240760,"Messias Targino","Messias Targino","RN","Rio Grande do Norte","Northeast","Rio Grande do Norte"
240770,"Montanhas","Montanhas","RN","Rio Grande do Norte","Northeast","Rio Grande do Norte"
240780,"Monte Alegre","Monte Alegre","RN","Rio Grande do Norte","Northeast","Rio Grande do Norte"
240790,"Monte das Gameleiras","Monte das Gameleiras","RN","Rio Grande do Norte","Northeast","Rio Grande do Norte"
240800,"Mossoró","Mossoro","RN","Rio Grande do Norte","Northeast","Rio Grande do Norte"
240810,"Natal","Natal","RN","Rio Grande do Norte","Northeast","Rio Grande do Norte"
240820,"Nísia Floresta","Nisia Floresta","RN","Rio Grande do Norte","Northeast","Rio Grande do Norte"
240830,"Nova Cruz","Nova Cruz","RN","Rio Grande do Norte","Northeast","Rio Grande do Norte"
240840,"Olho d'Água do Borges","Olho d'Agua do Borges","RN","Rio Grande do Norte","Northeast","Rio Grande do Norte"
240850,"Ouro Branco","Ouro Branco","RN","Rio Grande do Norte","Northeast","Rio Grande do Norte"
240860,"Paraná","Parana","RN","Rio Grande do Norte","Northeast","Rio Grande do Norte"
240870,"Paraú","Parau","RN","Rio Grande do Norte","Northeast","Rio Grande do Norte"
240880,"Parazinho","Parazinho","RN","Rio Grande do Norte","Northeast","Rio Grande do Norte"
240890,"Parelhas","Parelhas","RN","Rio Grande do Norte","Northeast","Rio Grande do Norte"
240895,"Rio do Fogo","Rio do Fogo","RN","Rio Grande do Norte","Northeast","Rio Grande do Norte"
240910,"Passa e Fica","Passa e Fica","RN","Rio Grande do Norte","Northeast","Rio Grande do Norte"
240920,"Passagem","Passagem","RN","Rio Grande do Norte","Northeast","Rio Grande do Norte"
240930,"Patu","Patu","RN","Rio Grande do Norte","Northeast","Rio Grande do Norte"
240933,"Santa Maria","Santa Maria","RN","Rio Grande do Norte","Northeast","Rio Grande do Norte"
240940,"Pau dos Ferros","Pau dos Ferros","RN","Rio Grande do Norte","Northeast","Rio Grande do Norte"
240950,"Pedra Grande","Pedra Grande","RN","Rio Grande do Norte","Northeast","Rio Grande do Norte"
240960,"Pedra Preta","Pedra Preta","RN","Rio Grande do Norte","Northeast","Rio Grande do Norte"
240970,"Pedro Avelino","Pedro Avelino","RN","Rio Grande do Norte","Northeast","Rio Grande do Norte"
240980,"Pedro Velho","Pedro Velho","RN","Rio Grande do Norte","Northeast","Rio Grande do Norte"
240990,"Pendências","Pendencias","RN","Rio Grande do Norte","Northeast","Rio Grande do Norte"
241000,"Pilões","Piloes","RN","Rio Grande do Norte","Northeast","Rio Grande do Norte"
241010,"Poço Branco","Poco Branco","RN","Rio Grande do Norte","Northeast","Rio Grande do Norte"
241020,"Portalegre","Portalegre","RN","Rio Grande do Norte","Northeast","Rio Grande do Norte"
241025,"Porto do Mangue","Porto do Mangue","RN","Rio Grande do Norte","Northeast","Rio Grande do Norte"
241030,"Serra Caiada","Serra Caiada","RN","Rio Grande do Norte","Northeast","Rio Grande do Norte"
241040,"Pureza","Pureza","RN","Rio Grande do Norte","Northeast","Rio Grande do Norte"
241050,"Rafael Fernandes","Rafael Fernandes","RN","Rio Grande do Norte","Northeast","Rio Grande do Norte"
241060,"Rafael Godeiro","Rafael Godeiro","RN","Rio Grande do Norte","Northeast","Rio Grande do Norte"
241070,"Riacho da Cruz","Riacho da Cruz","RN","Rio Grande do Norte","Northeast","Rio Grande do Norte"
241080,"Riacho de Santana","Riacho de Santana","RN","Rio Grande do Norte","Northeast","Rio Grande do Norte"
241090,"Riachuelo","Riachuelo","RN","Rio Grande do Norte","Northeast","Rio Grande do Norte"
241100,"Rodolfo Fernandes","Rodolfo Fernandes","RN","Rio Grande do Norte","Northeast","Rio Grande do Norte"
241105,"Tibau","Tibau","RN","Rio Grande do Norte","Northeast","Rio Grande do Norte"
241110,"Ruy Barbosa","Ruy Barbosa","RN","Rio Grande do Norte","Northeast","Rio Grande do Norte"
241120,"Santa Cruz","Santa Cruz","RN","Rio Grande do Norte","Northeast","Rio Grande do Norte"
241140,"Santana do Matos","Santana do Matos","RN","Rio Grande do Norte","Northeast","Rio Grande do Norte"
241142,"Santana do Seridó","Santana do Serido","RN","Rio Grande do Norte","Northeast","Rio Grande do Norte"
241150,"Santo Antônio","Santo Antonio","RN","Rio Grande do Norte","Northeast","Rio Grande do Norte"
241160,"São Bento do Norte","Sao Bento do Norte","RN","Rio Grande do Norte","Northeast","Rio Grande do Norte"
241170,"São Bento do Trairí","Sao Bento do Trairi","RN","Rio Grande do Norte","Northeast","Rio Grande do Norte"
241180,"São Fernando","Sao Fernando","RN","Rio Grande do Norte","Northeast","Rio Grande do Norte"
241190,"São Francisco do Oeste","Sao Francisco do Oeste","RN","Rio Grande do Norte","Northeast","Rio Grande do Norte"
241200,"São Gonçalo do Amarante","Sao Goncalo do Amarante","RN","Rio Grande do Norte","Northeast","Rio Grande do Norte"
241210,"São João do Sabugi","Sao Joao do Sabugi","RN","Rio Grande do Norte","Northeast","Rio Grande do Norte"
241220,"São José de Mipibu","Sao Jose de Mipibu","RN","Rio Grande do Norte","Northeast","Rio Grande do Norte"
241230,"São José do Campestre","Sao Jose do Campestre","RN","Rio Grande do Norte","Northeast","Rio Grande do Norte"
241240,"São José do Seridó","Sao Jose do Serido","RN","Rio Grande do Norte","Northeast","Rio Grande do Norte"
241250,"São Miguel","Sao Miguel","RN","Rio Grande do Norte","Northeast","Rio Grande do Norte"
241255,"São Miguel do Gostoso","Sao Miguel do Gostoso","RN","Rio Grande do Norte","Northeast","Rio Grande do Norte"
241260,"São Paulo do Potengi","Sao Paulo do Potengi","RN","Rio Grande do Norte","Northeast","Rio Grande do Norte"
241270,"São Pedro","Sao Pedro","RN","Rio Grande do Norte","Northeast","Rio Grande do Norte"
241280,"São Rafael","Sao Rafael","RN","Rio Grande do Norte","Northeast","Rio Grande do Norte"
241290,"São Tomé","Sao Tome","RN","Rio Grande do Norte","Northeast","Rio Grande do Norte"
241300,"São Vicente","Sao Vicente","RN","Rio Grande do Norte","Northeast","Rio Grande do Norte"
241310,"Senador Elói de Souza","Senador Eloi de Souza","RN","Rio Grande do Norte","Northeast","Rio Grande do Norte"
241320,"Senador Georgino Avelino","Senador Georgino Avelino","RN","Rio Grande do Norte","Northeast","Rio Grande do Norte"
241330,"Serra de São Bento","Serra de Sao Bento","RN","Rio Grande do Norte","Northeast","Rio Grande do Norte"
241335,"Serra do Mel","Serra do Mel","RN","Rio Grande do Norte","Northeast","Rio Grande do Norte"
241340,"Serra Negra do Norte","Serra Negra do Norte","RN","Rio Grande do Norte","Northeast","Rio Grande do Norte"
241350,"Serrinha","Serrinha","RN","Rio Grande do Norte","Northeast","Rio Grande do Norte"
241355,"Serrinha dos Pintos","Serrinha dos Pintos","RN","Rio Grande do Norte","Northeast","Rio Grande do Norte"
241360,"Severiano Melo","Severiano Melo","RN","Rio Grande do Norte","Northeast","Rio Grande do Norte"
241370,"Sítio Novo","Sitio Novo","RN","Rio Grande do Norte","Northeast","Rio Grande do Norte"
241380,"Taboleiro Grande","Taboleiro Grande","RN","Rio Grande do Norte","Northeast","Rio Grande do Norte"
241390,"Taipu","Taipu","RN","Rio Grande do Norte","Northeast","Rio Grande do Norte"
241400,"Tangará","Tangara","RN","Rio Grande do Norte","Northeast","Rio Grande do Norte"
241410,"Tenente Ananias","Tenente Ananias","RN","Rio Grande do Norte","Northeast","Rio Grande do Norte"
241415,"Tenente Laurentino Cruz","Tenente Laurentino Cruz","RN","Rio Grande do Norte","Northeast","Rio Grande do Norte"
241420,"Tibau do Sul","Tibau do Sul","RN","Rio Grande do Norte","Northeast","Rio Grande do Norte"
241430,"Timbaúba dos Batistas","Timbauba dos Batistas","RN","Rio Grande do Norte","Northeast","Rio Grande do Norte"
241440,"Touros","Touros","RN","Rio Grande do Norte","Northeast","Rio Grande do Norte"
241445,"Triunfo Potiguar","Triunfo Potiguar","RN","Rio Grande do Norte","Northeast","Rio Grande do Norte"
241450,"Umarizal","Umarizal","RN","Rio Grande do Norte","Northeast","Rio Grande do Norte"
241460,"Upanema","Upanema","RN","Rio Grande do Norte","Northeast","Rio Grande do Norte"
241470,"Várzea","Varzea","RN","Rio Grande do Norte","Northeast","Rio Grande do Norte"
241475,"Venha-Ver","Venha-Ver","RN","Rio Grande do Norte","Northeast","Rio Grande do Norte"
241480,"Vera Cruz","Vera Cruz","RN","Rio Grande do Norte","Northeast","Rio Grande do Norte"
241490,"Viçosa","Vicosa","RN","Rio Grande do Norte","Northeast","Rio Grande do Norte"
241500,"Vila Flor","Vila Flor","RN","Rio Grande do Norte","Northeast","Rio Grande do Norte"
250010,"Água Branca","Agua Branca","PB","Paraíba","Northeast","Paraiba"
250020,"Aguiar","Aguiar","PB","Paraíba","Northeast","Paraiba"
250030,"Alagoa Grande","Alagoa Grande","PB","Paraíba","Northeast","Paraiba"
250040,"Alagoa Nova","Alagoa Nova","PB","Paraíba","Northeast","Paraiba"
250050,"Alagoinha","Alagoinha","PB","Paraíba","Northeast","Paraiba"
250053,"Alcantil","Alcantil","PB","Paraíba","Northeast","Paraiba"
250057,"Algodão de Jandaíra","Algodao de Jandaira","PB","Paraíba","Northeast","Paraiba"
250060,"Alhandra","Alhandra","PB","Paraíba","Northeast","Paraiba"
250070,"São João do Rio do Peixe","Sao Joao do Rio do Peixe","PB","Paraíba","Northeast","Paraiba"
250073,"Amparo","Amparo","PB","Paraíba","Northeast","Paraiba"
250077,"Aparecida","Aparecida","PB","Paraíba","Northeast","Paraiba"
250080,"Araçagi","Aracagi","PB","Paraíba","Northeast","Paraiba"
250090,"Arara","Arara","PB","Paraíba","Northeast","Paraiba"
250100,"Araruna","Araruna","PB","Paraíba","Northeast","Paraiba"
250110,"Areia","Areia","PB","Paraíba","Northeast","Paraiba"
250115,"Areia de Baraúnas","Areia de Baraunas","PB","Paraíba","Northeast","Paraiba"
250120,"Areial","Areial","PB","Paraíba","Northeast","Paraiba"
250130,"Aroeiras","Aroeiras","PB","Paraíba","Northeast","Paraiba"
250135,"Assunção","Assuncao","PB","Paraíba","Northeast","Paraiba"
250140,"Baía da Traição","Baia da Traicao","PB","Paraíba","Northeast","Paraiba"
250150,"Bananeiras","Bananeiras","PB","Paraíba","Northeast","Paraiba"
250153,"Baraúna","Barauna","PB","Paraíba","Northeast","Paraiba"
250157,"Barra de Santana","Barra de Santana","PB","Paraíba","Northeast","Paraiba"
250160,"Barra de Santa Rosa","Barra de Santa Rosa","PB","Paraíba","Northeast","Paraiba"
250170,"Barra de São Miguel","Barra de Sao Miguel","PB","Paraíba","Northeast","Paraiba"
250180,"Bayeux","Bayeux","PB","Paraíba","Northeast","Paraiba"
250190,"Belém","Belem","PB","Paraíba","Northeast","Paraiba"
250200,"Belém do Brejo do Cruz","Belem do Brejo do Cruz","PB","Paraíba","Northeast","Paraiba"
250205,"Bernardino Batista","Bernardino Batista","PB","Paraíba","Northeast","Paraiba"
250210,"Boa Ventura","Boa Ventura","PB","Paraíba","Northeast","Paraiba"
250215,"Boa Vista","Boa Vista","PB","Paraíba","Northeast","Paraiba"
250220,"Bom Jesus","Bom Jesus","PB","Paraíba","Northeast","Paraiba"
250230,"Bom Sucesso","Bom Sucesso","PB","Paraíba","Northeast","Paraiba"
250240,"Bonito de Santa Fé","Bonito de Santa Fe","PB","Paraíba","Northeast","Paraiba"
250250,"Boqueirão","Boqueirao","PB","Paraíba","Northeast","Paraiba"
250260,"Igaracy","Igaracy","PB","Paraíba","Northeast","Paraiba"
250270,"Borborema","Borborema","PB","Paraíba","Northeast","Paraiba"
250280,"Brejo do Cruz","Brejo do Cruz","PB","Paraíba","Northeast","Paraiba"
250290,"Brejo dos Santos","Brejo dos Santos","PB","Paraíba","Northeast","Paraiba"
250300,"Caaporã","Caapora","PB","Paraíba","Northeast","Paraiba"
250310,"Cabaceiras","Cabaceiras","PB","Paraíba","Northeast","Paraiba"
250320,"Cabedelo","Cabedelo","PB","Paraíba","Northeast","Paraiba"
250330,"Cachoeira dos Índios","Cachoeira dos Indios","PB","Paraíba","Northeast","Paraiba"
250340,"Cacimba de Areia","Cacimba de Areia","PB","Paraíba","Northeast","Paraiba"
250350,"Cacimba de Dentro","Cacimba de Dentro","PB","Paraíba","Northeast","Paraiba"
250355,"Cacimbas","Cacimbas","PB","Paraíba","Northeast","Paraiba"
250360,"Caiçara","Caicara","PB","Paraíba","Northeast","Paraiba"
250370,"Cajazeiras","Cajazeiras","PB","Paraíba","Northeast","Paraiba"
250375,"Cajazeirinhas","Cajazeirinhas","PB","Paraíba","Northeast","Paraiba"
250380,"Caldas Brandão","Caldas Brandao","PB","Paraíba","Northeast","Paraiba"
250390,"Camalaú","Camalau","PB","Paraíba","Northeast","Paraiba"
250400,"Campina Grande","Campina Grande","PB","Paraíba","Northeast","Paraiba"
250403,"Capim","Capim","PB","Paraíba","Northeast","Paraiba"
250407,"Caraúbas","Caraubas","PB","Paraíba","Northeast","Paraiba"
250410,"Carrapateira","Carrapateira","PB","Paraíba","Northeast","Paraiba"
250415,"Casserengue","Casserengue","PB","Paraíba","Northeast","Paraiba"
250420,"Catingueira","Catingueira","PB","Paraíba","Northeast","Paraiba"
250430,"Catolé do Rocha","Catole do Rocha","PB","Paraíba","Northeast","Paraiba"
250435,"Caturité","Caturite","PB","Paraíba","Northeast","Paraiba"
250440,"Conceição","Conceicao","PB","Paraíba","Northeast","Paraiba"
250450,"Condado","Condado","PB","Paraíba","Northeast","Paraiba"
250460,"Conde","Conde","PB","Paraíba","Northeast","Paraiba"
250470,"Congo","Congo","PB","Paraíba","Northeast","Paraiba"
250480,"Coremas","Coremas","PB","Paraíba","Northeast","Paraiba"
250485,"Coxixola","Coxixola","PB","Paraíba","Northeast","Paraiba"
250490,"Cruz do Espírito Santo","Cruz do Espirito Santo","PB","Paraíba","Northeast","Paraiba"
250500,"Cubati","Cubati","PB","Paraíba","Northeast","Paraiba"
250510,"Cuité","Cuite","PB","Paraíba","Northeast","Paraiba"
250520,"Cuitegi","Cuitegi","PB","Paraíba","Northeast","Paraiba"
250523,"Cuité de Mamanguape","Cuite de Mamanguape","PB","Paraíba","Northeast","Paraiba"
250527,"Curral de Cima","Curral de Cima","PB","Paraíba","Northeast","Paraiba"
250530,"Curral Velho","Curral Velho","PB","Paraíba","Northeast","Paraiba"
250535,"Damião","Damiao","PB","Paraíba","Northeast","Paraiba"
250540,"Desterro","Desterro","PB","Paraíba","Northeast","Paraiba"
250550,"Vista Serrana","Vista Serrana","PB","Paraíba","Northeast","Paraiba"
250560,"Diamante","Diamante","PB","Paraíba","Northeast","Paraiba"
250570,"Dona Inês","Dona Ines","PB","Paraíba","Northeast","Paraiba"
250580,"Duas Estradas","Duas Estradas","PB","Paraíba","Northeast","Paraiba"
250590,"Emas","Emas","PB","Paraíba","Northeast","Paraiba"
250600,"Esperança","Esperanca","PB","Paraíba","Northeast","Paraiba"
250610,"Fagundes","Fagundes","PB","Paraíba","Northeast","Paraiba"
250620,"Frei Martinho","Frei Martinho","PB","Paraíba","Northeast","Paraiba"
250625,"Gado Bravo","Gado Bravo","PB","Paraíba","Northeast","Paraiba"
250630,"Guarabira","Guarabira","PB","Paraíba","Northeast","Paraiba"
250640,"Gurinhém","Gurinhem","PB","Paraíba","Northeast","Paraiba"
250650,"Gurjão","Gurjao","PB","Paraíba","Northeast","Paraiba"
250660,"Ibiara","Ibiara","PB","Paraíba","Northeast","Paraiba"
250670,"Imaculada","Imaculada","PB","Paraíba","Northeast","Paraiba"
250680,"Ingá","Inga","PB","Paraíba","Northeast","Paraiba"
250690,"Itabaiana","Itabaiana","PB","Paraíba","Northeast","Paraiba"
250700,"Itaporanga","Itaporanga","PB","Paraíba","Northeast","Paraiba"
250710,"Itapororoca","Itapororoca","PB","Paraíba","Northeast","Paraiba"
250720,"Itatuba","Itatuba","PB","Paraíba","Northeast","Paraiba"
250730,"Jacaraú","Jacarau","PB","Paraíba","Northeast","Paraiba"
250740,"Jericó","Jerico","PB","Paraíba","Northeast","Paraiba"
250750,"João Pessoa","Joao Pessoa","PB","Paraíba","Northeast","Paraiba"
250760,"Juarez Távora","Juarez Tavora","PB","Paraíba","Northeast","Paraiba"
250770,"Juazeirinho","Juazeirinho","PB","Paraíba","Northeast","Paraiba"
250780,"Junco do Seridó","Junco do Serido","PB","Paraíba","Northeast","Paraiba"
250790,"Juripiranga","Juripiranga","PB","Paraíba","Northeast","Paraiba"
250800,"Juru","Juru","PB","Paraíba","Northeast","Paraiba"
250810,"Lagoa","Lagoa","PB","Paraíba","Northeast","Paraiba"
250820,"Lagoa de Dentro","Lagoa de Dentro","PB","Paraíba","Northeast","Paraiba"
250830,"Lagoa Seca","Lagoa Seca","PB","Paraíba","Northeast","Paraiba"
250840,"Lastro","Lastro","PB","Paraíba","Northeast","Paraiba"
250850,"Livramento","Livramento","PB","Paraíba","Northeast","Paraiba"
250855,"Logradouro","Logradouro","PB","Paraíba","Northeast","Paraiba"
250860,"Lucena","Lucena","PB","Paraíba","Northeast","Paraiba"
250870,"Mãe d'Água","Mae d'Agua","PB","Paraíba","Northeast","Paraiba"
250880,"Malta","Malta","PB","Paraíba","Northeast","Paraiba"
250890,"Mamanguape","Mamanguape","PB","Paraíba","Northeast","Paraiba"
250900,"Manaíra","Manaira","PB","Paraíba","Northeast","Paraiba"
250905,"Marcação","Marcacao","PB","Paraíba","Northeast","Paraiba"
250910,"Mari","Mari","PB","Paraíba","Northeast","Paraiba"
250915,"Marizópolis","Marizopolis","PB","Paraíba","Northeast","Paraiba"
250920,"Massaranduba","Massaranduba","PB","Paraíba","Northeast","Paraiba"
250930,"Mataraca","Mataraca","PB","Paraíba","Northeast","Paraiba"
250933,"Matinhas","Matinhas","PB","Paraíba","Northeast","Paraiba"
250937,"Mato Grosso","Mato Grosso","PB","Paraíba","Northeast","Paraiba"
250939,"Maturéia","Matureia","PB","Paraíba","Northeast","Paraiba"
250940,"Mogeiro","Mogeiro","PB","Paraíba","Northeast","Paraiba"
250950,"Montadas","Montadas","PB","Paraíba","Northeast","Paraiba"
250960,"Monte Horebe","Monte Horebe","PB","Paraíba","Northeast","Paraiba"
250970,"Monteiro","Monteiro","PB","Paraíba","Northeast","Paraiba"
250980,"Mulungu","Mulungu","PB","Paraíba","Northeast","Paraiba"
250990,"Natuba","Natuba","PB","Paraíba","Northeast","Paraiba"
251000,"Nazarezinho","Nazarezinho","PB","Paraíba","Northeast","Paraiba"
251010,"Nova Floresta","Nova Floresta","PB","Paraíba","Northeast","Paraiba"
251020,"Nova Olinda","Nova Olinda","PB","Paraíba","Northeast","Paraiba"
251030,"Nova Palmeira","Nova Palmeira","PB","Paraíba","Northeast","Paraiba"
251040,"Olho d'Água","Olho d'Agua","PB","Paraíba","Northeast","Paraiba"
251050,"Olivedos","Olivedos","PB","Paraíba","Northeast","Paraiba"
251060,"Ouro Velho","Ouro Velho","PB","Paraíba","Northeast","Paraiba"
251065,"Parari","Parari","PB","Paraíba","Northeast","Paraiba"
251070,"Passagem","Passagem","PB","Paraíba","Northeast","Paraiba"
251080,"Patos","Patos","PB","Paraíba","Northeast","Paraiba"
251090,"Paulista","Paulista","PB","Paraíba","Northeast","Paraiba"
251100,"Pedra Branca","Pedra Branca","PB","Paraíba","Northeast","Paraiba"
251110,"Pedra Lavrada","Pedra Lavrada","PB","Paraíba","Northeast","Paraiba"
251120,"Pedras de Fogo","Pedras de Fogo","PB","Paraíba","Northeast","Paraiba"
251130,"Piancó","Pianco","PB","Paraíba","Northeast","Paraiba"
251140,"Picuí","Picui","PB","Paraíba","Northeast","Paraiba"
251150,"Pilar","Pilar","PB","Paraíba","Northeast","Paraiba"
251160,"Pilões","Piloes","PB","Paraíba","Northeast","Paraiba"
251170,"Pilõezinhos","Piloezinhos","PB","Paraíba","Northeast","Paraiba"
251180,"Pirpirituba","Pirpirituba","PB","Paraíba","Northeast","Paraiba"
251190,"Pitimbu","Pitimbu","PB","Paraíba","Northeast","Paraiba"
251200,"Pocinhos","Pocinhos","PB","Paraíba","Northeast","Paraiba"
251203,"Poço Dantas","Poco Dantas","PB","Paraíba","Northeast","Paraiba"
251207,"Poço de José de Moura","Poco de Jose de Moura","PB","Paraíba","Northeast","Paraiba"
251210,"Pombal","Pombal","PB","Paraíba","Northeast","Paraiba"
251220,"Prata","Prata","PB","Paraíba","Northeast","Paraiba"
251230,"Princesa Isabel","Princesa Isabel","PB","Paraíba","Northeast","Paraiba"
251240,"Puxinanã","Puxinana","PB","Paraíba","Northeast","Paraiba"
251250,"Queimadas","Queimadas","PB","Paraíba","Northeast","Paraiba"
251260,"Quixaba","Quixaba","PB","Paraíba","Northeast","Paraiba"
251270,"Remígio","Remigio","PB","Paraíba","Northeast","Paraiba"
251272,"Pedro Régis","Pedro Regis","PB","Paraíba","Northeast","Paraiba"
251274,"Riachão","Riachao","PB","Paraíba","Northeast","Paraiba"
251275,"Riachão do Bacamarte","Riachao do Bacamarte","PB","Paraíba","Northeast","Paraiba"
251276,"Riachão do Poço","Riachao do Poco","PB","Paraíba","Northeast","Paraiba"
251278,"Riacho de Santo Antônio","Riacho de Santo Antonio","PB","Paraíba","Northeast","Paraiba"
251280,"Riacho dos Cavalos","Riacho dos Cavalos","PB","Paraíba","Northeast","Paraiba"
251290,"Rio Tinto","Rio Tinto","PB","Paraíba","Northeast","Paraiba"
251300,"Salgadinho","Salgadinho","PB","Paraíba","Northeast","Paraiba"
251310,"Salgado de São Félix","Salgado de Sao Felix","PB","Paraíba","Northeast","Paraiba"
251315,"Santa Cecília","Santa Cecilia","PB","Paraíba","Northeast","Paraiba"
251320,"Santa Cruz","Santa Cruz","PB","Paraíba","Northeast","Paraiba"
251330,"Santa Helena","Santa Helena","PB","Paraíba","Northeast","Paraiba"
251335,"Santa Inês","Santa Ines","PB","Paraíba","Northeast","Paraiba"
251340,"Santa Luzia","Santa Luzia","PB","Paraíba","Northeast","Paraiba"
251350,"Santana de Mangueira","Santana de Mangueira","PB","Paraíba","Northeast","Paraiba"
251360,"Santana dos Garrotes","Santana dos Garrotes","PB","Paraíba","Northeast","Paraiba"
251365,"Joca Claudino","Joca Claudino","PB","Paraíba","Northeast","Paraiba"
251370,"Santa Rita","Santa Rita","PB","Paraíba","Northeast","Paraiba"
251380,"Santa Teresinha","Santa Teresinha","PB","Paraíba","Northeast","Paraiba"
251385,"Santo André","Santo Andre","PB","Paraíba","Northeast","Paraiba"
251390,"São Bento","Sao Bento","PB","Paraíba","Northeast","Paraiba"
251392,"São Bentinho","Sao Bentinho","PB","Paraíba","Northeast","Paraiba"
251394,"São Domingos do Cariri","Sao Domingos do Cariri","PB","Paraíba","Northeast","Paraiba"
251396,"São Domingos","Sao Domingos","PB","Paraíba","Northeast","Paraiba"
251398,"São Francisco","Sao Francisco","PB","Paraíba","Northeast","Paraiba"
251400,"São João do Cariri","Sao Joao do Cariri","PB","Paraíba","Northeast","Paraiba"
251410,"São João do Tigre","Sao Joao do Tigre","PB","Paraíba","Northeast","Paraiba"
251420,"São José da Lagoa Tapada","Sao Jose da Lagoa Tapada","PB","Paraíba","Northeast","Paraiba"
251430,"São José de Caiana","Sao Jose de Caiana","PB","Paraíba","Northeast","Paraiba"
251440,"São José de Espinharas","Sao Jose de Espinharas","PB","Paraíba","Northeast","Paraiba"
251445,"São José dos Ramos","Sao Jose dos Ramos","PB","Paraíba","Northeast","Paraiba"
251450,"São José de Piranhas","Sao Jose de Piranhas","PB","Paraíba","Northeast","Paraiba"
251455,"São José de Princesa","Sao Jose de Princesa","PB","Paraíba","Northeast","Paraiba"
251460,"São José do Bonfim","Sao Jose do Bonfim","PB","Paraíba","Northeast","Paraiba"
251465,"São José do Brejo do Cruz","Sao Jose do Brejo do Cruz","PB","Paraíba","Northeast","Paraiba"
251470,"São José do Sabugi","Sao Jose do Sabugi","PB","Paraíba","Northeast","Paraiba"
251480,"São José dos Cordeiros","Sao Jose dos Cordeiros","PB","Paraíba","Northeast","Paraiba"
251490,"São Mamede","Sao Mamede","PB","Paraíba","Northeast","Paraiba"
251500,"São Miguel de Taipu","Sao Miguel de Taipu","PB","Paraíba","Northeast","Paraiba"
251510,"São Sebastião de Lagoa de Roça","Sao Sebastiao de Lagoa de Roca","PB","Paraíba","Northeast","Paraiba"
251520,"São Sebastião do Umbuzeiro","Sao Sebastiao do Umbuzeiro","PB","Paraíba","Northeast","Paraiba"
251530,"Sapé","Sape","PB","Paraíba","Northeast","Paraiba"
251540,"São Vicente do Seridó","Sao Vicente do Serido","PB","Paraíba","Northeast","Paraiba"
251550,"Serra Branca","Serra Branca","PB","Paraíba","Northeast","Paraiba"
251560,"Serra da Raiz","Serra da Raiz","PB","Paraíba","Northeast","Paraiba"
251570,"Serra Grande","Serra Grande","PB","Paraíba","Northeast","Paraiba"
251580,"Serra Redonda","Serra Redonda","PB","Paraíba","Northeast","Paraiba"
251590,"Serraria","Serraria","PB","Paraíba","Northeast","Paraiba"
251593,"Sertãozinho","Sertaozinho","PB","Paraíba","Northeast","Paraiba"
251597,"Sobrado","Sobrado","PB","Paraíba","Northeast","Paraiba"
251600,"Solânea","Solanea","PB","Paraíba","Northeast","Paraiba"
251610,"Soledade","Soledade","PB","Paraíba","Northeast","Paraiba"
251615,"Sossêgo","Sossego","PB","Paraíba","Northeast","Paraiba"
251620,"Sousa","Sousa","PB","Paraíba","Northeast","Paraiba"
251630,"Sumé","Sume","PB","Paraíba","Northeast","Paraiba"
251640,"Tacima","Tacima","PB","Paraíba","Northeast","Paraiba"
251650,"Taperoá","Taperoa","PB","Paraíba","Northeast","Paraiba"
251660,"Tavares","Tavares","PB","Paraíba","Northeast","Paraiba"
251670,"Teixeira","Teixeira","PB","Paraíba","Northeast","Paraiba"
251675,"Tenório","Tenorio","PB","Paraíba","Northeast","Paraiba"
251680,"Triunfo","Triunfo","PB","Paraíba","Northeast","Paraiba"
251690,"Uiraúna","Uirauna","PB","Paraíba","Northeast","Paraiba"
251700,"Umbuzeiro","Umbuzeiro","PB","Paraíba","Northeast","Paraiba"
251710,"Várzea","Varzea","PB","Paraíba","Northeast","Paraiba"
251720,"Vieirópolis","Vieiropolis","PB","Paraíba","Northeast","Paraiba"
251740,"Zabelê","Zabele","PB","Paraíba","Northeast","Paraiba"
260005,"Abreu e Lima","Abreu e Lima","PE","Pernambuco","Northeast","Pernambuco"
260010,"Afogados da Ingazeira","Afogados da Ingazeira","PE","Pernambuco","Northeast","Pernambuco"
260020,"Afrânio","Afranio","PE","Pernambuco","Northeast","Pernambuco"
260030,"Agrestina","Agrestina","PE","Pernambuco","Northeast","Pernambuco"
260040,"Água Preta","Agua Preta","PE","Pernambuco","Northeast","Pernambuco"
260050,"Águas Belas","Aguas Belas","PE","Pernambuco","Northeast","Pernambuco"
260060,"Alagoinha","Alagoinha","PE","Pernambuco","Northeast","Pernambuco"
260070,"Aliança","Alianca","PE","Pernambuco","Northeast","Pernambuco"
260080,"Altinho","Altinho","PE","Pernambuco","Northeast","Pernambuco"
260090,"Amaraji","Amaraji","PE","Pernambuco","Northeast","Pernambuco"
260100,"Angelim","Angelim","PE","Pernambuco","Northeast","Pernambuco"
260105,"Araçoiaba","Aracoiaba","PE","Pernambuco","Northeast","Pernambuco"
260110,"Araripina","Araripina","PE","Pernambuco","Northeast","Pernambuco"
260120,"Arcoverde","Arcoverde","PE","Pernambuco","Northeast","Pernambuco"
260130,"Barra de Guabiraba","Barra de Guabiraba","PE","Pernambuco","Northeast","Pernambuco"
260140,"Barreiros","Barreiros","PE","Pernambuco","Northeast","Pernambuco"
260150,"Belém de Maria","Belem de Maria","PE","Pernambuco","Northeast","Pernambuco"
260160,"Belém do São Francisco","Belem do Sao Francisco","PE","Pernambuco","Northeast","Pernambuco"
260170,"Belo Jardim","Belo Jardim","PE","Pernambuco","Northeast","Pernambuco"
260180,"Betânia","Betania","PE","Pernambuco","Northeast","Pernambuco"
260190,"Bezerros","Bezerros","PE","Pernambuco","Northeast","Pernambuco"
260200,"Bodocó","Bodoco","PE","Pernambuco","Northeast","Pernambuco"
260210,"Bom Conselho","Bom Conselho","PE","Pernambuco","Northeast","Pernambuco"
260220,"Bom Jardim","Bom Jardim","PE","Pernambuco","Northeast","Pernambuco"
260230,"Bonito","Bonito","PE","Pernambuco","Northeast","Pernambuco"
260240,"Brejão","Brejao","PE","Pernambuco","Northeast","Pernambuco"
260250,"Brejinho","Brejinho","PE","Pernambuco","Northeast","Pernambuco"
260260,"Brejo da Madre de Deus","Brejo da Madre de Deus","PE","Pernambuco","Northeast","Pernambuco"
260270,"Buenos Aires","Buenos Aires","PE","Pernambuco","Northeast","Pernambuco"
260280,"Buíque","Buique","PE","Pernambuco","Northeast","Pernambuco"
260290,"Cabo de Santo Agostinho","Cabo de Santo Agostinho","PE","Pernambuco","Northeast","Pernambuco"
260300,"Cabrobó","Cabrobo","PE","Pernambuco","Northeast","Pernambuco"
260310,"Cachoeirinha","Cachoeirinha","PE","Pernambuco","Northeast","Pernambuco"
260320,"Caetés","Caetes","PE","Pernambuco","Northeast","Pernambuco"
260330,"Calçado","Calcado","PE","Pernambuco","Northeast","Pernambuco"
260340,"Calumbi","Calumbi","PE","Pernambuco","Northeast","Pernambuco"
260345,"Camaragibe","Camaragibe","PE","Pernambuco","Northeast","Pernambuco"
260350,"Camocim de São Félix","Camocim de Sao Felix","PE","Pernambuco","Northeast","Pernambuco"
260360,"Camutanga","Camutanga","PE","Pernambuco","Northeast","Pernambuco"
260370,"Canhotinho","Canhotinho","PE","Pernambuco","Northeast","Pernambuco"
260380,"Capoeiras","Capoeiras","PE","Pernambuco","Northeast","Pernambuco"
260390,"Carnaíba","Carnaiba","PE","Pernambuco","Northeast","Pernambuco"
260392,"Carnaubeira da Penha","Carnaubeira da Penha","PE","Pernambuco","Northeast","Pernambuco"
260400,"Carpina","Carpina","PE","Pernambuco","Northeast","Pernambuco"
260410,"Caruaru","Caruaru","PE","Pernambuco","Northeast","Pernambuco"
260415,"Casinhas","Casinhas","PE","Pernambuco","Northeast","Pernambuco"
260420,"Catende","Catende","PE","Pernambuco","Northeast","Pernambuco"
260430,"Cedro","Cedro","PE","Pernambuco","Northeast","Pernambuco"
260440,"Chã de Alegria","Cha de Alegria","PE","Pernambuco","Northeast","Pernambuco"
260450,"Chã Grande","Cha Grande","PE","Pernambuco","Northeast","Pernambuco"
260460,"Condado","Condado","PE","Pernambuco","Northeast","Pernambuco"
260470,"Correntes","Correntes","PE","Pernambuco","Northeast","Pernambuco"
260480,"Cortês","Cortes","PE","Pernambuco","Northeast","Pernambuco"
260490,"Cumaru","Cumaru","PE","Pernambuco","Northeast","Pernambuco"
260500,"Cupira","Cupira","PE","Pernambuco","Northeast","Pernambuco"
260510,"Custódia","Custodia","PE","Pernambuco","Northeast","Pernambuco"
260515,"Dormentes","Dormentes","PE","Pernambuco","Northeast","Pernambuco"
260520,"Escada","Escada","PE","Pernambuco","Northeast","Pernambuco"
260530,"Exu","Exu","PE","Pernambuco","Northeast","Pernambuco"
260540,"Feira Nova","Feira Nova","PE","Pernambuco","Northeast","Pernambuco"
260545,"Fernando de Noronha","Fernando de Noronha","PE","Pernambuco","Northeast","Pernambuco"
260550,"Ferreiros","Ferreiros","PE","Pernambuco","Northeast","Pernambuco"
260560,"Flores","Flores","PE","Pernambuco","Northeast","Pernambuco"
260570,"Floresta","Floresta","PE","Pernambuco","Northeast","Pernambuco"
260580,"Frei Miguelinho","Frei Miguelinho","PE","Pernambuco","Northeast","Pernambuco"
260590,"Gameleira","Gameleira","PE","Pernambuco","Northeast","Pernambuco"
260600,"Garanhuns","Garanhuns","PE","Pernambuco","Northeast","Pernambuco"
260610,"Glória do Goitá","Gloria do Goita","PE","Pernambuco","Northeast","Pernambuco"
260620,"Goiana","Goiana","PE","Pernambuco","Northeast","Pernambuco"
260630,"Granito","Granito","PE","Pernambuco","Northeast","Pernambuco"
260640,"Gravatá","Gravata","PE","Pernambuco","Northeast","Pernambuco"
260650,"Iati","Iati","PE","Pernambuco","Northeast","Pernambuco"
260660,"Ibimirim","Ibimirim","PE","Pernambuco","Northeast","Pernambuco"
260670,"Ibirajuba","Ibirajuba","PE","Pernambuco","Northeast","Pernambuco"
260680,"Igarassu","Igarassu","PE","Pernambuco","Northeast","Pernambuco"
260690,"Iguaracy","Iguaracy","PE","Pernambuco","Northeast","Pernambuco"
260700,"Inajá","Inaja","PE","Pernambuco","Northeast","Pernambuco"
260710,"Ingazeira","Ingazeira","PE","Pernambuco","Northeast","Pernambuco"
260720,"Ipojuca","Ipojuca","PE","Pernambuco","Northeast","Pernambuco"
260730,"Ipubi","Ipubi","PE","Pernambuco","Northeast","Pernambuco"
260740,"Itacuruba","Itacuruba","PE","Pernambuco","Northeast","Pernambuco"
260750,"Itaíba","Itaiba","PE","Pernambuco","Northeast","Pernambuco"
260760,"Ilha de Itamaracá","Ilha de Itamaraca","PE","Pernambuco","Northeast","Pernambuco"
260765,"Itambé","Itambe","PE","Pernambuco","Northeast","Pernambuco"
260770,"Itapetim","Itapetim","PE","Pernambuco","Northeast","Pernambuco"
260775,"Itapissuma","Itapissuma","PE","Pernambuco","Northeast","Pernambuco"
260780,"Itaquitinga","Itaquitinga","PE","Pernambuco","Northeast","Pernambuco"
260790,"Jaboatão dos Guararapes","Jaboatao dos Guararapes","PE","Pernambuco","Northeast","Pernambuco"
260795,"Jaqueira","Jaqueira","PE","Pernambuco","Northeast","Pernambuco"
260800,"Jataúba","Jatauba","PE","Pernambuco","Northeast","Pernambuco"
260805,"Jatobá","Jatoba","PE","Pernambuco","Northeast","Pernambuco"
260810,"João Alfredo","Joao Alfredo","PE","Pernambuco","Northeast","Pernambuco"
260820,"Joaquim Nabuco","Joaquim Nabuco","PE","Pernambuco","Northeast","Pernambuco"
260825,"Jucati","Jucati","PE","Pernambuco","Northeast","Pernambuco"
260830,"Jupi","Jupi","PE","Pernambuco","Northeast","Pernambuco"
260840,"Jurema","Jurema","PE","Pernambuco","Northeast","Pernambuco"
260845,"Lagoa do Carro","Lagoa do Carro","PE","Pernambuco","Northeast","Pernambuco"
260850,"Lagoa de Itaenga","Lagoa de Itaenga","PE","Pernambuco","Northeast","Pernambuco"
260860,"Lagoa do Ouro","Lagoa do Ouro","PE","Pernambuco","Northeast","Pernambuco"
260870,"Lagoa dos Gatos","Lagoa dos Gatos","PE","Pernambuco","Northeast","Pernambuco"
260875,"Lagoa Grande","Lagoa Grande","PE","Pernambuco","Northeast","Pernambuco"
260880,"Lajedo","Lajedo","PE","Pernambuco","Northeast","Pernambuco"
260890,"Limoeiro","Limoeiro","PE","Pernambuco","Northeast","Pernambuco"
260900,"Macaparana","Macaparana","PE","Pernambuco","Northeast","Pernambuco"
260910,"Machados","Machados","PE","Pernambuco","Northeast","Pernambuco"
260915,"Manari","Manari","PE","Pernambuco","Northeast","Pernambuco"
260920,"Maraial","Maraial","PE","Pernambuco","Northeast","Pernambuco"
260930,"Mirandiba","Mirandiba","PE","Pernambuco","Northeast","Pernambuco"
260940,"Moreno","Moreno","PE","Pernambuco","Northeast","Pernambuco"
260950,"Nazaré da Mata","Nazare da Mata","PE","Pernambuco","Northeast","Pernambuco"
260960,"Olinda","Olinda","PE","Pernambuco","Northeast","Pernambuco"
260970,"Orobó","Orobo","PE","Pernambuco","Northeast","Pernambuco"
260980,"Orocó","Oroco","PE","Pernambuco","Northeast","Pernambuco"
260990,"Ouricuri","Ouricuri","PE","Pernambuco","Northeast","Pernambuco"
261000,"Palmares","Palmares","PE","Pernambuco","Northeast","Pernambuco"
261010,"Palmeirina","Palmeirina","PE","Pernambuco","Northeast","Pernambuco"
261020,"Panelas","Panelas","PE","Pernambuco","Northeast","Pernambuco"
261030,"Paranatama","Paranatama","PE","Pernambuco","Northeast","Pernambuco"
261040,"Parnamirim","Parnamirim","PE","Pernambuco","Northeast","Pernambuco"
261050,"Passira","Passira","PE","Pernambuco","Northeast","Pernambuco"
261060,"Paudalho","Paudalho","PE","Pernambuco","Northeast","Pernambuco"
261070,"Paulista","Paulista","PE","Pernambuco","Northeast","Pernambuco"
261080,"Pedra","Pedra","PE","Pernambuco","Northeast","Pernambuco"
261090,"Pesqueira","Pesqueira","PE","Pernambuco","Northeast","Pernambuco"
261100,"Petrolândia","Petrolandia","PE","Pernambuco","Northeast","Pernambuco"
261110,"Petrolina","Petrolina","PE","Pernambuco","Northeast","Pernambuco"
261120,"Poção","Pocao","PE","Pernambuco","Northeast","Pernambuco"
261130,"Pombos","Pombos","PE","Pernambuco","Northeast","Pernambuco"
261140,"Primavera","Primavera","PE","Pernambuco","Northeast","Pernambuco"
261150,"Quipapá","Quipapa","PE","Pernambuco","Northeast","Pernambuco"
261153,"Quixaba","Quixaba","PE","Pernambuco","Northeast","Pernambuco"
261160,"Recife","Recife","PE","Pernambuco","Northeast","Pernambuco"
261170,"Riacho das Almas","Riacho das Almas","PE","Pernambuco","Northeast","Pernambuco"
261180,"Ribeirão","Ribeirao","PE","Pernambuco","Northeast","Pernambuco"
261190,"Rio Formoso","Rio Formoso","PE","Pernambuco","Northeast","Pernambuco"
261200,"Sairé","Saire","PE","Pernambuco","Northeast","Pernambuco"
261210,"Salgadinho","Salgadinho","PE","Pernambuco","Northeast","Pernambuco"
261220,"Salgueiro","Salgueiro","PE","Pernambuco","Northeast","Pernambuco"
261230,"Saloá","Saloa","PE","Pernambuco","Northeast","Pernambuco"
261240,"Sanharó","Sanharo","PE","Pernambuco","Northeast","Pernambuco"
261245,"Santa Cruz","Santa Cruz","PE","Pernambuco","Northeast","Pernambuco"
261247,"Santa Cruz da Baixa Verde","Santa Cruz da Baixa Verde","PE","Pernambuco","Northeast","Pernambuco"
261250,"Santa Cruz do Capibaribe","Santa Cruz do Capibaribe","PE","Pernambuco","Northeast","Pernambuco"
261255,"Santa Filomena","Santa Filomena","PE","Pernambuco","Northeast","Pernambuco"
261260,"Santa Maria da Boa Vista","Santa Maria da Boa Vista","PE","Pernambuco","Northeast","Pernambuco"
261270,"Santa Maria do Cambucá","Santa Maria do Cambuca","PE","Pernambuco","Northeast","Pernambuco"
261280,"Santa Terezinha","Santa Terezinha","PE","Pernambuco","Northeast","Pernambuco"
261290,"São Benedito do Sul","Sao Benedito do Sul","PE","Pernambuco","Northeast","Pernambuco"
261300,"São Bento do Una","Sao Bento do Una","PE","Pernambuco","Northeast","Pernambuco"
261310,"São Caitano","Sao Caitano","PE","Pernambuco","Northeast","Pernambuco"
261320,"São João","Sao Joao","PE","Pernambuco","Northeast","Pernambuco"
261330,"São Joaquim do Monte","Sao Joaquim do Monte","PE","Pernambuco","Northeast","Pernambuco"
261340,"São José da Coroa Grande","Sao Jose da Coroa Grande","PE","Pernambuco","Northeast","Pernambuco"
261350,"São José do Belmonte","Sao Jose do Belmonte","PE","Pernambuco","Northeast","Pernambuco"
261360,"São José do Egito","Sao Jose do Egito","PE","Pernambuco","Northeast","Pernambuco"
261370,"São Lourenço da Mata","Sao Lourenco da Mata","PE","Pernambuco","Northeast","Pernambuco"
261380,"São Vicente Férrer","Sao Vicente Ferrer","PE","Pernambuco","Northeast","Pernambuco"
261390,"Serra Talhada","Serra Talhada","PE","Pernambuco","Northeast","Pernambuco"
261400,"Serrita","Serrita","PE","Pernambuco","Northeast","Pernambuco"
261410,"Sertânia","Sertania","PE","Pernambuco","Northeast","Pernambuco"
261420,"Sirinhaém","Sirinhaem","PE","Pernambuco","Northeast","Pernambuco"
261430,"Moreilândia","Moreilandia","PE","Pernambuco","Northeast","Pernambuco"
261440,"Solidão","Solidao","PE","Pernambuco","Northeast","Pernambuco"
261450,"Surubim","Surubim","PE","Pernambuco","Northeast","Pernambuco"
261460,"Tabira","Tabira","PE","Pernambuco","Northeast","Pernambuco"
261470,"Tacaimbó","Tacaimbo","PE","Pernambuco","Northeast","Pernambuco"
261480,"Tacaratu","Tacaratu","PE","Pernambuco","Northeast","Pernambuco"
261485,"Tamandaré","Tamandare","PE","Pernambuco","Northeast","Pernambuco"
261500,"Taquaritinga do Norte","Taquaritinga do Norte","PE","Pernambuco","Northeast","Pernambuco"
261510,"Terezinha","Terezinha","PE","Pernambuco","Northeast","Pernambuco"
261520,"Terra Nova","Terra Nova","PE","Pernambuco","Northeast","Pernambuco"
261530,"Timbaúba","Timbauba","PE","Pernambuco","Northeast","Pernambuco"
261540,"Toritama","Toritama","PE","Pernambuco","Northeast","Pernambuco"
261550,"Tracunhaém","Tracunhaem","PE","Pernambuco","Northeast","Pernambuco"
261560,"Trindade","Trindade","PE","Pernambuco","Northeast","Pernambuco"
261570,"Triunfo","Triunfo","PE","Pernambuco","Northeast","Pernambuco"
261580,"Tupanatinga","Tupanatinga","PE","Pernambuco","Northeast","Pernambuco"
261590,"Tuparetama","Tuparetama","PE","Pernambuco","Northeast","Pernambuco"
261600,"Venturosa","Venturosa","PE","Pernambuco","Northeast","Pernambuco"
261610,"Verdejante","Verdejante","PE","Pernambuco","Northeast","Pernambuco"
261618,"Vertente do Lério","Vertente do Lerio","PE","Pernambuco","Northeast","Pernambuco"
261620,"Vertentes","Vertentes","PE","Pernambuco","Northeast","Pernambuco"
261630,"Vicência","Vicencia","PE","Pernambuco","Northeast","Pernambuco"
261640,"Vitória de Santo Antão","Vitoria de Santo Antao","PE","Pernambuco","Northeast","Pernambuco"
261650,"Xexéu","Xexeu","PE","Pernambuco","Northeast","Pernambuco"
270010,"Água Branca","Agua Branca","AL","Alagoas","Northeast","Alagoas"
270020,"Anadia","Anadia","AL","Alagoas","Northeast","Alagoas"
270030,"Arapiraca","Arapiraca","AL","Alagoas","Northeast","Alagoas"
270040,"Atalaia","Atalaia","AL","Alagoas","Northeast","Alagoas"
270050,"Barra de Santo Antônio","Barra de Santo Antonio","AL","Alagoas","Northeast","Alagoas"
270060,"Barra de São Miguel","Barra de Sao Miguel","AL","Alagoas","Northeast","Alagoas"
270070,"Batalha","Batalha","AL","Alagoas","Northeast","Alagoas"
270080,"Belém","Belem","AL","Alagoas","Northeast","Alagoas"
270090,"Belo Monte","Belo Monte","AL","Alagoas","Northeast","Alagoas"
270100,"Boca da Mata","Boca da Mata","AL","Alagoas","Northeast","Alagoas"
270110,"Branquinha","Branquinha","AL","Alagoas","Northeast","Alagoas"
270120,"Cacimbinhas","Cacimbinhas","AL","Alagoas","Northeast","Alagoas"
270130,"Cajueiro","Cajueiro","AL","Alagoas","Northeast","Alagoas"
270135,"Campestre","Campestre","AL","Alagoas","Northeast","Alagoas"
270140,"Campo Alegre","Campo Alegre","AL","Alagoas","Northeast","Alagoas"
270150,"Campo Grande","Campo Grande","AL","Alagoas","Northeast","Alagoas"
270160,"Canapi","Canapi","AL","Alagoas","Northeast","Alagoas"
270170,"Capela","Capela","AL","Alagoas","Northeast","Alagoas"
270180,"Carneiros","Carneiros","AL","Alagoas","Northeast","Alagoas"
270190,"Chã Preta","Cha Preta","AL","Alagoas","Northeast","Alagoas"
270200,"Coité do Nóia","Coite do Noia","AL","Alagoas","Northeast","Alagoas"
270210,"Colônia Leopoldina","Colonia Leopoldina","AL","Alagoas","Northeast","Alagoas"
270220,"Coqueiro Seco","Coqueiro Seco","AL","Alagoas","Northeast","Alagoas"
270230,"Coruripe","Coruripe","AL","Alagoas","Northeast","Alagoas"
270235,"Craíbas","Craibas","AL","Alagoas","Northeast","Alagoas"
270240,"Delmiro Gouveia","Delmiro Gouveia","AL","Alagoas","Northeast","Alagoas"
270250,"Dois Riachos","Dois Riachos","AL","Alagoas","Northeast","Alagoas"
270255,"Estrela de Alagoas","Estrela de Alagoas","AL","Alagoas","Northeast","Alagoas"
270260,"Feira Grande","Feira Grande","AL","Alagoas","Northeast","Alagoas"
270270,"Feliz Deserto","Feliz Deserto","AL","Alagoas","Northeast","Alagoas"
270280,"Flexeiras","Flexeiras","AL","Alagoas","Northeast","Alagoas"
270290,"Girau do Ponciano","Girau do Ponciano","AL","Alagoas","Northeast","Alagoas"
270300,"Ibateguara","Ibateguara","AL","Alagoas","Northeast","Alagoas"
270310,"Igaci","Igaci","AL","Alagoas","Northeast","Alagoas"
270320,"Igreja Nova","Igreja Nova","AL","Alagoas","Northeast","Alagoas"
270330,"Inhapi","Inhapi","AL","Alagoas","Northeast","Alagoas"
270340,"Jacaré dos Homens","Jacare dos Homens","AL","Alagoas","Northeast","Alagoas"
270350,"Jacuípe","Jacuipe","AL","Alagoas","Northeast","Alagoas"
270360,"Japaratinga","Japaratinga","AL","Alagoas","Northeast","Alagoas"
270370,"Jaramataia","Jaramataia","AL","Alagoas","Northeast","Alagoas"
270375,"Jequiá da Praia","Jequia da Praia","AL","Alagoas","Northeast","Alagoas"
270380,"Joaquim Gomes","Joaquim Gomes","AL","Alagoas","Northeast","Alagoas"
270390,"Jundiá","Jundia","AL","Alagoas","Northeast","Alagoas"
270400,"Junqueiro","Junqueiro","AL","Alagoas","Northeast","Alagoas"
270410,"Lagoa da Canoa","Lagoa da Canoa","AL","Alagoas","Northeast","Alagoas"
270420,"Limoeiro de Anadia","Limoeiro de Anadia","AL","Alagoas","Northeast","Alagoas"
270430,"Maceió","Maceio","AL","Alagoas","Northeast","Alagoas"
270440,"Major Isidoro","Major Isidoro","AL","Alagoas","Northeast","Alagoas"
270450,"Maragogi","Maragogi","AL","Alagoas","Northeast","Alagoas"
270460,"Maravilha","Maravilha","AL","Alagoas","Northeast","Alagoas"
270470,"Marechal Deodoro","Marechal Deodoro","AL","Alagoas","Northeast","Alagoas"
270480,"Maribondo","Maribondo","AL","Alagoas","Northeast","Alagoas"
270490,"Mar Vermelho","Mar Vermelho","AL","Alagoas","Northeast","Alagoas"
270500,"Mata Grande","Mata Grande","AL","Alagoas","Northeast","Alagoas"
270510,"Matriz de Camaragibe","Matriz de Camaragibe","AL","Alagoas","Northeast","Alagoas"
270520,"Messias","Messias","AL","Alagoas","Northeast","Alagoas"
270530,"Minador do Negrão","Minador do Negrao","AL","Alagoas","Northeast","Alagoas"
270540,"Monteirópolis","Monteiropolis","AL","Alagoas","Northeast","Alagoas"
270550,"Murici","Murici","AL","Alagoas","Northeast","Alagoas"
270560,"Novo Lino","Novo Lino","AL","Alagoas","Northeast","Alagoas"
270570,"Olho d'Água das Flores","Olho d'Agua das Flores","AL","Alagoas","Northeast","Alagoas"
270580,"Olho d'Água do Casado","Olho d'Agua do Casado","AL","Alagoas","Northeast","Alagoas"
270590,"Olho d'Água Grande","Olho d'Agua Grande","AL","Alagoas","Northeast","Alagoas"
270600,"Olivença","Olivenca","AL","Alagoas","Northeast","Alagoas"
270610,"Ouro Branco","Ouro Branco","AL","Alagoas","Northeast","Alagoas"
270620,"Palestina","Palestina","AL","Alagoas","Northeast","Alagoas"
270630,"Palmeira dos Índios","Palmeira dos Indios","AL","Alagoas","Northeast","Alagoas"
270640,"Pão de Açúcar","Pao de Acucar","AL","Alagoas","Northeast","Alagoas"
270642,"Pariconha","Pariconha","AL","Alagoas","Northeast","Alagoas"
270644,"Paripueira","Paripueira","AL","Alagoas","Northeast","Alagoas"
270650,"Passo de Camaragibe","Passo de Camaragibe","AL","Alagoas","Northeast","Alagoas"
270660,"Paulo Jacinto","Paulo Jacinto","AL","Alagoas","Northeast","Alagoas"
270670,"Penedo","Penedo","AL","Alagoas","Northeast","Alagoas"
270680,"Piaçabuçu","Piacabucu","AL","Alagoas","Northeast","Alagoas"
270690,"Pilar","Pilar","AL","Alagoas","Northeast","Alagoas"
270700,"Pindoba","Pindoba","AL","Alagoas","Northeast","Alagoas"
270710,"Piranhas","Piranhas","AL","Alagoas","Northeast","Alagoas"
270720,"Poço das Trincheiras","Poco das Trincheiras","AL","Alagoas","Northeast","Alagoas"
270730,"Porto Calvo","Porto Calvo","AL","Alagoas","Northeast","Alagoas"
270740,"Porto de Pedras","Porto de Pedras","AL","Alagoas","Northeast","Alagoas"
270750,"Porto Real do Colégio","Porto Real do Colegio","AL","Alagoas","Northeast","Alagoas"
270760,"Quebrangulo","Quebrangulo","AL","Alagoas","Northeast","Alagoas"
270770,"Rio Largo","Rio Largo","AL","Alagoas","Northeast","Alagoas"
270780,"Roteiro","Roteiro","AL","Alagoas","Northeast","Alagoas"
270790,"Santa Luzia do Norte","Santa Luzia do Norte","AL","Alagoas","Northeast","Alagoas"
270800,"Santana do Ipanema","Santana do Ipanema","AL","Alagoas","Northeast","Alagoas"
270810,"Santana do Mundaú","Santana do Mundau","AL","Alagoas","Northeast","Alagoas"
270820,"São Brás","Sao Bras","AL","Alagoas","Northeast","Alagoas"
270830,"São José da Laje","Sao Jose da Laje","AL","Alagoas","Northeast","Alagoas"
270840,"São José da Tapera","Sao Jose da Tapera","AL","Alagoas","Northeast","Alagoas"
270850,"São Luís do Quitunde","Sao Luis do Quitunde","AL","Alagoas","Northeast","Alagoas"
270860,"São Miguel dos Campos","Sao Miguel dos Campos","AL","Alagoas","Northeast","Alagoas"
270870,"São Miguel dos Milagres","Sao Miguel dos Milagres","AL","Alagoas","Northeast","Alagoas"
270880,"São Sebastião","Sao Sebastiao","AL","Alagoas","Northeast","Alagoas"
270890,"Satuba","Satuba","AL","Alagoas","Northeast","Alagoas"
270895,"Senador Rui Palmeira","Senador Rui Palmeira","AL","Alagoas","Northeast","Alagoas"
270900,"Tanque d'Arca","Tanque d'Arca","AL","Alagoas","Northeast","Alagoas"
270910,"Taquarana","Taquarana","AL","Alagoas","Northeast","Alagoas"
270915,"Teotônio Vilela","Teotonio Vilela","AL","Alagoas","Northeast","Alagoas"
270920,"Traipu","Traipu","AL","Alagoas","Northeast","Alagoas"
270930,"União dos Palmares","Uniao dos Palmares","AL","Alagoas","Northeast","Alagoas"
270940,"Viçosa","Vicosa","AL","Alagoas","Northeast","Alagoas"
280010,"Amparo do São Francisco","Amparo do Sao Francisco","SE","Sergipe","Northeast","Sergipe"
280020,"Aquidabã","Aquidaba","SE","Sergipe","Northeast","Sergipe"
280030,"Aracaju","Aracaju","SE","Sergipe","Northeast","Sergipe"
280040,"Arauá","Araua","SE","Sergipe","Northeast","Sergipe"
280050,"Areia Branca","Areia Branca","SE","Sergipe","Northeast","Sergipe"
280060,"Barra dos Coqueiros","Barra dos Coqueiros","SE","Sergipe","Northeast","Sergipe"
280067,"Boquim","Boquim","SE","Sergipe","Northeast","Sergipe"
280070,"Brejo Grande","Brejo Grande","SE","Sergipe","Northeast","Sergipe"
280100,"Campo do Brito","Campo do Brito","SE","Sergipe","Northeast","Sergipe"
280110,"Canhoba","Canhoba","SE","Sergipe","Northeast","Sergipe"
280120,"Canindé de São Francisco","Caninde de Sao Francisco","SE","Sergipe","Northeast","Sergipe"
280130,"Capela","Capela","SE","Sergipe","Northeast","Sergipe"
280140,"Carira","Carira","SE","Sergipe","Northeast","Sergipe"
280150,"Carmópolis","Carmopolis","SE","Sergipe","Northeast","Sergipe"
280160,"Cedro de São João","Cedro de Sao Joao","SE","Sergipe","Northeast","Sergipe"
280170,"Cristinápolis","Cristinapolis","SE","Sergipe","Northeast","Sergipe"
280190,"Cumbe","Cumbe","SE","Sergipe","Northeast","Sergipe"
280200,"Divina Pastora","Divina Pastora","SE","Sergipe","Northeast","Sergipe"
280210,"Estância","Estancia","SE","Sergipe","Northeast","Sergipe"
280220,"Feira Nova","Feira Nova","SE","Sergipe","Northeast","Sergipe"
280230,"Frei Paulo","Frei Paulo","SE","Sergipe","Northeast","Sergipe"
280240,"Gararu","Gararu","SE","Sergipe","Northeast","Sergipe"
280250,"General Maynard","General Maynard","SE","Sergipe","Northeast","Sergipe"
280260,"Gracho Cardoso","Gracho Cardoso","SE","Sergipe","Northeast","Sergipe"
280270,"Ilha das Flores","Ilha das Flores","SE","Sergipe","Northeast","Sergipe"
280280,"Indiaroba","Indiaroba","SE","Sergipe","Northeast","Sergipe"
280290,"Itabaiana","Itabaiana","SE","Sergipe","Northeast","Sergipe"
280300,"Itabaianinha","Itabaianinha","SE","Sergipe","Northeast","Sergipe"
280310,"Itabi","Itabi","SE","Sergipe","Northeast","Sergipe"
280320,"Itaporanga d'Ajuda","Itaporanga d'Ajuda","SE","Sergipe","Northeast","Sergipe"
280330,"Japaratuba","Japaratuba","SE","Sergipe","Northeast","Sergipe"
280340,"Japoatã","Japoata","SE","Sergipe","Northeast","Sergipe"
280350,"Lagarto","Lagarto","SE","Sergipe","Northeast","Sergipe"
280360,"Laranjeiras","Laranjeiras","SE","Sergipe","Northeast","Sergipe"
280370,"Macambira","Macambira","SE","Sergipe","Northeast","Sergipe"
280380,"Malhada dos Bois","Malhada dos Bois","SE","Sergipe","Northeast","Sergipe"
280390,"Malhador","Malhador","SE","Sergipe","Northeast","Sergipe"
280400,"Maruim","Maruim","SE","Sergipe","Northeast","Sergipe"
280410,"Moita Bonita","Moita Bonita","SE","Sergipe","Northeast","Sergipe"
280420,"Monte Alegre de Sergipe","Monte Alegre de Sergipe","SE","Sergipe","Northeast","Sergipe"
280430,"Muribeca","Muribeca","SE","Sergipe","Northeast","Sergipe"
280440,"Neópolis","Neopolis","SE","Sergipe","Northeast","Sergipe"
280445,"Nossa Senhora Aparecida","Nossa Senhora Aparecida","SE","Sergipe","Northeast","Sergipe"
280450,"Nossa Senhora da Glória","Nossa Senhora da Gloria","SE","Sergipe","Northeast","Sergipe"
280460,"Nossa Senhora das Dores","Nossa Senhora das Dores","SE","Sergipe","Northeast","Sergipe"
280470,"Nossa Senhora de Lourdes","Nossa Senhora de Lourdes","SE","Sergipe","Northeast","Sergipe"
280480,"Nossa Senhora do Socorro","Nossa Senhora do Socorro","SE","Sergipe","Northeast","Sergipe"
280490,"Pacatuba","Pacatuba","SE","Sergipe","Northeast","Sergipe"
280500,"Pedra Mole","Pedra Mole","SE","Sergipe","Northeast","Sergipe"
280510,"Pedrinhas","Pedrinhas","SE","Sergipe","Northeast","Sergipe"
280520,"Pinhão","Pinhao","SE","Sergipe","Northeast","Sergipe"
280530,"Pirambu","Pirambu","SE","Sergipe","Northeast","Sergipe"
280540,"Poço Redondo","Poco Redondo","SE","Sergipe","Northeast","Sergipe"
280550,"Poço Verde","Poco Verde","SE","Sergipe","Northeast","Sergipe"
280560,"Porto da Folha","Porto da Folha","SE","Sergipe","Northeast","Sergipe"
280570,"Propriá","Propria","SE","Sergipe","Northeast","Sergipe"
280580,"Riachão do Dantas","Riachao do Dantas","SE","Sergipe","Northeast","Sergipe"
280590,"Riachuelo","Riachuelo","SE","Sergipe","Northeast","Sergipe"
280600,"Ribeirópolis","Ribeiropolis","SE","Sergipe","Northeast","Sergipe"
280610,"Rosário do Catete","Rosario do Catete","SE","Sergipe","Northeast","Sergipe"
280620,"Salgado","Salgado","SE","Sergipe","Northeast","Sergipe"
280630,"Santa Luzia do Itanhy","Santa Luzia do Itanhy","SE","Sergipe","Northeast","Sergipe"
280640,"Santana do São Francisco","Santana do Sao Francisco","SE","Sergipe","Northeast","Sergipe"
280650,"Santa Rosa de Lima","Santa Rosa de Lima","SE","Sergipe","Northeast","Sergipe"
280660,"Santo Amaro das Brotas","Santo Amaro das Brotas","SE","Sergipe","Northeast","Sergipe"
280670,"São Cristóvão","Sao Cristovao","SE","Sergipe","Northeast","Sergipe"
280680,"São Domingos","Sao Domingos","SE","Sergipe","Northeast","Sergipe"
280690,"São Francisco","Sao Francisco","SE","Sergipe","Northeast","Sergipe"
280700,"São Miguel do Aleixo","Sao Miguel do Aleixo","SE","Sergipe","Northeast","Sergipe"
280710,"Simão Dias","Simao Dias","SE","Sergipe","Northeast","Sergipe"
280720,"Siriri","Siriri","SE","Sergipe","Northeast","Sergipe"
280730,"Telha","Telha","SE","Sergipe","Northeast","Sergipe"
280740,"Tobias Barreto","Tobias Barreto","SE","Sergipe","Northeast","Sergipe"
280750,"Tomar do Geru","Tomar do Geru","SE","Sergipe","Northeast","Sergipe"
280760,"Umbaúba","Umbauba","SE","Sergipe","Northeast","Sergipe"
290010,"Abaíra","Abaira","BA","Bahia","Northeast","Bahia"
290020,"Abaré","Abare","BA","Bahia","Northeast","Bahia"
290030,"Acajutiba","Acajutiba","BA","Bahia","Northeast","Bahia"
290035,"Adustina","Adustina","BA","Bahia","Northeast","Bahia"
290040,"Água Fria","Agua Fria","BA","Bahia","Northeast","Bahia"
290050,"Érico Cardoso","Erico Cardoso","BA","Bahia","Northeast","Bahia"
290060,"Aiquara","Aiquara","BA","Bahia","Northeast","Bahia"
290070,"Alagoinhas","Alagoinhas","BA","Bahia","Northeast","Bahia"
290080,"Alcobaça","Alcobaca","BA","Bahia","Northeast","Bahia"
290090,"Almadina","Almadina","BA","Bahia","Northeast","Bahia"
290100,"Amargosa","Amargosa","BA","Bahia","Northeast","Bahia"
290110,"Amélia Rodrigues","Amelia Rodrigues","BA","Bahia","Northeast","Bahia"
290115,"América Dourada","America Dourada","BA","Bahia","Northeast","Bahia"
290120,"Anagé","Anage","BA","Bahia","Northeast","Bahia"
290130,"Andaraí","Andarai","BA","Bahia","Northeast","Bahia"
290135,"Andorinha","Andorinha","BA","Bahia","Northeast","Bahia"
290140,"Angical","Angical","BA","Bahia","Northeast","Bahia"
290150,"Anguera","Anguera","BA","Bahia","Northeast","Bahia"
290160,"Antas","Antas","BA","Bahia","Northeast","Bahia"
290170,"Antônio Cardoso","Antonio Cardoso","BA","Bahia","Northeast","Bahia"
290180,"Antônio Gonçalves","Antonio Goncalves","BA","Bahia","Northeast","Bahia"
290190,"Aporá","Apora","BA","Bahia","Northeast","Bahia"
290195,"Apuarema","Apuarema","BA","Bahia","Northeast","Bahia"
290200,"Aracatu","Aracatu","BA","Bahia","Northeast","Bahia"
290205,"Araçás","Aracas","BA","Bahia","Northeast","Bahia"
290210,"Araci","Araci","BA","Bahia","Northeast","Bahia"
290220,"Aramari","Aramari","BA","Bahia","Northeast","Bahia"
290225,"Arataca","Arataca","BA","Bahia","Northeast","Bahia"
290230,"Aratuípe","Aratuipe","BA","Bahia","Northeast","Bahia"
290240,"Aurelino Leal","Aurelino Leal","BA","Bahia","Northeast","Bahia"
290250,"Baianópolis","Baianopolis","BA","Bahia","Northeast","Bahia"
290260,"Baixa Grande","Baixa Grande","BA","Bahia","Northeast","Bahia"
290265,"Banzaê","Banzae","BA","Bahia","Northeast","Bahia"
290270,"Barra","Barra","BA","Bahia","Northeast","Bahia"
290280,"Barra da Estiva","Barra da Estiva","BA","Bahia","Northeast","Bahia"
290290,"Barra do Choça","Barra do Choca","BA","Bahia","Northeast","Bahia"
290300,"Barra do Mendes","Barra do Mendes","BA","Bahia","Northeast","Bahia"
290310,"Barra do Rocha","Barra do Rocha","BA","Bahia","Northeast","Bahia"
290320,"Barreiras","Barreiras","BA","Bahia","Northeast","Bahia"
290323,"Barro Alto","Barro Alto","BA","Bahia","Northeast","Bahia"
290327,"Barrocas","Barrocas","BA","Bahia","Northeast","Bahia"
290330,"Barro Preto","Barro Preto","BA","Bahia","Northeast","Bahia"
290340,"Belmonte","Belmonte","BA","Bahia","Northeast","Bahia"
290350,"Belo Campo","Belo Campo","BA","Bahia","Northeast","Bahia"
290360,"Biritinga","Biritinga","BA","Bahia","Northeast","Bahia"
290370,"Boa Nova","Boa Nova","BA","Bahia","Northeast","Bahia"
290380,"Boa Vista do Tupim","Boa Vista do Tupim","BA","Bahia","Northeast","Bahia"
290390,"Bom Jesus da Lapa","Bom Jesus da Lapa","BA","Bahia","Northeast","Bahia"
290395,"Bom Jesus da Serra","Bom Jesus da Serra","BA","Bahia","Northeast","Bahia"
290400,"Boninal","Boninal","BA","Bahia","Northeast","Bahia"
290405,"Bonito","Bonito","BA","Bahia","Northeast","Bahia"
290410,"Boquira","Boquira","BA","Bahia","Northeast","Bahia"
290420,"Botuporã","Botupora","BA","Bahia","Northeast","Bahia"
290430,"Brejões","Brejoes","BA","Bahia","Northeast","Bahia"
290440,"Brejolândia","Brejolandia","BA","Bahia","Northeast","Bahia"
290450,"Brotas de Macaúbas","Brotas de Macaubas","BA","Bahia","Northeast","Bahia"
290460,"Brumado","Brumado","BA","Bahia","Northeast","Bahia"
290470,"Buerarema","Buerarema","BA","Bahia","Northeast","Bahia"
290475,"Buritirama","Buritirama","BA","Bahia","Northeast","Bahia"
290480,"Caatiba","Caatiba","BA","Bahia","Northeast","Bahia"
290485,"Cabaceiras do Paraguaçu","Cabaceiras do Paraguacu","BA","Bahia","Northeast","Bahia"
290490,"Cachoeira","Cachoeira","BA","Bahia","Northeast","Bahia"
290500,"Caculé","Cacule","BA","Bahia","Northeast","Bahia"
290510,"Caém","Caem","BA","Bahia","Northeast","Bahia"
290515,"Caetanos","Caetanos","BA","Bahia","Northeast","Bahia"
290520,"Caetité","Caetite","BA","Bahia","Northeast","Bahia"
290530,"Cafarnaum","Cafarnaum","BA","Bahia","Northeast","Bahia"
290540,"Cairu","Cairu","BA","Bahia","Northeast","Bahia"
290550,"Caldeirão Grande","Caldeirao Grande","BA","Bahia","Northeast","Bahia"
290560,"Camacan","Camacan","BA","Bahia","Northeast","Bahia"
290570,"Camaçari","Camacari","BA","Bahia","Northeast","Bahia"
290580,"Camamu","Camamu","BA","Bahia","Northeast","Bahia"
290590,"Campo Alegre de Lourdes","Campo Alegre de Lourdes","BA","Bahia","Northeast","Bahia"
290600,"Campo Formoso","Campo Formoso","BA","Bahia","Northeast","Bahia"
290610,"Canápolis","Canapolis","BA","Bahia","Northeast","Bahia"
290620,"Canarana","Canarana","BA","Bahia","Northeast","Bahia"
290630,"Canavieiras","Canavieiras","BA","Bahia","Northeast","Bahia"
290640,"Candeal","Candeal","BA","Bahia","Northeast","Bahia"
290650,"Candeias","Candeias","BA","Bahia","Northeast","Bahia"
290660,"Candiba","Candiba","BA","Bahia","Northeast","Bahia"
290670,"Cândido Sales","Candido Sales","BA","Bahia","Northeast","Bahia"
290680,"Cansanção","Cansancao","BA","Bahia","Northeast","Bahia"
290682,"Canudos","Canudos","BA","Bahia","Northeast","Bahia"
290685,"Capela do Alto Alegre","Capela do Alto Alegre","BA","Bahia","Northeast","Bahia"
290687,"Capim Grosso","Capim Grosso","BA","Bahia","Northeast","Bahia"
290689,"Caraíbas","Caraibas","BA","Bahia","Northeast","Bahia"
290690,"Caravelas","Caravelas","BA","Bahia","Northeast","Bahia"
290700,"Cardeal da Silva","Cardeal da Silva","BA","Bahia","Northeast","Bahia"
290710,"Carinhanha","Carinhanha","BA","Bahia","Northeast","Bahia"
290720,"Casa Nova","Casa Nova","BA","Bahia","Northeast","Bahia"
290730,"Castro Alves","Castro Alves","BA","Bahia","Northeast","Bahia"
290740,"Catolândia","Catolandia","BA","Bahia","Northeast","Bahia"
290750,"Catu","Catu","BA","Bahia","Northeast","Bahia"
290755,"Caturama","Caturama","BA","Bahia","Northeast","Bahia"
290760,"Central","Central","BA","Bahia","Northeast","Bahia"
290770,"Chorrochó","Chorrocho","BA","Bahia","Northeast","Bahia"
290780,"Cícero Dantas","Cicero Dantas","BA","Bahia","Northeast","Bahia"
290790,"Cipó","Cipo","BA","Bahia","Northeast","Bahia"
290800,"Coaraci","Coaraci","BA","Bahia","Northeast","Bahia"
290810,"Cocos","Cocos","BA","Bahia","Northeast","Bahia"
290820,"Conceição da Feira","Conceicao da Feira","BA","Bahia","Northeast","Bahia"
290830,"Conceição do Almeida","Conceicao do Almeida","BA","Bahia","Northeast","Bahia"
290840,"Conceição do Coité","Conceicao do Coite","BA","Bahia","Northeast","Bahia"
290850,"Conceição do Jacuípe","Conceicao do Jacuipe","BA","Bahia","Northeast","Bahia"
290860,"Conde","Conde","BA","Bahia","Northeast","Bahia"
290870,"Condeúba","Condeuba","BA","Bahia","Northeast","Bahia"
290880,"Contendas do Sincorá","Contendas do Sincora","BA","Bahia","Northeast","Bahia"
290890,"Coração de Maria","Coracao de Maria","BA","Bahia","Northeast","Bahia"
290900,"Cordeiros","Cordeiros","BA","Bahia","Northeast","Bahia"
290910,"Coribe","Coribe","BA","Bahia","Northeast","Bahia"
290920,"Coronel João Sá","Coronel Joao Sa","BA","Bahia","Northeast","Bahia"
290930,"Correntina","Correntina","BA","Bahia","Northeast","Bahia"
290940,"Cotegipe","Cotegipe","BA","Bahia","Northeast","Bahia"
290950,"Cravolândia","Cravolandia","BA","Bahia","Northeast","Bahia"
290960,"Crisópolis","Crisopolis","BA","Bahia","Northeast","Bahia"
290970,"Cristópolis","Cristopolis","BA","Bahia","Northeast","Bahia"
290980,"Cruz das Almas","Cruz das Almas","BA","Bahia","Northeast","Bahia"
290990,"Curaçá","Curaca","BA","Bahia","Northeast","Bahia"
291000,"Dário Meira","Dario Meira","BA","Bahia","Northeast","Bahia"
291005,"Dias d'Ávila","Dias d'Avila","BA","Bahia","Northeast","Bahia"
291010,"Dom Basílio","Dom Basilio","BA","Bahia","Northeast","Bahia"
291020,"Dom Macedo Costa","Dom Macedo Costa","BA","Bahia","Northeast","Bahia"
291030,"Elísio Medrado","Elisio Medrado","BA","Bahia","Northeast","Bahia"
291040,"Encruzilhada","Encruzilhada","BA","Bahia","Northeast","Bahia"
291050,"Entre Rios","Entre Rios","BA","Bahia","Northeast","Bahia"
291060,"Esplanada","Esplanada","BA","Bahia","Northeast","Bahia"
291070,"Euclides da Cunha","Euclides da Cunha","BA","Bahia","Northeast","Bahia"
291072,"Eunápolis","Eunapolis","BA","Bahia","Northeast","Bahia"
291075,"Fátima","Fatima","BA","Bahia","Northeast","Bahia"
291077,"Feira da Mata","Feira da Mata","BA","Bahia","Northeast","Bahia"
291080,"Feira de Santana","Feira de Santana","BA","Bahia","Northeast","Bahia"
291085,"Filadélfia","Filadelfia","BA","Bahia","Northeast","Bahia"
291090,"Firmino Alves","Firmino Alves","BA","Bahia","Northeast","Bahia"
291100,"Floresta Azul","Floresta Azul","BA","Bahia","Northeast","Bahia"
291110,"Formosa do Rio Preto","Formosa do Rio Preto","BA","Bahia","Northeast","Bahia"
291120,"Gandu","Gandu","BA","Bahia","Northeast","Bahia"
291125,"Gavião","Gaviao","BA","Bahia","Northeast","Bahia"
291130,"Gentio do Ouro","Gentio do Ouro","BA","Bahia","Northeast","Bahia"
291140,"Glória","Gloria","BA","Bahia","Northeast","Bahia"
291150,"Gongogi","Gongogi","BA","Bahia","Northeast","Bahia"
291160,"Governador Mangabeira","Governador Mangabeira","BA","Bahia","Northeast","Bahia"
291165,"Guajeru","Guajeru","BA","Bahia","Northeast","Bahia"
291170,"Guanambi","Guanambi","BA","Bahia","Northeast","Bahia"
291180,"Guaratinga","Guaratinga","BA","Bahia","Northeast","Bahia"
291185,"Heliópolis","Heliopolis","BA","Bahia","Northeast","Bahia"
291190,"Iaçu","Iacu","BA","Bahia","Northeast","Bahia"
291200,"Ibiassucê","Ibiassuce","BA","Bahia","Northeast","Bahia"
291210,"Ibicaraí","Ibicarai","BA","Bahia","Northeast","Bahia"
291220,"Ibicoara","Ibicoara","BA","Bahia","Northeast","Bahia"
291230,"Ibicuí","Ibicui","BA","Bahia","Northeast","Bahia"
291240,"Ibipeba","Ibipeba","BA","Bahia","Northeast","Bahia"
291250,"Ibipitanga","Ibipitanga","BA","Bahia","Northeast","Bahia"
291260,"Ibiquera","Ibiquera","BA","Bahia","Northeast","Bahia"
291270,"Ibirapitanga","Ibirapitanga","BA","Bahia","Northeast","Bahia"
291280,"Ibirapuã","Ibirapua","BA","Bahia","Northeast","Bahia"
291290,"Ibirataia","Ibirataia","BA","Bahia","Northeast","Bahia"
291300,"Ibitiara","Ibitiara","BA","Bahia","Northeast","Bahia"
291310,"Ibititá","Ibitita","BA","Bahia","Northeast","Bahia"
291320,"Ibotirama","Ibotirama","BA","Bahia","Northeast","Bahia"
291330,"Ichu","Ichu","BA","Bahia","Northeast","Bahia"
291340,"Igaporã","Igapora","BA","Bahia","Northeast","Bahia"
291345,"Igrapiúna","Igrapiuna","BA","Bahia","Northeast","Bahia"
291350,"Iguaí","Iguai","BA","Bahia","Northeast","Bahia"
291360,"Ilhéus","Ilheus","BA","Bahia","Northeast","Bahia"
291370,"Inhambupe","Inhambupe","BA","Bahia","Northeast","Bahia"
291380,"Ipecaetá","Ipecaeta","BA","Bahia","Northeast","Bahia"
291390,"Ipiaú","Ipiau","BA","Bahia","Northeast","Bahia"
291400,"Ipirá","Ipira","BA","Bahia","Northeast","Bahia"
291410,"Ipupiara","Ipupiara","BA","Bahia","Northeast","Bahia"
291420,"Irajuba","Irajuba","BA","Bahia","Northeast","Bahia"
291430,"Iramaia","Iramaia","BA","Bahia","Northeast","Bahia"
291440,"Iraquara","Iraquara","BA","Bahia","Northeast","Bahia"
291450,"Irará","Irara","BA","Bahia","Northeast","Bahia"
291460,"Irecê","Irece","BA","Bahia","Northeast","Bahia"
291465,"Itabela","Itabela","BA","Bahia","Northeast","Bahia"
291470,"Itaberaba","Itaberaba","BA","Bahia","Northeast","Bahia"
291480,"Itabuna","Itabuna","BA","Bahia","Northeast","Bahia"
291490,"Itacaré","Itacare","BA","Bahia","Northeast","Bahia"
291500,"Itaeté","Itaete","BA","Bahia","Northeast","Bahia"
291510,"Itagi","Itagi","BA","Bahia","Northeast","Bahia"
291520,"Itagibá","Itagiba","BA","Bahia","Northeast","Bahia"
291530,"Itagimirim","Itagimirim","BA","Bahia","Northeast","Bahia"
291535,"Itaguaçu da Bahia","Itaguacu da Bahia","BA","Bahia","Northeast","Bahia"
291540,"Itaju do Colônia","Itaju do Colonia","BA","Bahia","Northeast","Bahia"
291550,"Itajuípe","Itajuipe","BA","Bahia","Northeast","Bahia"
291560,"Itamaraju","Itamaraju","BA","Bahia","Northeast","Bahia"
291570,"Itamari","Itamari","BA","Bahia","Northeast","Bahia"
291580,"Itambé","Itambe","BA","Bahia","Northeast","Bahia"
291590,"Itanagra","Itanagra","BA","Bahia","Northeast","Bahia"
291600,"Itanhém","Itanhem","BA","Bahia","Northeast","Bahia"
291610,"Itaparica","Itaparica","BA","Bahia","Northeast","Bahia"
291620,"Itapé","Itape","BA","Bahia","Northeast","Bahia"
291630,"Itapebi","Itapebi","BA","Bahia","Northeast","Bahia"
291640,"Itapetinga","Itapetinga","BA","Bahia","Northeast","Bahia"
291650,"Itapicuru","Itapicuru","BA","Bahia","Northeast","Bahia"
291660,"Itapitanga","Itapitanga","BA","Bahia","Northeast","Bahia"
291670,"Itaquara","Itaquara","BA","Bahia","Northeast","Bahia"
291680,"Itarantim","Itarantim","BA","Bahia","Northeast","Bahia"
291685,"Itatim","Itatim","BA","Bahia","Northeast","Bahia"
291690,"Itiruçu","Itirucu","BA","Bahia","Northeast","Bahia"
291700,"Itiúba","Itiuba","BA","Bahia","Northeast","Bahia"
291710,"Itororó","Itororo","BA","Bahia","Northeast","Bahia"
291720,"Ituaçu","Ituacu","BA","Bahia","Northeast","Bahia"
291730,"Ituberá","Itubera","BA","Bahia","Northeast","Bahia"
291733,"Iuiu","Iuiu","BA","Bahia","Northeast","Bahia"
291735,"Jaborandi","Jaborandi","BA","Bahia","Northeast","Bahia"
291740,"Jacaraci","Jacaraci","BA","Bahia","Northeast","Bahia"
291750,"Jacobina","Jacobina","BA","Bahia","Northeast","Bahia"
291760,"Jaguaquara","Jaguaquara","BA","Bahia","Northeast","Bahia"
291770,"Jaguarari","Jaguarari","BA","Bahia","Northeast","Bahia"
291780,"Jaguaripe","Jaguaripe","BA","Bahia","Northeast","Bahia"
291790,"Jandaíra","Jandaira","BA","Bahia","Northeast","Bahia"
291800,"Jequié","Jequie","BA","Bahia","Northeast","Bahia"
291810,"Jeremoabo","Jeremoabo","BA","Bahia","Northeast","Bahia"
291820,"Jiquiriçá","Jiquirica","BA","Bahia","Northeast","Bahia"
291830,"Jitaúna","Jitauna","BA","Bahia","Northeast","Bahia"
291835,"João Dourado","Joao Dourado","BA","Bahia","Northeast","Bahia"
291840,"Juazeiro","Juazeiro","BA","Bahia","Northeast","Bahia"
291845,"Jucuruçu","Jucurucu","BA","Bahia","Northeast","Bahia"
291850,"Jussara","Jussara","BA","Bahia","Northeast","Bahia"
291855,"Jussari","Jussari","BA","Bahia","Northeast","Bahia"
291860,"Jussiape","Jussiape","BA","Bahia","Northeast","Bahia"
291870,"Lafaiete Coutinho","Lafaiete Coutinho","BA","Bahia","Northeast","Bahia"
291875,"Lagoa Real","Lagoa Real","BA","Bahia","Northeast","Bahia"
291880,"Laje","Laje","BA","Bahia","Northeast","Bahia"
291890,"Lajedão","Lajedao","BA","Bahia","Northeast","Bahia"
291900,"Lajedinho","Lajedinho","BA","Bahia","Northeast","Bahia"
291905,"Lajedo do Tabocal","Lajedo do Tabocal","BA","Bahia","Northeast","Bahia"
291910,"Lamarão","Lamarao","BA","Bahia","Northeast","Bahia"
291915,"Lapão","Lapao","BA","Bahia","Northeast","Bahia"
291920,"Lauro de Freitas","Lauro de Freitas","BA","Bahia","Northeast","Bahia"
291930,"Lençóis","Lencois","BA","Bahia","Northeast","Bahia"
291940,"Licínio de Almeida","Licinio de Almeida","BA","Bahia","Northeast","Bahia"
291950,"Livramento de Nossa Senhora","Livramento de Nossa Senhora","BA","Bahia","Northeast","Bahia"
291955,"Luís Eduardo Magalhães","Luis Eduardo Magalhaes","BA","Bahia","Northeast","Bahia"
291960,"Macajuba","Macajuba","BA","Bahia","Northeast","Bahia"
291970,"Macarani","Macarani","BA","Bahia","Northeast","Bahia"
291980,"Macaúbas","Macaubas","BA","Bahia","Northeast","Bahia"
291990,"Macururé","Macurure","BA","Bahia","Northeast","Bahia"
291992,"Madre de Deus","Madre de Deus","BA","Bahia","Northeast","Bahia"
291995,"Maetinga","Maetinga","BA","Bahia","Northeast","Bahia"
292000,"Maiquinique","Maiquinique","BA","Bahia","Northeast","Bahia"
292010,"Mairi","Mairi","BA","Bahia","Northeast","Bahia"
292020,"Malhada","Malhada","BA","Bahia","Northeast","Bahia"
292030,"Malhada de Pedras","Malhada de Pedras","BA","Bahia","Northeast","Bahia"
292040,"Manoel Vitorino","Manoel Vitorino","BA","Bahia","Northeast","Bahia"
292045,"Mansidão","Mansidao","BA","Bahia","Northeast","Bahia"
292050,"Maracás","Maracas","BA","Bahia","Northeast","Bahia"
292060,"Maragogipe","Maragogipe","BA","Bahia","Northeast","Bahia"
292070,"Maraú","Marau","BA","Bahia","Northeast","Bahia"
292080,"Marcionílio Souza","Marcionilio Souza","BA","Bahia","Northeast","Bahia"
292090,"Mascote","Mascote","BA","Bahia","Northeast","Bahia"
292100,"Mata de São João","Mata de Sao Joao","BA","Bahia","Northeast","Bahia"
292105,"Matina","Matina","BA","Bahia","Northeast","Bahia"
292110,"Medeiros Neto","Medeiros Neto","BA","Bahia","Northeast","Bahia"
292120,"Miguel Calmon","Miguel Calmon","BA","Bahia","Northeast","Bahia"
292130,"Milagres","Milagres","BA","Bahia","Northeast","Bahia"
292140,"Mirangaba","Mirangaba","BA","Bahia","Northeast","Bahia"
292145,"Mirante","Mirante","BA","Bahia","Northeast","Bahia"
292150,"Monte Santo","Monte Santo","BA","Bahia","Northeast","Bahia"
292160,"Morpará","Morpara","BA","Bahia","Northeast","Bahia"
292170,"Morro do Chapéu","Morro do Chapeu","BA","Bahia","Northeast","Bahia"
292180,"Mortugaba","Mortugaba","BA","Bahia","Northeast","Bahia"
292190,"Mucugê","Mucuge","BA","Bahia","Northeast","Bahia"
292200,"Mucuri","Mucuri","BA","Bahia","Northeast","Bahia"
292205,"Mulungu do Morro","Mulungu do Morro","BA","Bahia","Northeast","Bahia"
292210,"Mundo Novo","Mundo Novo","BA","Bahia","Northeast","Bahia"
292220,"Muniz Ferreira","Muniz Ferreira","BA","Bahia","Northeast","Bahia"
292225,"Muquém do São Francisco","Muquem do Sao Francisco","BA","Bahia","Northeast","Bahia"
292230,"Muritiba","Muritiba","BA","Bahia","Northeast","Bahia"
292240,"Mutuípe","Mutuipe","BA","Bahia","Northeast","Bahia"
292250,"Nazaré","Nazare","BA","Bahia","Northeast","Bahia"
292260,"Nilo Peçanha","Nilo Pecanha","BA","Bahia","Northeast","Bahia"
292265,"Nordestina","Nordestina","BA","Bahia","Northeast","Bahia"
292270,"Nova Canaã","Nova Canaa","BA","Bahia","Northeast","Bahia"
292273,"Nova Fátima","Nova Fatima","BA","Bahia","Northeast","Bahia"
292275,"Nova Ibiá","Nova Ibia","BA","Bahia","Northeast","Bahia"
292280,"Nova Itarana","Nova Itarana","BA","Bahia","Northeast","Bahia"
292285,"Nova Redenção","Nova Redencao","BA","Bahia","Northeast","Bahia"
292290,"Nova Soure","Nova Soure","BA","Bahia","Northeast","Bahia"
292300,"Nova Viçosa","Nova Vicosa","BA","Bahia","Northeast","Bahia"
292303,"Novo Horizonte","Novo Horizonte","BA","Bahia","Northeast","Bahia"
292305,"Novo Triunfo","Novo Triunfo","BA","Bahia","Northeast","Bahia"
292310,"Olindina","Olindina","BA","Bahia","Northeast","Bahia"
292320,"Oliveira dos Brejinhos","Oliveira dos Brejinhos","BA","Bahia","Northeast","Bahia"
292330,"Ouriçangas","Ouricangas","BA","Bahia","Northeast","Bahia"
292335,"Ourolândia","Ourolandia","BA","Bahia","Northeast","Bahia"
292340,"Palmas de Monte Alto","Palmas de Monte Alto","BA","Bahia","Northeast","Bahia"
292350,"Palmeiras","Palmeiras","BA","Bahia","Northeast","Bahia"
292360,"Paramirim","Paramirim","BA","Bahia","Northeast","Bahia"
292370,"Paratinga","Paratinga","BA","Bahia","Northeast","Bahia"
292380,"Paripiranga","Paripiranga","BA","Bahia","Northeast","Bahia"
292390,"Pau Brasil","Pau Brasil","BA","Bahia","Northeast","Bahia"
292400,"Paulo Afonso","Paulo Afonso","BA","Bahia","Northeast","Bahia"
292405,"Pé de Serra","Pe de Serra","BA","Bahia","Northeast","Bahia"
292410,"Pedrão","Pedrao","BA","Bahia","Northeast","Bahia"
292420,"Pedro Alexandre","Pedro Alexandre","BA","Bahia","Northeast","Bahia"
292430,"Piatã","Piata","BA","Bahia","Northeast","Bahia"
292440,"Pilão Arcado","Pilao Arcado","BA","Bahia","Northeast","Bahia"
292450,"Pindaí","Pindai","BA","Bahia","Northeast","Bahia"
292460,"Pindobaçu","Pindobacu","BA","Bahia","Northeast","Bahia"
292465,"Pintadas","Pintadas","BA","Bahia","Northeast","Bahia"
292467,"Piraí do Norte","Pirai do Norte","BA","Bahia","Northeast","Bahia"
292470,"Piripá","Piripa","BA","Bahia","Northeast","Bahia"
292480,"Piritiba","Piritiba","BA","Bahia","Northeast","Bahia"
292490,"Planaltino","Planaltino","BA","Bahia","Northeast","Bahia"
292500,"Planalto","Planalto","BA","Bahia","Northeast","Bahia"
292510,"Poções","Pocoes","BA","Bahia","Northeast","Bahia"
292520,"Pojuca","Pojuca","BA","Bahia","Northeast","Bahia"
292525,"Ponto Novo","Ponto Novo","BA","Bahia","Northeast","Bahia"
292530,"Porto Seguro","Porto Seguro","BA","Bahia","Northeast","Bahia"
292540,"Potiraguá","Potiragua","BA","Bahia","Northeast","Bahia"
292550,"Prado","Prado","BA","Bahia","Northeast","Bahia"
292560,"Presidente Dutra","Presidente Dutra","BA","Bahia","Northeast","Bahia"
292570,"Presidente Jânio Quadros","Presidente Janio Quadros","BA","Bahia","Northeast","Bahia"
292575,"Presidente Tancredo Neves","Presidente Tancredo Neves","BA","Bahia","Northeast","Bahia"
292580,"Queimadas","Queimadas","BA","Bahia","Northeast","Bahia"
292590,"Quijingue","Quijingue","BA","Bahia","Northeast","Bahia"
292593,"Quixabeira","Quixabeira","BA","Bahia","Northeast","Bahia"
292595,"Rafael Jambeiro","Rafael Jambeiro","BA","Bahia","Northeast","Bahia"
292600,"Remanso","Remanso","BA","Bahia","Northeast","Bahia"
292610,"Retirolândia","Retirolandia","BA","Bahia","Northeast","Bahia"
292620,"Riachão das Neves","Riachao das Neves","BA","Bahia","Northeast","Bahia"
292630,"Riachão do Jacuípe","Riachao do Jacuipe","BA","Bahia","Northeast","Bahia"
292640,"Riacho de Santana","Riacho de Santana","BA","Bahia","Northeast","Bahia"
292650,"Ribeira do Amparo","Ribeira do Amparo","BA","Bahia","Northeast","Bahia"
292660,"Ribeira do Pombal","Ribeira do Pombal","BA","Bahia","Northeast","Bahia"
292665,"Ribeirão do Largo","Ribeirao do Largo","BA","Bahia","Northeast","Bahia"
292670,"Rio de Contas","Rio de Contas","BA","Bahia","Northeast","Bahia"
292680,"Rio do Antônio","Rio do Antonio","BA","Bahia","Northeast","Bahia"
292690,"Rio do Pires","Rio do Pires","BA","Bahia","Northeast","Bahia"
292700,"Rio Real","Rio Real","BA","Bahia","Northeast","Bahia"
292710,"Rodelas","Rodelas","BA","Bahia","Northeast","Bahia"
292720,"Ruy Barbosa","Ruy Barbosa","BA","Bahia","Northeast","Bahia"
292730,"Salinas da Margarida","Salinas da Margarida","BA","Bahia","Northeast","Bahia"
292740,"Salvador","Salvador","BA","Bahia","Northeast","Bahia"
292750,"Santa Bárbara","Santa Barbara","BA","Bahia","Northeast","Bahia"
292760,"Santa Brígida","Santa Brigida","BA","Bahia","Northeast","Bahia"
292770,"Santa Cruz Cabrália","Santa Cruz Cabralia","BA","Bahia","Northeast","Bahia"
292780,"Santa Cruz da Vitória","Santa Cruz da Vitoria","BA","Bahia","Northeast","Bahia"
292790,"Santa Inês","Santa Ines","BA","Bahia","Northeast","Bahia"
292800,"Santaluz","Santaluz","BA","Bahia","Northeast","Bahia"
292805,"Santa Luzia","Santa Luzia","BA","Bahia","Northeast","Bahia"
292810,"Santa Maria da Vitória","Santa Maria da Vitoria","BA","Bahia","Northeast","Bahia"
292820,"Santana","Santana","BA","Bahia","Northeast","Bahia"
292830,"Santanópolis","Santanopolis","BA","Bahia","Northeast","Bahia"
292840,"Santa Rita de Cássia","Santa Rita de Cassia","BA","Bahia","Northeast","Bahia"
292850,"Santa Terezinha","Santa Terezinha","BA","Bahia","Northeast","Bahia"
292860,"Santo Amaro","Santo Amaro","BA","Bahia","Northeast","Bahia"
292870,"Santo Antônio de Jesus","Santo Antonio de Jesus","BA","Bahia","Northeast","Bahia"
292880,"Santo Estêvão","Santo Estevao","BA","Bahia","Northeast","Bahia"
292890,"São Desidério","Sao Desiderio","BA","Bahia","Northeast","Bahia"
292895,"São Domingos","Sao Domingos","BA","Bahia","Northeast","Bahia"
292900,"São Félix","Sao Felix","BA","Bahia","Northeast","Bahia"
292905,"São Félix do Coribe","Sao Felix do Coribe","BA","Bahia","Northeast","Bahia"
292910,"São Felipe","Sao Felipe","BA","Bahia","Northeast","Bahia"
292920,"São Francisco do Conde","Sao Francisco do Conde","BA","Bahia","Northeast","Bahia"
292925,"São Gabriel","Sao Gabriel","BA","Bahia","Northeast","Bahia"
292930,"São Gonçalo dos Campos","Sao Goncalo dos Campos","BA","Bahia","Northeast","Bahia"
292935,"São José da Vitória","Sao Jose da Vitoria","BA","Bahia","Northeast","Bahia"
292937,"São José do Jacuípe","Sao Jose do Jacuipe","BA","Bahia","Northeast","Bahia"
292940,"São Miguel das Matas","Sao Miguel das Matas","BA","Bahia","Northeast","Bahia"
292950,"São Sebastião do Passé","Sao Sebastiao do Passe","BA","Bahia","Northeast","Bahia"
292960,"Sapeaçu","Sapeacu","BA","Bahia","Northeast","Bahia"
292970,"Sátiro Dias","Satiro Dias","BA","Bahia","Northeast","Bahia"
292975,"Saubara","Saubara","BA","Bahia","Northeast","Bahia"
292980,"Saúde","Saude","BA","Bahia","Northeast","Bahia"
292990,"Seabra","Seabra","BA","Bahia","Northeast","Bahia"
293000,"Sebastião Laranjeiras","Sebastiao Laranjeiras","BA","Bahia","Northeast","Bahia"
293010,"Senhor do Bonfim","Senhor do Bonfim","BA","Bahia","Northeast","Bahia"
293015,"Serra do Ramalho","Serra do Ramalho","BA","Bahia","Northeast","Bahia"
293020,"Sento Sé","Sento Se","BA","Bahia","Northeast","Bahia"
293030,"Serra Dourada","Serra Dourada","BA","Bahia","Northeast","Bahia"
293040,"Serra Preta","Serra Preta","BA","Bahia","Northeast","Bahia"
293050,"Serrinha","Serrinha","BA","Bahia","Northeast","Bahia"
293060,"Serrolândia","Serrolandia","BA","Bahia","Northeast","Bahia"
293070,"Simões Filho","Simoes Filho","BA","Bahia","Northeast","Bahia"
293075,"Sítio do Mato","Sitio do Mato","BA","Bahia","Northeast","Bahia"
293076,"Sítio do Quinto","Sitio do Quinto","BA","Bahia","Northeast","Bahia"
293077,"Sobradinho","Sobradinho","BA","Bahia","Northeast","Bahia"
293080,"Souto Soares","Souto Soares","BA","Bahia","Northeast","Bahia"
293090,"Tabocas do Brejo Velho","Tabocas do Brejo Velho","BA","Bahia","Northeast","Bahia"
293100,"Tanhaçu","Tanhacu","BA","Bahia","Northeast","Bahia"
293105,"Tanque Novo","Tanque Novo","BA","Bahia","Northeast","Bahia"
293110,"Tanquinho","Tanquinho","BA","Bahia","Northeast","Bahia"
293120,"Taperoá","Taperoa","BA","Bahia","Northeast","Bahia"
293130,"Tapiramutá","Tapiramuta","BA","Bahia","Northeast","Bahia"
293135,"Teixeira de Freitas","Teixeira de Freitas","BA","Bahia","Northeast","Bahia"
293140,"Teodoro Sampaio","Teodoro Sampaio","BA","Bahia","Northeast","Bahia"
293150,"Teofilândia","Teofilandia","BA","Bahia","Northeast","Bahia"
293160,"Teolândia","Teolandia","BA","Bahia","Northeast","Bahia"
293170,"Terra Nova","Terra Nova","BA","Bahia","Northeast","Bahia"
293180,"Tremedal","Tremedal","BA","Bahia","Northeast","Bahia"
293190,"Tucano","Tucano","BA","Bahia","Northeast","Bahia"
293200,"Uauá","Uaua","BA","Bahia","Northeast","Bahia"
293210,"Ubaíra","Ubaira","BA","Bahia","Northeast","Bahia"
293220,"Ubaitaba","Ubaitaba","BA","Bahia","Northeast","Bahia"
293230,"Ubatã","Ubata","BA","Bahia","Northeast","Bahia"
293240,"Uibaí","Uibai","BA","Bahia","Northeast","Bahia"
293245,"Umburanas","Umburanas","BA","Bahia","Northeast","Bahia"
293250,"Una","Una","BA","Bahia","Northeast","Bahia"
293260,"Urandi","Urandi","BA","Bahia","Northeast","Bahia"
293270,"Uruçuca","Urucuca","BA","Bahia","Northeast","Bahia"
293280,"Utinga","Utinga","BA","Bahia","Northeast","Bahia"
293290,"Valença","Valenca","BA","Bahia","Northeast","Bahia"
293300,"Valente","Valente","BA","Bahia","Northeast","Bahia"
293305,"Várzea da Roça","Varzea da Roca","BA","Bahia","Northeast","Bahia"
293310,"Várzea do Poço","Varzea do Poco","BA","Bahia","Northeast","Bahia"
293315,"Várzea Nova","Varzea Nova","BA","Bahia","Northeast","Bahia"
293317,"Varzedo","Varzedo","BA","Bahia","Northeast","Bahia"
293320,"Vera Cruz","Vera Cruz","BA","Bahia","Northeast","Bahia"
293325,"Vereda","Vereda","BA","Bahia","Northeast","Bahia"
293330,"Vitória da Conquista","Vitoria da Conquista","BA","Bahia","Northeast","Bahia"
293340,"Wagner","Wagner","BA","Bahia","Northeast","Bahia"
293345,"Wanderley","Wanderley","BA","Bahia","Northeast","Bahia"
293350,"Wenceslau Guimarães","Wenceslau Guimaraes","BA","Bahia","Northeast","Bahia"
293360,"Xique-Xique","Xique-Xique","BA","Bahia","Northeast","Bahia"
310010,"Abadia dos Dourados","Abadia dos Dourados","MG","Minas Gerais","Southeast","Minas Gerais"
310020,"Abaeté","Abaete","MG","Minas Gerais","Southeast","Minas Gerais"
310030,"Abre Campo","Abre Campo","MG","Minas Gerais","Southeast","Minas Gerais"
310040,"Acaiaca","Acaiaca","MG","Minas Gerais","Southeast","Minas Gerais"
310050,"Açucena","Acucena","MG","Minas Gerais","Southeast","Minas Gerais"
310060,"Água Boa","Agua Boa","MG","Minas Gerais","Southeast","Minas Gerais"
310070,"Água Comprida","Agua Comprida","MG","Minas Gerais","Southeast","Minas Gerais"
310080,"Aguanil","Aguanil","MG","Minas Gerais","Southeast","Minas Gerais"
310090,"Águas Formosas","Aguas Formosas","MG","Minas Gerais","Southeast","Minas Gerais"
310100,"Águas Vermelhas","Aguas Vermelhas","MG","Minas Gerais","Southeast","Minas Gerais"
310110,"Aimorés","Aimores","MG","Minas Gerais","Southeast","Minas Gerais"
310120,"Aiuruoca","Aiuruoca","MG","Minas Gerais","Southeast","Minas Gerais"
310130,"Alagoa","Alagoa","MG","Minas Gerais","Southeast","Minas Gerais"
310140,"Albertina","Albertina","MG","Minas Gerais","Southeast","Minas Gerais"
310150,"Além Paraíba","Alem Paraiba","MG","Minas Gerais","Southeast","Minas Gerais"
310160,"Alfenas","Alfenas","MG","Minas Gerais","Southeast","Minas Gerais"
310163,"Alfredo Vasconcelos","Alfredo Vasconcelos","MG","Minas Gerais","Southeast","Minas Gerais"
310170,"Almenara","Almenara","MG","Minas Gerais","Southeast","Minas Gerais"
310180,"Alpercata","Alpercata","MG","Minas Gerais","Southeast","Minas Gerais"
310190,"Alpinópolis","Alpinopolis","MG","Minas Gerais","Southeast","Minas Gerais"
310200,"Alterosa","Alterosa","MG","Minas Gerais","Southeast","Minas Gerais"
310205,"Alto Caparaó","Alto Caparao","MG","Minas Gerais","Southeast","Minas Gerais"
310210,"Alto Rio Doce","Alto Rio Doce","MG","Minas Gerais","Southeast","Minas Gerais"
310220,"Alvarenga","Alvarenga","MG","Minas Gerais","Southeast","Minas Gerais"
310230,"Alvinópolis","Alvinopolis","MG","Minas Gerais","Southeast","Minas Gerais"
310240,"Alvorada de Minas","Alvorada de Minas","MG","Minas Gerais","Southeast","Minas Gerais"
310250,"Amparo do Serra","Amparo do Serra","MG","Minas Gerais","Southeast","Minas Gerais"
310260,"Andradas","Andradas","MG","Minas Gerais","Southeast","Minas Gerais"
310270,"Cachoeira de Pajeú","Cachoeira de Pajeu","MG","Minas Gerais","Southeast","Minas Gerais"
310280,"Andrelândia","Andrelandia","MG","Minas Gerais","Southeast","Minas Gerais"
310285,"Angelândia","Angelandia","MG","Minas Gerais","Southeast","Minas Gerais"
310290,"Antônio Carlos","Antonio Carlos","MG","Minas Gerais","Southeast","Minas Gerais"
310300,"Antônio Dias","Antonio Dias","MG","Minas Gerais","Southeast","Minas Gerais"
310310,"Antônio Prado de Minas","Antonio Prado de Minas","MG","Minas Gerais","Southeast","Minas Gerais"
310320,"Araçaí","Aracai","MG","Minas Gerais","Southeast","Minas Gerais"
310330,"Aracitaba","Aracitaba","MG","Minas Gerais","Southeast","Minas Gerais"
310340,"Araçuaí","Aracuai","MG","Minas Gerais","Southeast","Minas Gerais"
310350,"Araguari","Araguari","MG","Minas Gerais","Southeast","Minas Gerais"
310360,"Arantina","Arantina","MG","Minas Gerais","Southeast","Minas Gerais"
310370,"Araponga","Araponga","MG","Minas Gerais","Southeast","Minas Gerais"
310375,"Araporã","Arapora","MG","Minas Gerais","Southeast","Minas Gerais"
310380,"Arapuá","Arapua","MG","Minas Gerais","Southeast","Minas Gerais"
310390,"Araújos","Araujos","MG","Minas Gerais","Southeast","Minas Gerais"
310400,"Araxá","Araxa","MG","Minas Gerais","Southeast","Minas Gerais"
310410,"Arceburgo","Arceburgo","MG","Minas Gerais","Southeast","Minas Gerais"
310420,"Arcos","Arcos","MG","Minas Gerais","Southeast","Minas Gerais"
310430,"Areado","Areado","MG","Minas Gerais","Southeast","Minas Gerais"
310440,"Argirita","Argirita","MG","Minas Gerais","Southeast","Minas Gerais"
310445,"Aricanduva","Aricanduva","MG","Minas Gerais","Southeast","Minas Gerais"
310450,"Arinos","Arinos","MG","Minas Gerais","Southeast","Minas Gerais"
310460,"Astolfo Dutra","Astolfo Dutra","MG","Minas Gerais","Southeast","Minas Gerais"
310470,"Ataléia","Ataleia","MG","Minas Gerais","Southeast","Minas Gerais"
310480,"Augusto de Lima","Augusto de Lima","MG","Minas Gerais","Southeast","Minas Gerais"
310490,"Baependi","Baependi","MG","Minas Gerais","Southeast","Minas Gerais"
310500,"Baldim","Baldim","MG","Minas Gerais","Southeast","Minas Gerais"
310510,"Bambuí","Bambui","MG","Minas Gerais","Southeast","Minas Gerais"
310520,"Bandeira","Bandeira","MG","Minas Gerais","Southeast","Minas Gerais"
310530,"Bandeira do Sul","Bandeira do Sul","MG","Minas Gerais","Southeast","Minas Gerais"
310540,"Barão de Cocais","Barao de Cocais","MG","Minas Gerais","Southeast","Minas Gerais"
310550,"Barão de Monte Alto","Barao de Monte Alto","MG","Minas Gerais","Southeast","Minas Gerais"
310560,"Barbacena","Barbacena","MG","Minas Gerais","Southeast","Minas Gerais"
310570,"Barra Longa","Barra Longa","MG","Minas Gerais","Southeast","Minas Gerais"
310590,"Barroso","Barroso","MG","Minas Gerais","Southeast","Minas Gerais"
310600,"Bela Vista de Minas","Bela Vista de Minas","MG","Minas Gerais","Southeast","Minas Gerais"
310610,"Belmiro Braga","Belmiro Braga","MG","Minas Gerais","Southeast","Minas Gerais"
310620,"Belo Horizonte","Belo Horizonte","MG","Minas Gerais","Southeast","Minas Gerais"
310630,"Belo Oriente","Belo Oriente","MG","Minas Gerais","Southeast","Minas Gerais"
310640,"Belo Vale","Belo Vale","MG","Minas Gerais","Southeast","Minas Gerais"
310650,"Berilo","Berilo","MG","Minas Gerais","Southeast","Minas Gerais"
310660,"Bertópolis","Bertopolis","MG","Minas Gerais","Southeast","Minas Gerais"
310665,"Berizal","Berizal","MG","Minas Gerais","Southeast","Minas Gerais"
310670,"Betim","Betim","MG","Minas Gerais","Southeast","Minas Gerais"
310680,"Bias Fortes","Bias Fortes","MG","Minas Gerais","Southeast","Minas Gerais"
310690,"Bicas","Bicas","MG","Minas Gerais","Southeast","Minas Gerais"
310700,"Biquinhas","Biquinhas","MG","Minas Gerais","Southeast","Minas Gerais"
310710,"Boa Esperança","Boa Esperanca","MG","Minas Gerais","Southeast","Minas Gerais"
310720,"Bocaina de Minas","Bocaina de Minas","MG","Minas Gerais","Southeast","Minas Gerais"
310730,"Bocaiúva","Bocaiuva","MG","Minas Gerais","Southeast","Minas Gerais"
310740,"Bom Despacho","Bom Despacho","MG","Minas Gerais","Southeast","Minas Gerais"
310750,"Bom Jardim de Minas","Bom Jardim de Minas","MG","Minas Gerais","Southeast","Minas Gerais"
310760,"Bom Jesus da Penha","Bom Jesus da Penha","MG","Minas Gerais","Southeast","Minas Gerais"
310770,"Bom Jesus do Amparo","Bom Jesus do Amparo","MG","Minas Gerais","Southeast","Minas Gerais"
310780,"Bom Jesus do Galho","Bom Jesus do Galho","MG","Minas Gerais","Southeast","Minas Gerais"
310790,"Bom Repouso","Bom Repouso","MG","Minas Gerais","Southeast","Minas Gerais"
310800,"Bom Sucesso","Bom Sucesso","MG","Minas Gerais","Southeast","Minas Gerais"
310810,"Bonfim","Bonfim","MG","Minas Gerais","Southeast","Minas Gerais"
310820,"Bonfinópolis de Minas","Bonfinopolis de Minas","MG","Minas Gerais","Southeast","Minas Gerais"
310825,"Bonito de Minas","Bonito de Minas","MG","Minas Gerais","Southeast","Minas Gerais"
310830,"Borda da Mata","Borda da Mata","MG","Minas Gerais","Southeast","Minas Gerais"
310840,"Botelhos","Botelhos","MG","Minas Gerais","Southeast","Minas Gerais"
310850,"Botumirim","Botumirim","MG","Minas Gerais","Southeast","Minas Gerais"
310855,"Brasilândia de Minas","Brasilandia de Minas","MG","Minas Gerais","Southeast","Minas Gerais"
310860,"Brasília de Minas","Brasilia de Minas","MG","Minas Gerais","Southeast","Minas Gerais"
310870,"Brás Pires","Bras Pires","MG","Minas Gerais","Southeast","Minas Gerais"
310880,"Braúnas","Braunas","MG","Minas Gerais","Southeast","Minas Gerais"
310890,"Brazópolis","Brazopolis","MG","Minas Gerais","Southeast","Minas Gerais"
310900,"Brumadinho","Brumadinho","MG","Minas Gerais","Southeast","Minas Gerais"
310910,"Bueno Brandão","Bueno Brandao","MG","Minas Gerais","Southeast","Minas Gerais"
310920,"Buenópolis","Buenopolis","MG","Minas Gerais","Southeast","Minas Gerais"
310925,"Bugre","Bugre","MG","Minas Gerais","Southeast","Minas Gerais"
310930,"Buritis","Buritis","MG","Minas Gerais","Southeast","Minas Gerais"
310940,"Buritizeiro","Buritizeiro","MG","Minas Gerais","Southeast","Minas Gerais"
310945,"Cabeceira Grande","Cabeceira Grande","MG","Minas Gerais","Southeast","Minas Gerais"
310950,"Cabo Verde","Cabo Verde","MG","Minas Gerais","Southeast","Minas Gerais"
310960,"Cachoeira da Prata","Cachoeira da Prata","MG","Minas Gerais","Southeast","Minas Gerais"
310970,"Cachoeira de Minas","Cachoeira de Minas","MG","Minas Gerais","Southeast","Minas Gerais"
310980,"Cachoeira Dourada","Cachoeira Dourada","MG","Minas Gerais","Southeast","Minas Gerais"
310990,"Caetanópolis","Caetanopolis","MG","Minas Gerais","Southeast","Minas Gerais"
311000,"Caeté","Caete","MG","Minas Gerais","Southeast","Minas Gerais"
311010,"Caiana","Caiana","MG","Minas Gerais","Southeast","Minas Gerais"
311020,"Cajuri","Cajuri","MG","Minas Gerais","Southeast","Minas Gerais"
311030,"Caldas","Caldas","MG","Minas Gerais","Southeast","Minas Gerais"
311040,"Camacho","Camacho","MG","Minas Gerais","Southeast","Minas Gerais"
311050,"Camanducaia","Camanducaia","MG","Minas Gerais","Southeast","Minas Gerais"
311060,"Cambuí","Cambui","MG","Minas Gerais","Southeast","Minas Gerais"
311070,"Cambuquira","Cambuquira","MG","Minas Gerais","Southeast","Minas Gerais"
311080,"Campanário","Campanario","MG","Minas Gerais","Southeast","Minas Gerais"
311090,"Campanha","Campanha","MG","Minas Gerais","Southeast","Minas Gerais"
311100,"Campestre","Campestre","MG","Minas Gerais","Southeast","Minas Gerais"
311110,"Campina Verde","Campina Verde","MG","Minas Gerais","Southeast","Minas Gerais"
311115,"Campo Azul","Campo Azul","MG","Minas Gerais","Southeast","Minas Gerais"
311120,"Campo Belo","Campo Belo","MG","Minas Gerais","Southeast","Minas Gerais"
311130,"Campo do Meio","Campo do Meio","MG","Minas Gerais","Southeast","Minas Gerais"
311140,"Campo Florido","Campo Florido","MG","Minas Gerais","Southeast","Minas Gerais"
311150,"Campos Altos","Campos Altos","MG","Minas Gerais","Southeast","Minas Gerais"
311160,"Campos Gerais","Campos Gerais","MG","Minas Gerais","Southeast","Minas Gerais"
311170,"Canaã","Canaa","MG","Minas Gerais","Southeast","Minas Gerais"
311180,"Canápolis","Canapolis","MG","Minas Gerais","Southeast","Minas Gerais"
311190,"Cana Verde","Cana Verde","MG","Minas Gerais","Southeast","Minas Gerais"
311200,"Candeias","Candeias","MG","Minas Gerais","Southeast","Minas Gerais"
311205,"Cantagalo","Cantagalo","MG","Minas Gerais","Southeast","Minas Gerais"
311210,"Caparaó","Caparao","MG","Minas Gerais","Southeast","Minas Gerais"
311220,"Capela Nova","Capela Nova","MG","Minas Gerais","Southeast","Minas Gerais"
311230,"Capelinha","Capelinha","MG","Minas Gerais","Southeast","Minas Gerais"
311240,"Capetinga","Capetinga","MG","Minas Gerais","Southeast","Minas Gerais"
311250,"Capim Branco","Capim Branco","MG","Minas Gerais","Southeast","Minas Gerais"
311260,"Capinópolis","Capinopolis","MG","Minas Gerais","Southeast","Minas Gerais"
311265,"Capitão Andrade","Capitao Andrade","MG","Minas Gerais","Southeast","Minas Gerais"
311270,"Capitão Enéas","Capitao Eneas","MG","Minas Gerais","Southeast","Minas Gerais"
311280,"Capitólio","Capitolio","MG","Minas Gerais","Southeast","Minas Gerais"
311290,"Caputira","Caputira","MG","Minas Gerais","Southeast","Minas Gerais"
311300,"Caraí","Carai","MG","Minas Gerais","Southeast","Minas Gerais"
311310,"Caranaíba","Caranaiba","MG","Minas Gerais","Southeast","Minas Gerais"
311320,"Carandaí","Carandai","MG","Minas Gerais","Southeast","Minas Gerais"
311330,"Carangola","Carangola","MG","Minas Gerais","Southeast","Minas Gerais"
311340,"Caratinga","Caratinga","MG","Minas Gerais","Southeast","Minas Gerais"
311350,"Carbonita","Carbonita","MG","Minas Gerais","Southeast","Minas Gerais"
311360,"Careaçu","Careacu","MG","Minas Gerais","Southeast","Minas Gerais"
311370,"Carlos Chagas","Carlos Chagas","MG","Minas Gerais","Southeast","Minas Gerais"
311380,"Carmésia","Carmesia","MG","Minas Gerais","Southeast","Minas Gerais"
311390,"Carmo da Cachoeira","Carmo da Cachoeira","MG","Minas Gerais","Southeast","Minas Gerais"
311400,"Carmo da Mata","Carmo da Mata","MG","Minas Gerais","Southeast","Minas Gerais"
311410,"Carmo de Minas","Carmo de Minas","MG","Minas Gerais","Southeast","Minas Gerais"
311420,"Carmo do Cajuru","Carmo do Cajuru","MG","Minas Gerais","Southeast","Minas Gerais"
311430,"Carmo do Paranaíba","Carmo do Paranaiba","MG","Minas Gerais","Southeast","Minas Gerais"
311440,"Carmo do Rio Claro","Carmo do Rio Claro","MG","Minas Gerais","Southeast","Minas Gerais"
311450,"Carmópolis de Minas","Carmopolis de Minas","MG","Minas Gerais","Southeast","Minas Gerais"
311455,"Carneirinho","Carneirinho","MG","Minas Gerais","Southeast","Minas Gerais"
311460,"Carrancas","Carrancas","MG","Minas Gerais","Southeast","Minas Gerais"
311470,"Carvalhópolis","Carvalhopolis","MG","Minas Gerais","Southeast","Minas Gerais"
311480,"Carvalhos","Carvalhos","MG","Minas Gerais","Southeast","Minas Gerais"
311490,"Casa Grande","Casa Grande","MG","Minas Gerais","Southeast","Minas Gerais"
311500,"Cascalho Rico","Cascalho Rico","MG","Minas Gerais","Southeast","Minas Gerais"
311510,"Cássia","Cassia","MG","Minas Gerais","Southeast","Minas Gerais"
311520,"Conceição da Barra de Minas","Conceicao da Barra de Minas","MG","Minas Gerais","Southeast","Minas Gerais"
311530,"Cataguases","Cataguases","MG","Minas Gerais","Southeast","Minas Gerais"
311535,"Catas Altas","Catas Altas","MG","Minas Gerais","Southeast","Minas Gerais"
311540,"Catas Altas da Noruega","Catas Altas da Noruega","MG","Minas Gerais","Southeast","Minas Gerais"
311545,"Catuji","Catuji","MG","Minas Gerais","Southeast","Minas Gerais"
311547,"Catuti","Catuti","MG","Minas Gerais","Southeast","Minas Gerais"
311550,"Caxambu","Caxambu","MG","Minas Gerais","Southeast","Minas Gerais"
311560,"Cedro do Abaeté","Cedro do Abaete","MG","Minas Gerais","Southeast","Minas Gerais"
311570,"Central de Minas","Central de Minas","MG","Minas Gerais","Southeast","Minas Gerais"
311580,"Centralina","Centralina","MG","Minas Gerais","Southeast","Minas Gerais"
311590,"Chácara","Chacara","MG","Minas Gerais","Southeast","Minas Gerais"
311600,"Chalé","Chale","MG","Minas Gerais","Southeast","Minas Gerais"
311610,"Chapada do Norte","Chapada do Norte","MG","Minas Gerais","Southeast","Minas Gerais"
311615,"Chapada Gaúcha","Chapada Gaucha","MG","Minas Gerais","Southeast","Minas Gerais"
311620,"Chiador","Chiador","MG","Minas Gerais","Southeast","Minas Gerais"
311630,"Cipotânea","Cipotanea","MG","Minas Gerais","Southeast","Minas Gerais"
311640,"Claraval","Claraval","MG","Minas Gerais","Southeast","Minas Gerais"
311650,"Claro dos Poções","Claro dos Pocoes","MG","Minas Gerais","Southeast","Minas Gerais"
311660,"Cláudio","Claudio","MG","Minas Gerais","Southeast","Minas Gerais"
311670,"Coimbra","Coimbra","MG","Minas Gerais","Southeast","Minas Gerais"
311680,"Coluna","Coluna","MG","Minas Gerais","Southeast","Minas Gerais"
311690,"Comendador Gomes","Comendador Gomes","MG","Minas Gerais","Southeast","Minas Gerais"
311700,"Comercinho","Comercinho","MG","Minas Gerais","Southeast","Minas Gerais"
311710,"Conceição da Aparecida","Conceicao da Aparecida","MG","Minas Gerais","Southeast","Minas Gerais"
311720,"Conceição das Pedras","Conceicao das Pedras","MG","Minas Gerais","Southeast","Minas Gerais"
311730,"Conceição das Alagoas","Conceicao das Alagoas","MG","Minas Gerais","Southeast","Minas Gerais"
311740,"Conceição de Ipanema","Conceicao de Ipanema","MG","Minas Gerais","Southeast","Minas Gerais"
311750,"Conceição do Mato Dentro","Conceicao do Mato Dentro","MG","Minas Gerais","Southeast","Minas Gerais"
311760,"Conceição do Pará","Conceicao do Para","MG","Minas Gerais","Southeast","Minas Gerais"
311770,"Conceição do Rio Verde","Conceicao do Rio Verde","MG","Minas Gerais","Southeast","Minas Gerais"
311780,"Conceição dos Ouros","Conceicao dos Ouros","MG","Minas Gerais","Southeast","Minas Gerais"
311783,"Cônego Marinho","Conego Marinho","MG","Minas Gerais","Southeast","Minas Gerais"
311787,"Confins","Confins","MG","Minas Gerais","Southeast","Minas Gerais"
311790,"Congonhal","Congonhal","MG","Minas Gerais","Southeast","Minas Gerais"
311800,"Congonhas","Congonhas","MG","Minas Gerais","Southeast","Minas Gerais"
311810,"Congonhas do Norte","Congonhas do Norte","MG","Minas Gerais","Southeast","Minas Gerais"
311820,"Conquista","Conquista","MG","Minas Gerais","Southeast","Minas Gerais"
311830,"Conselheiro Lafaiete","Conselheiro Lafaiete","MG","Minas Gerais","Southeast","Minas Gerais"
311840,"Conselheiro Pena","Conselheiro Pena","MG","Minas Gerais","Southeast","Minas Gerais"
311850,"Consolação","Consolacao","MG","Minas Gerais","Southeast","Minas Gerais"
311860,"Contagem","Contagem","MG","Minas Gerais","Southeast","Minas Gerais"
311870,"Coqueiral","Coqueiral","MG","Minas Gerais","Southeast","Minas Gerais"
311880,"Coração de Jesus","Coracao de Jesus","MG","Minas Gerais","Southeast","Minas Gerais"
311890,"Cordisburgo","Cordisburgo","MG","Minas Gerais","Southeast","Minas Gerais"
311900,"Cordislândia","Cordislandia","MG","Minas Gerais","Southeast","Minas Gerais"
311910,"Corinto","Corinto","MG","Minas Gerais","Southeast","Minas Gerais"
311920,"Coroaci","Coroaci","MG","Minas Gerais","Southeast","Minas Gerais"
311930,"Coromandel","Coromandel","MG","Minas Gerais","Southeast","Minas Gerais"
311940,"Coronel Fabriciano","Coronel Fabriciano","MG","Minas Gerais","Southeast","Minas Gerais"
311950,"Coronel Murta","Coronel Murta","MG","Minas Gerais","Southeast","Minas Gerais"
311960,"Coronel Pacheco","Coronel Pacheco","MG","Minas Gerais","Southeast","Minas Gerais"
311970,"Coronel Xavier Chaves","Coronel Xavier Chaves","MG","Minas Gerais","Southeast","Minas Gerais"
311980,"Córrego Danta","Corrego Danta","MG","Minas Gerais","Southeast","Minas Gerais"
311990,"Córrego do Bom Jesus","Corrego do Bom Jesus","MG","Minas Gerais","Southeast","Minas Gerais"
311995,"Córrego Fundo","Corrego Fundo","MG","Minas Gerais","Southeast","Minas Gerais"
312000,"Córrego Novo","Corrego Novo","MG","Minas Gerais","Southeast","Minas Gerais"
312010,"Couto de Magalhães de Minas","Couto de Magalhaes de Minas","MG","Minas Gerais","Southeast","Minas Gerais"
312015,"Crisólita","Crisolita","MG","Minas Gerais","Southeast","Minas Gerais"
312020,"Cristais","Cristais","MG","Minas Gerais","Southeast","Minas Gerais"
312030,"Cristália","Cristalia","MG","Minas Gerais","Southeast","Minas Gerais"
312040,"Cristiano Otoni","Cristiano Otoni","MG","Minas Gerais","Southeast","Minas Gerais"
312050,"Cristina","Cristina","MG","Minas Gerais","Southeast","Minas Gerais"
312060,"Crucilândia","Crucilandia","MG","Minas Gerais","Southeast","Minas Gerais"
312070,"Cruzeiro da Fortaleza","Cruzeiro da Fortaleza","MG","Minas Gerais","Southeast","Minas Gerais"
312080,"Cruzília","Cruzilia","MG","Minas Gerais","Southeast","Minas Gerais"
312083,"Cuparaque","Cuparaque","MG","Minas Gerais","Southeast","Minas Gerais"
312087,"Curral de Dentro","Curral de Dentro","MG","Minas Gerais","Southeast","Minas Gerais"
312090,"Curvelo","Curvelo","MG","Minas Gerais","Southeast","Minas Gerais"
312100,"Datas","Datas","MG","Minas Gerais","Southeast","Minas Gerais"
312110,"Delfim Moreira","Delfim Moreira","MG","Minas Gerais","Southeast","Minas Gerais"
312120,"Delfinópolis","Delfinopolis","MG","Minas Gerais","Southeast","Minas Gerais"
312125,"Delta","Delta","MG","Minas Gerais","Southeast","Minas Gerais"
312130,"Descoberto","Descoberto","MG","Minas Gerais","Southeast","Minas Gerais"
312140,"Desterro de Entre Rios","Desterro de Entre Rios","MG","Minas Gerais","Southeast","Minas Gerais"
312150,"Desterro do Melo","Desterro do Melo","MG","Minas Gerais","Southeast","Minas Gerais"
312160,"Diamantina","Diamantina","MG","Minas Gerais","Southeast","Minas Gerais"
312170,"Diogo de Vasconcelos","Diogo de Vasconcelos","MG","Minas Gerais","Southeast","Minas Gerais"
312180,"Dionísio","Dionisio","MG","Minas Gerais","Southeast","Minas Gerais"
312190,"Divinésia","Divinesia","MG","Minas Gerais","Southeast","Minas Gerais"
312200,"Divino","Divino","MG","Minas Gerais","Southeast","Minas Gerais"
312210,"Divino das Laranjeiras","Divino das Laranjeiras","MG","Minas Gerais","Southeast","Minas Gerais"
312220,"Divinolândia de Minas","Divinolandia de Minas","MG","Minas Gerais","Southeast","Minas Gerais"
312230,"Divinópolis","Divinopolis","MG","Minas Gerais","Southeast","Minas Gerais"
312235,"Divisa Alegre","Divisa Alegre","MG","Minas Gerais","Southeast","Minas Gerais"
312240,"Divisa Nova","Divisa Nova","MG","Minas Gerais","Southeast","Minas Gerais"
312245,"Divisópolis","Divisopolis","MG","Minas Gerais","Southeast","Minas Gerais"
312247,"Dom Bosco","Dom Bosco","MG","Minas Gerais","Southeast","Minas Gerais"
312250,"Dom Cavati","Dom Cavati","MG","Minas Gerais","Southeast","Minas Gerais"
312260,"Dom Joaquim","Dom Joaquim","MG","Minas Gerais","Southeast","Minas Gerais"
312270,"Dom Silvério","Dom Silverio","MG","Minas Gerais","Southeast","Minas Gerais"
312280,"Dom Viçoso","Dom Vicoso","MG","Minas Gerais","Southeast","Minas Gerais"
312290,"Dona Euzébia","Dona Euzebia","MG","Minas Gerais","Southeast","Minas Gerais"
312300,"Dores de Campos","Dores de Campos","MG","Minas Gerais","Southeast","Minas Gerais"
312310,"Dores de Guanhães","Dores de Guanhaes","MG","Minas Gerais","Southeast","Minas Gerais"
312320,"Dores do Indaiá","Dores do Indaia","MG","Minas Gerais","Southeast","Minas Gerais"
312330,"Dores do Turvo","Dores do Turvo","MG","Minas Gerais","Southeast","Minas Gerais"
312340,"Doresópolis","Doresopolis","MG","Minas Gerais","Southeast","Minas Gerais"
312350,"Douradoquara","Douradoquara","MG","Minas Gerais","Southeast","Minas Gerais"
312352,"Durandé","Durande","MG","Minas Gerais","Southeast","Minas Gerais"
312360,"Elói Mendes","Eloi Mendes","MG","Minas Gerais","Southeast","Minas Gerais"
312370,"Engenheiro Caldas","Engenheiro Caldas","MG","Minas Gerais","Southeast","Minas Gerais"
312380,"Engenheiro Navarro","Engenheiro Navarro","MG","Minas Gerais","Southeast","Minas Gerais"
312385,"Entre Folhas","Entre Folhas","MG","Minas Gerais","Southeast","Minas Gerais"
312390,"Entre Rios de Minas","Entre Rios de Minas","MG","Minas Gerais","Southeast","Minas Gerais"
312400,"Ervália","Ervalia","MG","Minas Gerais","Southeast","Minas Gerais"
312410,"Esmeraldas","Esmeraldas","MG","Minas Gerais","Southeast","Minas Gerais"
312420,"Espera Feliz","Espera Feliz","MG","Minas Gerais","Southeast","Minas Gerais"
312430,"Espinosa","Espinosa","MG","Minas Gerais","Southeast","Minas Gerais"
312440,"Espírito Santo do Dourado","Espirito Santo do Dourado","MG","Minas Gerais","Southeast","Minas Gerais"
312450,"Estiva","Estiva","MG","Minas Gerais","Southeast","Minas Gerais"
312460,"Estrela Dalva","Estrela Dalva","MG","Minas Gerais","Southeast","Minas Gerais"
312470,"Estrela do Indaiá","Estrela do Indaia","MG","Minas Gerais","Southeast","Minas Gerais"
312480,"Estrela do Sul","Estrela do Sul","MG","Minas Gerais","Southeast","Minas Gerais"
312490,"Eugenópolis","Eugenopolis","MG","Minas Gerais","Southeast","Minas Gerais"
312500,"Ewbank da Câmara","Ewbank da Camara","MG","Minas Gerais","Southeast","Minas Gerais"
312510,"Extrema","Extrema","MG","Minas Gerais","Southeast","Minas Gerais"
312520,"Fama","Fama","MG","Minas Gerais","Southeast","Minas Gerais"
312530,"Faria Lemos","Faria Lemos","MG","Minas Gerais","Southeast","Minas Gerais"
312540,"Felício dos Santos","Felicio dos Santos","MG","Minas Gerais","Southeast","Minas Gerais"
312550,"São Gonçalo do Rio Preto","Sao Goncalo do Rio Preto","MG","Minas Gerais","Southeast","Minas Gerais"
312560,"Felisburgo","Felisburgo","MG","Minas Gerais","Southeast","Minas Gerais"
312570,"Felixlândia","Felixlandia","MG","Minas Gerais","Southeast","Minas Gerais"
312580,"Fernandes Tourinho","Fernandes Tourinho","MG","Minas Gerais","Southeast","Minas Gerais"
312590,"Ferros","Ferros","MG","Minas Gerais","Southeast","Minas Gerais"
312595,"Fervedouro","Fervedouro","MG","Minas Gerais","Southeast","Minas Gerais"
312600,"Florestal","Florestal","MG","Minas Gerais","Southeast","Minas Gerais"
312610,"Formiga","Formiga","MG","Minas Gerais","Southeast","Minas Gerais"
312620,"Formoso","Formoso","MG","Minas Gerais","Southeast","Minas Gerais"
312630,"Fortaleza de Minas","Fortaleza de Minas","MG","Minas Gerais","Southeast","Minas Gerais"
312640,"Fortuna de Minas","Fortuna de Minas","MG","Minas Gerais","Southeast","Minas Gerais"
312650,"Francisco Badaró","Francisco Badaro","MG","Minas Gerais","Southeast","Minas Gerais"
312660,"Francisco Dumont","Francisco Dumont","MG","Minas Gerais","Southeast","Minas Gerais"
312670,"Francisco Sá","Francisco Sa","MG","Minas Gerais","Southeast","Minas Gerais"
312675,"Franciscópolis","Franciscopolis","MG","Minas Gerais","Southeast","Minas Gerais"
312680,"Frei Gaspar","Frei Gaspar","MG","Minas Gerais","Southeast","Minas Gerais"
312690,"Frei Inocêncio","Frei Inocencio","MG","Minas Gerais","Southeast","Minas Gerais"
312695,"Frei Lagonegro","Frei Lagonegro","MG","Minas Gerais","Southeast","Minas Gerais"
312700,"Fronteira","Fronteira","MG","Minas Gerais","Southeast","Minas Gerais"
312705,"Fronteira dos Vales","Fronteira dos Vales","MG","Minas Gerais","Southeast","Minas Gerais"
312707,"Fruta de Leite","Fruta de Leite","MG","Minas Gerais","Southeast","Minas Gerais"
312710,"Frutal","Frutal","MG","Minas Gerais","Southeast","Minas Gerais"
312720,"Funilândia","Funilandia","MG","Minas Gerais","Southeast","Minas Gerais"
312730,"Galiléia","Galileia","MG","Minas Gerais","Southeast","Minas Gerais"
312733,"Gameleiras","Gameleiras","MG","Minas Gerais","Southeast","Minas Gerais"
312735,"Glaucilândia","Glaucilandia","MG","Minas Gerais","Southeast","Minas Gerais"
312737,"Goiabeira","Goiabeira","MG","Minas Gerais","Southeast","Minas Gerais"
312738,"Goianá","Goiana","MG","Minas Gerais","Southeast","Minas Gerais"
312740,"Gonçalves","Goncalves","MG","Minas Gerais","Southeast","Minas Gerais"
312750,"Gonzaga","Gonzaga","MG","Minas Gerais","Southeast","Minas Gerais"
312760,"Gouveia","Gouveia","MG","Minas Gerais","Southeast","Minas Gerais"
312770,"Governador Valadares","Governador Valadares","MG","Minas Gerais","Southeast","Minas Gerais"
312780,"Grão Mogol","Grao Mogol","MG","Minas Gerais","Southeast","Minas Gerais"
312790,"Grupiara","Grupiara","MG","Minas Gerais","Southeast","Minas Gerais"
312800,"Guanhães","Guanhaes","MG","Minas Gerais","Southeast","Minas Gerais"
312810,"Guapé","Guape","MG","Minas Gerais","Southeast","Minas Gerais"
312820,"Guaraciaba","Guaraciaba","MG","Minas Gerais","Southeast","Minas Gerais"
312825,"Guaraciama","Guaraciama","MG","Minas Gerais","Southeast","Minas Gerais"
312830,"Guaranésia","Guaranesia","MG","Minas Gerais","Southeast","Minas Gerais"
312840,"Guarani","Guarani","MG","Minas Gerais","Southeast","Minas Gerais"
312850,"Guarará","Guarara","MG","Minas Gerais","Southeast","Minas Gerais"
312860,"Guarda-Mor","Guarda-Mor","MG","Minas Gerais","Southeast","Minas Gerais"
312870,"Guaxupé","Guaxupe","MG","Minas Gerais","Southeast","Minas Gerais"
312880,"Guidoval","Guidoval","MG","Minas Gerais","Southeast","Minas Gerais"
312890,"Guimarânia","Guimarania","MG","Minas Gerais","Southeast","Minas Gerais"
312900,"Guiricema","Guiricema","MG","Minas Gerais","Southeast","Minas Gerais"
312910,"Gurinhatã","Gurinhata","MG","Minas Gerais","Southeast","Minas Gerais"
312920,"Heliodora","Heliodora","MG","Minas Gerais","Southeast","Minas Gerais"
312930,"Iapu","Iapu","MG","Minas Gerais","Southeast","Minas Gerais"
312940,"Ibertioga","Ibertioga","MG","Minas Gerais","Southeast","Minas Gerais"
312950,"Ibiá","Ibia","MG","Minas Gerais","Southeast","Minas Gerais"
312960,"Ibiaí","Ibiai","MG","Minas Gerais","Southeast","Minas Gerais"
312965,"Ibiracatu","Ibiracatu","MG","Minas Gerais","Southeast","Minas Gerais"
312970,"Ibiraci","Ibiraci","MG","Minas Gerais","Southeast","Minas Gerais"
312980,"Ibirité","Ibirite","MG","Minas Gerais","Southeast","Minas Gerais"
312990,"Ibitiúra de Minas","Ibitiura de Minas","MG","Minas Gerais","Southeast","Minas Gerais"
313000,"Ibituruna","Ibituruna","MG","Minas Gerais","Southeast","Minas Gerais"
313005,"Icaraí de Minas","Icarai de Minas","MG","Minas Gerais","Southeast","Minas Gerais"
313010,"Igarapé","Igarape","MG","Minas Gerais","Southeast","Minas Gerais"
313020,"Igaratinga","Igaratinga","MG","Minas Gerais","Southeast","Minas Gerais"
313030,"Iguatama","Iguatama","MG","Minas Gerais","Southeast","Minas Gerais"
313040,"Ijaci","Ijaci","MG","Minas Gerais","Southeast","Minas Gerais"
313050,"Ilicínea","Ilicinea","MG","Minas Gerais","Southeast","Minas Gerais"
313055,"Imbé de Minas","Imbe de Minas","MG","Minas Gerais","Southeast","Minas Gerais"
313060,"Inconfidentes","Inconfidentes","MG","Minas Gerais","Southeast","Minas Gerais"
313065,"Indaiabira","Indaiabira","MG","Minas Gerais","Southeast","Minas Gerais"
313070,"Indianópolis","Indianopolis","MG","Minas Gerais","Southeast","Minas Gerais"
313080,"Ingaí","Ingai","MG","Minas Gerais","Southeast","Minas Gerais"
313090,"Inhapim","Inhapim","MG","Minas Gerais","Southeast","Minas Gerais"
313100,"Inhaúma","Inhauma","MG","Minas Gerais","Southeast","Minas Gerais"
313110,"Inimutaba","Inimutaba","MG","Minas Gerais","Southeast","Minas Gerais"
313115,"Ipaba","Ipaba","MG","Minas Gerais","Southeast","Minas Gerais"
313120,"Ipanema","Ipanema","MG","Minas Gerais","Southeast","Minas Gerais"
313130,"Ipatinga","Ipatinga","MG","Minas Gerais","Southeast","Minas Gerais"
313140,"Ipiaçu","Ipiacu","MG","Minas Gerais","Southeast","Minas Gerais"
313150,"Ipuiúna","Ipuiuna","MG","Minas Gerais","Southeast","Minas Gerais"
313160,"Iraí de Minas","Irai de Minas","MG","Minas Gerais","Southeast","Minas Gerais"
313170,"Itabira","Itabira","MG","Minas Gerais","Southeast","Minas Gerais"
313180,"Itabirinha","Itabirinha","MG","Minas Gerais","Southeast","Minas Gerais"
313190,"Itabirito","Itabirito","MG","Minas Gerais","Southeast","Minas Gerais"
313200,"Itacambira","Itacambira","MG","Minas Gerais","Southeast","Minas Gerais"
313210,"Itacarambi","Itacarambi","MG","Minas Gerais","Southeast","Minas Gerais"
313220,"Itaguara","Itaguara","MG","Minas Gerais","Southeast","Minas Gerais"
313230,"Itaipé","Itaipe","MG","Minas Gerais","Southeast","Minas Gerais"
313240,"Itajubá","Itajuba","MG","Minas Gerais","Southeast","Minas Gerais"
313250,"Itamarandiba","Itamarandiba","MG","Minas Gerais","Southeast","Minas Gerais"
313260,"Itamarati de Minas","Itamarati de Minas","MG","Minas Gerais","Southeast","Minas Gerais"
313270,"Itambacuri","Itambacuri","MG","Minas Gerais","Southeast","Minas Gerais"
313280,"Itambé do Mato Dentro","Itambe do Mato Dentro","MG","Minas Gerais","Southeast","Minas Gerais"
313290,"Itamogi","Itamogi","MG","Minas Gerais","Southeast","Minas Gerais"
313300,"Itamonte","Itamonte","MG","Minas Gerais","Southeast","Minas Gerais"
313310,"Itanhandu","Itanhandu","MG","Minas Gerais","Southeast","Minas Gerais"
313320,"Itanhomi","Itanhomi","MG","Minas Gerais","Southeast","Minas Gerais"
313330,"Itaobim","Itaobim","MG","Minas Gerais","Southeast","Minas Gerais"
313340,"Itapagipe","Itapagipe","MG","Minas Gerais","Southeast","Minas Gerais"
313350,"Itapecerica","Itapecerica","MG","Minas Gerais","Southeast","Minas Gerais"
313360,"Itapeva","Itapeva","MG","Minas Gerais","Southeast","Minas Gerais"
313370,"Itatiaiuçu","Itatiaiucu","MG","Minas Gerais","Southeast","Minas Gerais"
313375,"Itaú de Minas","Itau de Minas","MG","Minas Gerais","Southeast","Minas Gerais"
313380,"Itaúna","Itauna","MG","Minas Gerais","Southeast","Minas Gerais"
313390,"Itaverava","Itaverava","MG","Minas Gerais","Southeast","Minas Gerais"
313400,"Itinga","Itinga","MG","Minas Gerais","Southeast","Minas Gerais"
313410,"Itueta","Itueta","MG","Minas Gerais","Southeast","Minas Gerais"
313420,"Ituiutaba","Ituiutaba","MG","Minas Gerais","Southeast","Minas Gerais"
313430,"Itumirim","Itumirim","MG","Minas Gerais","Southeast","Minas Gerais"
313440,"Iturama","Iturama","MG","Minas Gerais","Southeast","Minas Gerais"
313450,"Itutinga","Itutinga","MG","Minas Gerais","Southeast","Minas Gerais"
313460,"Jaboticatubas","Jaboticatubas","MG","Minas Gerais","Southeast","Minas Gerais"
313470,"Jacinto","Jacinto","MG","Minas Gerais","Southeast","Minas Gerais"
313480,"Jacuí","Jacui","MG","Minas Gerais","Southeast","Minas Gerais"
313490,"Jacutinga","Jacutinga","MG","Minas Gerais","Southeast","Minas Gerais"
313500,"Jaguaraçu","Jaguaracu","MG","Minas Gerais","Southeast","Minas Gerais"
313505,"Jaíba","Jaiba","MG","Minas Gerais","Southeast","Minas Gerais"
313507,"Jampruca","Jampruca","MG","Minas Gerais","Southeast","Minas Gerais"
313510,"Janaúba","Janauba","MG","Minas Gerais","Southeast","Minas Gerais"
313520,"Januária","Januaria","MG","Minas Gerais","Southeast","Minas Gerais"
313530,"Japaraíba","Japaraiba","MG","Minas Gerais","Southeast","Minas Gerais"
313535,"Japonvar","Japonvar","MG","Minas Gerais","Southeast","Minas Gerais"
313540,"Jeceaba","Jeceaba","MG","Minas Gerais","Southeast","Minas Gerais"
313545,"Jenipapo de Minas","Jenipapo de Minas","MG","Minas Gerais","Southeast","Minas Gerais"
313550,"Jequeri","Jequeri","MG","Minas Gerais","Southeast","Minas Gerais"
313560,"Jequitaí","Jequitai","MG","Minas Gerais","Southeast","Minas Gerais"
313570,"Jequitibá","Jequitiba","MG","Minas Gerais","Southeast","Minas Gerais"
313580,"Jequitinhonha","Jequitinhonha","MG","Minas Gerais","Southeast","Minas Gerais"
313590,"Jesuânia","Jesuania","MG","Minas Gerais","Southeast","Minas Gerais"
313600,"Joaíma","Joaima","MG","Minas Gerais","Southeast","Minas Gerais"
313610,"Joanésia","Joanesia","MG","Minas Gerais","Southeast","Minas Gerais"
313620,"João Monlevade","Joao Monlevade","MG","Minas Gerais","Southeast","Minas Gerais"
313630,"João Pinheiro","Joao Pinheiro","MG","Minas Gerais","Southeast","Minas Gerais"
313640,"Joaquim Felício","Joaquim Felicio","MG","Minas Gerais","Southeast","Minas Gerais"
313650,"Jordânia","Jordania","MG","Minas Gerais","Southeast","Minas Gerais"
313652,"José Gonçalves de Minas","Jose Goncalves de Minas","MG","Minas Gerais","Southeast","Minas Gerais"
313655,"José Raydan","Jose Raydan","MG","Minas Gerais","Southeast","Minas Gerais"
313657,"Josenópolis","Josenopolis","MG","Minas Gerais","Southeast","Minas Gerais"
313660,"Nova União","Nova Uniao","MG","Minas Gerais","Southeast","Minas Gerais"
313665,"Juatuba","Juatuba","MG","Minas Gerais","Southeast","Minas Gerais"
313670,"Juiz de Fora","Juiz de Fora","MG","Minas Gerais","Southeast","Minas Gerais"
313680,"Juramento","Juramento","MG","Minas Gerais","Southeast","Minas Gerais"
313690,"Juruaia","Juruaia","MG","Minas Gerais","Southeast","Minas Gerais"
313695,"Juvenília","Juvenilia","MG","Minas Gerais","Southeast","Minas Gerais"
313700,"Ladainha","Ladainha","MG","Minas Gerais","Southeast","Minas Gerais"
313710,"Lagamar","Lagamar","MG","Minas Gerais","Southeast","Minas Gerais"
313720,"Lagoa da Prata","Lagoa da Prata","MG","Minas Gerais","Southeast","Minas Gerais"
313730,"Lagoa dos Patos","Lagoa dos Patos","MG","Minas Gerais","Southeast","Minas Gerais"
313740,"Lagoa Dourada","Lagoa Dourada","MG","Minas Gerais","Southeast","Minas Gerais"
313750,"Lagoa Formosa","Lagoa Formosa","MG","Minas Gerais","Southeast","Minas Gerais"
313753,"Lagoa Grande","Lagoa Grande","MG","Minas Gerais","Southeast","Minas Gerais"
313760,"Lagoa Santa","Lagoa Santa","MG","Minas Gerais","Southeast","Minas Gerais"
313770,"Lajinha","Lajinha","MG","Minas Gerais","Southeast","Minas Gerais"
313780,"Lambari","Lambari","MG","Minas Gerais","Southeast","Minas Gerais"
313790,"Lamim","Lamim","MG","Minas Gerais","Southeast","Minas Gerais"
313800,"Laranjal","Laranjal","MG","Minas Gerais","Southeast","Minas Gerais"
313810,"Lassance","Lassance","MG","Minas Gerais","Southeast","Minas Gerais"
313820,"Lavras","Lavras","MG","Minas Gerais","Southeast","Minas Gerais"
313830,"Leandro Ferreira","Leandro Ferreira","MG","Minas Gerais","Southeast","Minas Gerais"
313835,"Leme do Prado","Leme do Prado","MG","Minas Gerais","Southeast","Minas Gerais"
313840,"Leopoldina","Leopoldina","MG","Minas Gerais","Southeast","Minas Gerais"
313850,"Liberdade","Liberdade","MG","Minas Gerais","Southeast","Minas Gerais"
313860,"Lima Duarte","Lima Duarte","MG","Minas Gerais","Southeast","Minas Gerais"
313862,"Limeira do Oeste","Limeira do Oeste","MG","Minas Gerais","Southeast","Minas Gerais"
313865,"Lontra","Lontra","MG","Minas Gerais","Southeast","Minas Gerais"
313867,"Luisburgo","Luisburgo","MG","Minas Gerais","Southeast","Minas Gerais"
313868,"Luislândia","Luislandia","MG","Minas Gerais","Southeast","Minas Gerais"
313870,"Luminárias","Luminarias","MG","Minas Gerais","Southeast","Minas Gerais"
313880,"Luz","Luz","MG","Minas Gerais","Southeast","Minas Gerais"
313890,"Machacalis","Machacalis","MG","Minas Gerais","Southeast","Minas Gerais"
313900,"Machado","Machado","MG","Minas Gerais","Southeast","Minas Gerais"
313910,"Madre de Deus de Minas","Madre de Deus de Minas","MG","Minas Gerais","Southeast","Minas Gerais"
313920,"Malacacheta","Malacacheta","MG","Minas Gerais","Southeast","Minas Gerais"
313925,"Mamonas","Mamonas","MG","Minas Gerais","Southeast","Minas Gerais"
313930,"Manga","Manga","MG","Minas Gerais","Southeast","Minas Gerais"
313940,"Manhuaçu","Manhuacu","MG","Minas Gerais","Southeast","Minas Gerais"
313950,"Manhumirim","Manhumirim","MG","Minas Gerais","Southeast","Minas Gerais"
313960,"Mantena","Mantena","MG","Minas Gerais","Southeast","Minas Gerais"
313970,"Maravilhas","Maravilhas","MG","Minas Gerais","Southeast","Minas Gerais"
313980,"Mar de Espanha","Mar de Espanha","MG","Minas Gerais","Southeast","Minas Gerais"
313990,"Maria da Fé","Maria da Fe","MG","Minas Gerais","Southeast","Minas Gerais"
314000,"Mariana","Mariana","MG","Minas Gerais","Southeast","Minas Gerais"
314010,"Marilac","Marilac","MG","Minas Gerais","Southeast","Minas Gerais"
314015,"Mário Campos","Mario Campos","MG","Minas Gerais","Southeast","Minas Gerais"
314020,"Maripá de Minas","Maripa de Minas","MG","Minas Gerais","Southeast","Minas Gerais"
314030,"Marliéria","Marlieria","MG","Minas Gerais","Southeast","Minas Gerais"
314040,"Marmelópolis","Marmelopolis","MG","Minas Gerais","Southeast","Minas Gerais"
314050,"Martinho Campos","Martinho Campos","MG","Minas Gerais","Southeast","Minas Gerais"
314053,"Martins Soares","Martins Soares","MG","Minas Gerais","Southeast","Minas Gerais"
314055,"Mata Verde","Mata Verde","MG","Minas Gerais","Southeast","Minas Gerais"
314060,"Materlândia","Materlandia","MG","Minas Gerais","Southeast","Minas Gerais"
314070,"Mateus Leme","Mateus Leme","MG","Minas Gerais","Southeast","Minas Gerais"
314080,"Matias Barbosa","Matias Barbosa","MG","Minas Gerais","Southeast","Minas Gerais"
314085,"Matias Cardoso","Matias Cardoso","MG","Minas Gerais","Southeast","Minas Gerais"
314090,"Matipó","Matipo","MG","Minas Gerais","Southeast","Minas Gerais"
314100,"Mato Verde","Mato Verde","MG","Minas Gerais","Southeast","Minas Gerais"
314110,"Matozinhos","Matozinhos","MG","Minas Gerais","Southeast","Minas Gerais"
314120,"Matutina","Matutina","MG","Minas Gerais","Southeast","Minas Gerais"
314130,"Medeiros","Medeiros","MG","Minas Gerais","Southeast","Minas Gerais"
314140,"Medina","Medina","MG","Minas Gerais","Southeast","Minas Gerais"
314150,"Mendes Pimentel","Mendes Pimentel","MG","Minas Gerais","Southeast","Minas Gerais"
314160,"Mercês","Merces","MG","Minas Gerais","Southeast","Minas Gerais"
314170,"Mesquita","Mesquita","MG","Minas Gerais","Southeast","Minas Gerais"
314180,"Minas Novas","Minas Novas","MG","Minas Gerais","Southeast","Minas Gerais"
314190,"Minduri","Minduri","MG","Minas Gerais","Southeast","Minas Gerais"
314200,"Mirabela","Mirabela","MG","Minas Gerais","Southeast","Minas Gerais"
314210,"Miradouro","Miradouro","MG","Minas Gerais","Southeast","Minas Gerais"
314220,"Miraí","Mirai","MG","Minas Gerais","Southeast","Minas Gerais"
314225,"Miravânia","Miravania","MG","Minas Gerais","Southeast","Minas Gerais"
314230,"Moeda","Moeda","MG","Minas Gerais","Southeast","Minas Gerais"
314240,"Moema","Moema","MG","Minas Gerais","Southeast","Minas Gerais"
314250,"Monjolos","Monjolos","MG","Minas Gerais","Southeast","Minas Gerais"
314260,"Monsenhor Paulo","Monsenhor Paulo","MG","Minas Gerais","Southeast","Minas Gerais"
314270,"Montalvânia","Montalvania","MG","Minas Gerais","Southeast","Minas Gerais"
314280,"Monte Alegre de Minas","Monte Alegre de Minas","MG","Minas Gerais","Southeast","Minas Gerais"
314290,"Monte Azul","Monte Azul","MG","Minas Gerais","Southeast","Minas Gerais"
314300,"Monte Belo","Monte Belo","MG","Minas Gerais","Southeast","Minas Gerais"
314310,"Monte Carmelo","Monte Carmelo","MG","Minas Gerais","Southeast","Minas Gerais"
314315,"Monte Formoso","Monte Formoso","MG","Minas Gerais","Southeast","Minas Gerais"
314320,"Monte Santo de Minas","Monte Santo de Minas","MG","Minas Gerais","Southeast","Minas Gerais"
314330,"Montes Claros","Montes Claros","MG","Minas Gerais","Southeast","Minas Gerais"
314340,"Monte Sião","Monte Siao","MG","Minas Gerais","Southeast","Minas Gerais"
314345,"Montezuma","Montezuma","MG","Minas Gerais","Southeast","Minas Gerais"
314350,"Morada Nova de Minas","Morada Nova de Minas","MG","Minas Gerais","Southeast","Minas Gerais"
314360,"Morro da Garça","Morro da Garca","MG","Minas Gerais","Southeast","Minas Gerais"
314370,"Morro do Pilar","Morro do Pilar","MG","Minas Gerais","Southeast","Minas Gerais"
314380,"Munhoz","Munhoz","MG","Minas Gerais","Southeast","Minas Gerais"
314390,"Muriaé","Muriae","MG","Minas Gerais","Southeast","Minas Gerais"
314400,"Mutum","Mutum","MG","Minas Gerais","Southeast","Minas Gerais"
314410,"Muzambinho","Muzambinho","MG","Minas Gerais","Southeast","Minas Gerais"
314420,"Nacip Raydan","Nacip Raydan","MG","Minas Gerais","Southeast","Minas Gerais"
314430,"Nanuque","Nanuque","MG","Minas Gerais","Southeast","Minas Gerais"
314435,"Naque","Naque","MG","Minas Gerais","Southeast","Minas Gerais"
314437,"Natalândia","Natalandia","MG","Minas Gerais","Southeast","Minas Gerais"
314440,"Natércia","Natercia","MG","Minas Gerais","Southeast","Minas Gerais"
314450,"Nazareno","Nazareno","MG","Minas Gerais","Southeast","Minas Gerais"
314460,"Nepomuceno","Nepomuceno","MG","Minas Gerais","Southeast","Minas Gerais"
314465,"Ninheira","Ninheira","MG","Minas Gerais","Southeast","Minas Gerais"
314467,"Nova Belém","Nova Belem","MG","Minas Gerais","Southeast","Minas Gerais"
314470,"Nova Era","Nova Era","MG","Minas Gerais","Southeast","Minas Gerais"
314480,"Nova Lima","Nova Lima","MG","Minas Gerais","Southeast","Minas Gerais"
314490,"Nova Módica","Nova Modica","MG","Minas Gerais","Southeast","Minas Gerais"
314500,"Nova Ponte","Nova Ponte","MG","Minas Gerais","Southeast","Minas Gerais"
314505,"Nova Porteirinha","Nova Porteirinha","MG","Minas Gerais","Southeast","Minas Gerais"
314510,"Nova Resende","Nova Resende","MG","Minas Gerais","Southeast","Minas Gerais"
314520,"Nova Serrana","Nova Serrana","MG","Minas Gerais","Southeast","Minas Gerais"
314530,"Novo Cruzeiro","Novo Cruzeiro","MG","Minas Gerais","Southeast","Minas Gerais"
314535,"Novo Oriente de Minas","Novo Oriente de Minas","MG","Minas Gerais","Southeast","Minas Gerais"
314537,"Novorizonte","Novorizonte","MG","Minas Gerais","Southeast","Minas Gerais"
314540,"Olaria","Olaria","MG","Minas Gerais","Southeast","Minas Gerais"
314545,"Olhos-d'Água","Olhos-d'Agua","MG","Minas Gerais","Southeast","Minas Gerais"
314550,"Olímpio Noronha","Olimpio Noronha","MG","Minas Gerais","Southeast","Minas Gerais"
314560,"Oliveira","Oliveira","MG","Minas Gerais","Southeast","Minas Gerais"
314570,"Oliveira Fortes","Oliveira Fortes","MG","Minas Gerais","Southeast","Minas Gerais"
314580,"Onça de Pitangui","Onca de Pitangui","MG","Minas Gerais","Southeast","Minas Gerais"
314585,"Oratórios","Oratorios","MG","Minas Gerais","Southeast","Minas Gerais"
314587,"Orizânia","Orizania","MG","Minas Gerais","Southeast","Minas Gerais"
314590,"Ouro Branco","Ouro Branco","MG","Minas Gerais","Southeast","Minas Gerais"
314600,"Ouro Fino","Ouro Fino","MG","Minas Gerais","Southeast","Minas Gerais"
314610,"Ouro Preto","Ouro Preto","MG","Minas Gerais","Southeast","Minas Gerais"
314620,"Ouro Verde de Minas","Ouro Verde de Minas","MG","Minas Gerais","Southeast","Minas Gerais"
314625,"Padre Carvalho","Padre Carvalho","MG","Minas Gerais","Southeast","Minas Gerais"
314630,"Padre Paraíso","Padre Paraiso","MG","Minas Gerais","Southeast","Minas Gerais"
314640,"Paineiras","Paineiras","MG","Minas Gerais","Southeast","Minas Gerais"
314650,"Pains","Pains","MG","Minas Gerais","Southeast","Minas Gerais"
314655,"Pai Pedro","Pai Pedro","MG","Minas Gerais","Southeast","Minas Gerais"
314660,"Paiva","Paiva","MG","Minas Gerais","Southeast","Minas Gerais"
314670,"Palma","Palma","MG","Minas Gerais","Southeast","Minas Gerais"
314675,"Palmópolis","Palmopolis","MG","Minas Gerais","Southeast","Minas Gerais"
314690,"Papagaios","Papagaios","MG","Minas Gerais","Southeast","Minas Gerais"
314700,"Paracatu","Paracatu","MG","Minas Gerais","Southeast","Minas Gerais"
314710,"Pará de Minas","Para de Minas","MG","Minas Gerais","Southeast","Minas Gerais"
314720,"Paraguaçu","Paraguacu","MG","Minas Gerais","Southeast","Minas Gerais"
314730,"Paraisópolis","Paraisopolis","MG","Minas Gerais","Southeast","Minas Gerais"
314740,"Paraopeba","Paraopeba","MG","Minas Gerais","Southeast","Minas Gerais"
314750,"Passabém","Passabem","MG","Minas Gerais","Southeast","Minas Gerais"
314760,"Passa Quatro","Passa Quatro","MG","Minas Gerais","Southeast","Minas Gerais"
314770,"Passa Tempo","Passa Tempo","MG","Minas Gerais","Southeast","Minas Gerais"
314780,"Passa Vinte","Passa Vinte","MG","Minas Gerais","Southeast","Minas Gerais"
314790,"Passos","Passos","MG","Minas Gerais","Southeast","Minas Gerais"
314795,"Patis","Patis","MG","Minas Gerais","Southeast","Minas Gerais"
314800,"Patos de Minas","Patos de Minas","MG","Minas Gerais","Southeast","Minas Gerais"
314810,"Patrocínio","Patrocinio","MG","Minas Gerais","Southeast","Minas Gerais"
314820,"Patrocínio do Muriaé","Patrocinio do Muriae","MG","Minas Gerais","Southeast","Minas Gerais"
314830,"Paula Cândido","Paula Candido","MG","Minas Gerais","Southeast","Minas Gerais"
314840,"Paulistas","Paulistas","MG","Minas Gerais","Southeast","Minas Gerais"
314850,"Pavão","Pavao","MG","Minas Gerais","Southeast","Minas Gerais"
314860,"Peçanha","Pecanha","MG","Minas Gerais","Southeast","Minas Gerais"
314870,"Pedra Azul","Pedra Azul","MG","Minas Gerais","Southeast","Minas Gerais"
314875,"Pedra Bonita","Pedra Bonita","MG","Minas Gerais","Southeast","Minas Gerais"
314880,"Pedra do Anta","Pedra do Anta","MG","Minas Gerais","Southeast","Minas Gerais"
314890,"Pedra do Indaiá","Pedra do Indaia","MG","Minas Gerais","Southeast","Minas Gerais"
314900,"Pedra Dourada","Pedra Dourada","MG","Minas Gerais","Southeast","Minas Gerais"
314910,"Pedralva","Pedralva","MG","Minas Gerais","Southeast","Minas Gerais"
314915,"Pedras de Maria da Cruz","Pedras de Maria da Cruz","MG","Minas Gerais","Southeast","Minas Gerais"
314920,"Pedrinópolis","Pedrinopolis","MG","Minas Gerais","Southeast","Minas Gerais"
314930,"Pedro Leopoldo","Pedro Leopoldo","MG","Minas Gerais","Southeast","Minas Gerais"
314940,"Pedro Teixeira","Pedro Teixeira","MG","Minas Gerais","Southeast","Minas Gerais"
314950,"Pequeri","Pequeri","MG","Minas Gerais","Southeast","Minas Gerais"
314960,"Pequi","Pequi","MG","Minas Gerais","Southeast","Minas Gerais"
314970,"Perdigão","Perdigao","MG","Minas Gerais","Southeast","Minas Gerais"
314980,"Perdizes","Perdizes","MG","Minas Gerais","Southeast","Minas Gerais"
314990,"Perdões","Perdoes","MG","Minas Gerais","Southeast","Minas Gerais"
314995,"Periquito","Periquito","MG","Minas Gerais","Southeast","Minas Gerais"
315000,"Pescador","Pescador","MG","Minas Gerais","Southeast","Minas Gerais"
315010,"Piau","Piau","MG","Minas Gerais","Southeast","Minas Gerais"
315015,"Piedade de Caratinga","Piedade de Caratinga","MG","Minas Gerais","Southeast","Minas Gerais"
315020,"Piedade de Ponte Nova","Piedade de Ponte Nova","MG","Minas Gerais","Southeast","Minas Gerais"
315030,"Piedade do Rio Grande","Piedade do Rio Grande","MG","Minas Gerais","Southeast","Minas Gerais"
315040,"Piedade dos Gerais","Piedade dos Gerais","MG","Minas Gerais","Southeast","Minas Gerais"
315050,"Pimenta","Pimenta","MG","Minas Gerais","Southeast","Minas Gerais"
315053,"Pingo-d'Água","Pingo-d'Agua","MG","Minas Gerais","Southeast","Minas Gerais"
315057,"Pintópolis","Pintopolis","MG","Minas Gerais","Southeast","Minas Gerais"
315060,"Piracema","Piracema","MG","Minas Gerais","Southeast","Minas Gerais"
315070,"Pirajuba","Pirajuba","MG","Minas Gerais","Southeast","Minas Gerais"
315080,"Piranga","Piranga","MG","Minas Gerais","Southeast","Minas Gerais"
315090,"Piranguçu","Pirangucu","MG","Minas Gerais","Southeast","Minas Gerais"
315100,"Piranguinho","Piranguinho","MG","Minas Gerais","Southeast","Minas Gerais"
315110,"Pirapetinga","Pirapetinga","MG","Minas Gerais","Southeast","Minas Gerais"
315120,"Pirapora","Pirapora","MG","Minas Gerais","Southeast","Minas Gerais"
315130,"Piraúba","Pirauba","MG","Minas Gerais","Southeast","Minas Gerais"
315140,"Pitangui","Pitangui","MG","Minas Gerais","Southeast","Minas Gerais"
315150,"Piumhi","Piumhi","MG","Minas Gerais","Southeast","Minas Gerais"
315160,"Planura","Planura","MG","Minas Gerais","Southeast","Minas Gerais"
315170,"Poço Fundo","Poco Fundo","MG","Minas Gerais","Southeast","Minas Gerais"
315180,"Poços de Caldas","Pocos de Caldas","MG","Minas Gerais","Southeast","Minas Gerais"
315190,"Pocrane","Pocrane","MG","Minas Gerais","Southeast","Minas Gerais"
315200,"Pompéu","Pompeu","MG","Minas Gerais","Southeast","Minas Gerais"
315210,"Ponte Nova","Ponte Nova","MG","Minas Gerais","Southeast","Minas Gerais"
315213,"Ponto Chique","Ponto Chique","MG","Minas Gerais","Southeast","Minas Gerais"
315217,"Ponto dos Volantes","Ponto dos Volantes","MG","Minas Gerais","Southeast","Minas Gerais"
315220,"Porteirinha","Porteirinha","MG","Minas Gerais","Southeast","Minas Gerais"
315230,"Porto Firme","Porto Firme","MG","Minas Gerais","Southeast","Minas Gerais"
315240,"Poté","Pote","MG","Minas Gerais","Southeast","Minas Gerais"
315250,"Pouso Alegre","Pouso Alegre","MG","Minas Gerais","Southeast","Minas Gerais"
315260,"Pouso Alto","Pouso Alto","MG","Minas Gerais","Southeast","Minas Gerais"
315270,"Prados","Prados","MG","Minas Gerais","Southeast","Minas Gerais"
315280,"Prata","Prata","MG","Minas Gerais","Southeast","Minas Gerais"
315290,"Pratápolis","Pratapolis","MG","Minas Gerais","Southeast","Minas Gerais"
315300,"Pratinha","Pratinha","MG","Minas Gerais","Southeast","Minas Gerais"
315310,"Presidente Bernardes","Presidente Bernardes","MG","Minas Gerais","Southeast","Minas Gerais"
315320,"Presidente Juscelino","Presidente Juscelino","MG","Minas Gerais","Southeast","Minas Gerais"
315330,"Presidente Kubitschek","Presidente Kubitschek","MG","Minas Gerais","Southeast","Minas Gerais"
315340,"Presidente Olegário","Presidente Olegario","MG","Minas Gerais","Southeast","Minas Gerais"
315350,"Alto Jequitibá","Alto Jequitiba","MG","Minas Gerais","Southeast","Minas Gerais"
315360,"Prudente de Morais","Prudente de Morais","MG","Minas Gerais","Southeast","Minas Gerais"
315370,"Quartel Geral","Quartel Geral","MG","Minas Gerais","Southeast","Minas Gerais"
315380,"Queluzito","Queluzito","MG","Minas Gerais","Southeast","Minas Gerais"
315390,"Raposos","Raposos","MG","Minas Gerais","Southeast","Minas Gerais"
315400,"Raul Soares","Raul Soares","MG","Minas Gerais","Southeast","Minas Gerais"
315410,"Recreio","Recreio","MG","Minas Gerais","Southeast","Minas Gerais"
315415,"Reduto","Reduto","MG","Minas Gerais","Southeast","Minas Gerais"
315420,"Resende Costa","Resende Costa","MG","Minas Gerais","Southeast","Minas Gerais"
315430,"Resplendor","Resplendor","MG","Minas Gerais","Southeast","Minas Gerais"
315440,"Ressaquinha","Ressaquinha","MG","Minas Gerais","Southeast","Minas Gerais"
315445,"Riachinho","Riachinho","MG","Minas Gerais","Southeast","Minas Gerais"
315450,"Riacho dos Machados","Riacho dos Machados","MG","Minas Gerais","Southeast","Minas Gerais"
315460,"Ribeirão das Neves","Ribeirao das Neves","MG","Minas Gerais","Southeast","Minas Gerais"
315470,"Ribeirão Vermelho","Ribeirao Vermelho","MG","Minas Gerais","Southeast","Minas Gerais"
315480,"Rio Acima","Rio Acima","MG","Minas Gerais","Southeast","Minas Gerais"
315490,"Rio Casca","Rio Casca","MG","Minas Gerais","Southeast","Minas Gerais"
315500,"Rio Doce","Rio Doce","MG","Minas Gerais","Southeast","Minas Gerais"
315510,"Rio do Prado","Rio do Prado","MG","Minas Gerais","Southeast","Minas Gerais"
315520,"Rio Espera","Rio Espera","MG","Minas Gerais","Southeast","Minas Gerais"
315530,"Rio Manso","Rio Manso","MG","Minas Gerais","Southeast","Minas Gerais"
315540,"Rio Novo","Rio Novo","MG","Minas Gerais","Southeast","Minas Gerais"
315550,"Rio Paranaíba","Rio Paranaiba","MG","Minas Gerais","Southeast","Minas Gerais"
315560,"Rio Pardo de Minas","Rio Pardo de Minas","MG","Minas Gerais","Southeast","Minas Gerais"
315570,"Rio Piracicaba","Rio Piracicaba","MG","Minas Gerais","Southeast","Minas Gerais"
315580,"Rio Pomba","Rio Pomba","MG","Minas Gerais","Southeast","Minas Gerais"
315590,"Rio Preto","Rio Preto","MG","Minas Gerais","Southeast","Minas Gerais"
315600,"Rio Vermelho","Rio Vermelho","MG","Minas Gerais","Southeast","Minas Gerais"
315610,"Ritápolis","Ritapolis","MG","Minas Gerais","Southeast","Minas Gerais"
315620,"Rochedo de Minas","Rochedo de Minas","MG","Minas Gerais","Southeast","Minas Gerais"
315630,"Rodeiro","Rodeiro","MG","Minas Gerais","Southeast","Minas Gerais"
315640,"Romaria","Romaria","MG","Minas Gerais","Southeast","Minas Gerais"
315645,"Rosário da Limeira","Rosario da Limeira","MG","Minas Gerais","Southeast","Minas Gerais"
315650,"Rubelita","Rubelita","MG","Minas Gerais","Southeast","Minas Gerais"
315660,"Rubim","Rubim","MG","Minas Gerais","Southeast","Minas Gerais"
315670,"Sabará","Sabara","MG","Minas Gerais","Southeast","Minas Gerais"
315680,"Sabinópolis","Sabinopolis","MG","Minas Gerais","Southeast","Minas Gerais"
315690,"Sacramento","Sacramento","MG","Minas Gerais","Southeast","Minas Gerais"
315700,"Salinas","Salinas","MG","Minas Gerais","Southeast","Minas Gerais"
315710,"Salto da Divisa","Salto da Divisa","MG","Minas Gerais","Southeast","Minas Gerais"
315720,"Santa Bárbara","Santa Barbara","MG","Minas Gerais","Southeast","Minas Gerais"
315725,"Santa Bárbara do Leste","Santa Barbara do Leste","MG","Minas Gerais","Southeast","Minas Gerais"
315727,"Santa Bárbara do Monte Verde","Santa Barbara do Monte Verde","MG","Minas Gerais","Southeast","Minas Gerais"
315730,"Santa Bárbara do Tugúrio","Santa Barbara do Tugurio","MG","Minas Gerais","Southeast","Minas Gerais"
315733,"Santa Cruz de Minas","Santa Cruz de Minas","MG","Minas Gerais","Southeast","Minas Gerais"
315737,"Santa Cruz de Salinas","Santa Cruz de Salinas","MG","Minas Gerais","Southeast","Minas Gerais"
315740,"Santa Cruz do Escalvado","Santa Cruz do Escalvado","MG","Minas Gerais","Southeast","Minas Gerais"
315750,"Santa Efigênia de Minas","Santa Efigenia de Minas","MG","Minas Gerais","Southeast","Minas Gerais"
315760,"Santa Fé de Minas","Santa Fe de Minas","MG","Minas Gerais","Southeast","Minas Gerais"
315765,"Santa Helena de Minas","Santa Helena de Minas","MG","Minas Gerais","Southeast","Minas Gerais"
315770,"Santa Juliana","Santa Juliana","MG","Minas Gerais","Southeast","Minas Gerais"
315780,"Santa Luzia","Santa Luzia","MG","Minas Gerais","Southeast","Minas Gerais"
315790,"Santa Margarida","Santa Margarida","MG","Minas Gerais","Southeast","Minas Gerais"
315800,"Santa Maria de Itabira","Santa Maria de Itabira","MG","Minas Gerais","Southeast","Minas Gerais"
315810,"Santa Maria do Salto","Santa Maria do Salto","MG","Minas Gerais","Southeast","Minas Gerais"
315820,"Santa Maria do Suaçuí","Santa Maria do Suacui","MG","Minas Gerais","Southeast","Minas Gerais"
315830,"Santana da Vargem","Santana da Vargem","MG","Minas Gerais","Southeast","Minas Gerais"
315840,"Santana de Cataguases","Santana de Cataguases","MG","Minas Gerais","Southeast","Minas Gerais"
315850,"Santana de Pirapama","Santana de Pirapama","MG","Minas Gerais","Southeast","Minas Gerais"
315860,"Santana do Deserto","Santana do Deserto","MG","Minas Gerais","Southeast","Minas Gerais"
315870,"Santana do Garambéu","Santana do Garambeu","MG","Minas Gerais","Southeast","Minas Gerais"
315880,"Santana do Jacaré","Santana do Jacare","MG","Minas Gerais","Southeast","Minas Gerais"
315890,"Santana do Manhuaçu","Santana do Manhuacu","MG","Minas Gerais","Southeast","Minas Gerais"
315895,"Santana do Paraíso","Santana do Paraiso","MG","Minas Gerais","Southeast","Minas Gerais"
315900,"Santana do Riacho","Santana do Riacho","MG","Minas Gerais","Southeast","Minas Gerais"
315910,"Santana dos Montes","Santana dos Montes","MG","Minas Gerais","Southeast","Minas Gerais"
315920,"Santa Rita de Caldas","Santa Rita de Caldas","MG","Minas Gerais","Southeast","Minas Gerais"
315930,"Santa Rita de Jacutinga","Santa Rita de Jacutinga","MG","Minas Gerais","Southeast","Minas Gerais"
315935,"Santa Rita de Minas","Santa Rita de Minas","MG","Minas Gerais","Southeast","Minas Gerais"
315940,"Santa Rita de Ibitipoca","Santa Rita de Ibitipoca","MG","Minas Gerais","Southeast","Minas Gerais"
315950,"Santa Rita do Itueto","Santa Rita do Itueto","MG","Minas Gerais","Southeast","Minas Gerais"
315960,"Santa Rita do Sapucaí","Santa Rita do Sapucai","MG","Minas Gerais","Southeast","Minas Gerais"
315970,"Santa Rosa da Serra","Santa Rosa da Serra","MG","Minas Gerais","Southeast","Minas Gerais"
315980,"Santa Vitória","Santa Vitoria","MG","Minas Gerais","Southeast","Minas Gerais"
315990,"Santo Antônio do Amparo","Santo Antonio do Amparo","MG","Minas Gerais","Southeast","Minas Gerais"
316000,"Santo Antônio do Aventureiro","Santo Antonio do Aventureiro","MG","Minas Gerais","Southeast","Minas Gerais"
316010,"Santo Antônio do Grama","Santo Antonio do Grama","MG","Minas Gerais","Southeast","Minas Gerais"
316020,"Santo Antônio do Itambé","Santo Antonio do Itambe","MG","Minas Gerais","Southeast","Minas Gerais"
316030,"Santo Antônio do Jacinto","Santo Antonio do Jacinto","MG","Minas Gerais","Southeast","Minas Gerais"
316040,"Santo Antônio do Monte","Santo Antonio do Monte","MG","Minas Gerais","Southeast","Minas Gerais"
316045,"Santo Antônio do Retiro","Santo Antonio do Retiro","MG","Minas Gerais","Southeast","Minas Gerais"
316050,"Santo Antônio do Rio Abaixo","Santo Antonio do Rio Abaixo","MG","Minas Gerais","Southeast","Minas Gerais"
316060,"Santo Hipólito","Santo Hipolito","MG","Minas Gerais","Southeast","Minas Gerais"
316070,"Santos Dumont","Santos Dumont","MG","Minas Gerais","Southeast","Minas Gerais"
316080,"São Bento Abade","Sao Bento Abade","MG","Minas Gerais","Southeast","Minas Gerais"
316090,"São Brás do Suaçuí","Sao Bras do Suacui","MG","Minas Gerais","Southeast","Minas Gerais"
316095,"São Domingos das Dores","Sao Domingos das Dores","MG","Minas Gerais","Southeast","Minas Gerais"
316100,"São Domingos do Prata","Sao Domingos do Prata","MG","Minas Gerais","Southeast","Minas Gerais"
316105,"São Félix de Minas","Sao Felix de Minas","MG","Minas Gerais","Southeast","Minas Gerais"
316110,"São Francisco","Sao Francisco","MG","Minas Gerais","Southeast","Minas Gerais"
316120,"São Francisco de Paula","Sao Francisco de Paula","MG","Minas Gerais","Southeast","Minas Gerais"
316130,"São Francisco de Sales","Sao Francisco de Sales","MG","Minas Gerais","Southeast","Minas Gerais"
316140,"São Francisco do Glória","Sao Francisco do Gloria","MG","Minas Gerais","Southeast","Minas Gerais"
316150,"São Geraldo","Sao Geraldo","MG","Minas Gerais","Southeast","Minas Gerais"
316160,"São Geraldo da Piedade","Sao Geraldo da Piedade","MG","Minas Gerais","Southeast","Minas Gerais"
316165,"São Geraldo do Baixio","Sao Geraldo do Baixio","MG","Minas Gerais","Southeast","Minas Gerais"
316170,"São Gonçalo do Abaeté","Sao Goncalo do Abaete","MG","Minas Gerais","Southeast","Minas Gerais"
316180,"São Gonçalo do Pará","Sao Goncalo do Para","MG","Minas Gerais","Southeast","Minas Gerais"
316190,"São Gonçalo do Rio Abaixo","Sao Goncalo do Rio Abaixo","MG","Minas Gerais","Southeast","Minas Gerais"
316200,"São Gonçalo do Sapucaí","Sao Goncalo do Sapucai","MG","Minas Gerais","Southeast","Minas Gerais"
316210,"São Gotardo","Sao Gotardo","MG","Minas Gerais","Southeast","Minas Gerais"
316220,"São João Batista do Glória","Sao Joao Batista do Gloria","MG","Minas Gerais","Southeast","Minas Gerais"
316225,"São João da Lagoa","Sao Joao da Lagoa","MG","Minas Gerais","Southeast","Minas Gerais"
316230,"São João da Mata","Sao Joao da Mata","MG","Minas Gerais","Southeast","Minas Gerais"
316240,"São João da Ponte","Sao Joao da Ponte","MG","Minas Gerais","Southeast","Minas Gerais"
316245,"São João das Missões","Sao Joao das Missoes","MG","Minas Gerais","Southeast","Minas Gerais"
316250,"São João del Rei","Sao Joao del Rei","MG","Minas Gerais","Southeast","Minas Gerais"
316255,"São João do Manhuaçu","Sao Joao do Manhuacu","MG","Minas Gerais","Southeast","Minas Gerais"
316257,"São João do Manteninha","Sao Joao do Manteninha","MG","Minas Gerais","Southeast","Minas Gerais"
316260,"São João do Oriente","Sao Joao do Oriente","MG","Minas Gerais","Southeast","Minas Gerais"
316265,"São João do Pacuí","Sao Joao do Pacui","MG","Minas Gerais","Southeast","Minas Gerais"
316270,"São João do Paraíso","Sao Joao do Paraiso","MG","Minas Gerais","Southeast","Minas Gerais"
316280,"São João Evangelista","Sao Joao Evangelista","MG","Minas Gerais","Southeast","Minas Gerais"
316290,"São João Nepomuceno","Sao Joao Nepomuceno","MG","Minas Gerais","Southeast","Minas Gerais"
316292,"São Joaquim de Bicas","Sao Joaquim de Bicas","MG","Minas Gerais","Southeast","Minas Gerais"
316294,"São José da Barra","Sao Jose da Barra","MG","Minas Gerais","Southeast","Minas Gerais"
316295,"São José da Lapa","Sao Jose da Lapa","MG","Minas Gerais","Southeast","Minas Gerais"
316300,"São José da Safira","Sao Jose da Safira","MG","Minas Gerais","Southeast","Minas Gerais"
316310,"São José da Varginha","Sao Jose da Varginha","MG","Minas Gerais","Southeast","Minas Gerais"
316320,"São José do Alegre","Sao Jose do Alegre","MG","Minas Gerais","Southeast","Minas Gerais"
316330,"São José do Divino","Sao Jose do Divino","MG","Minas Gerais","Southeast","Minas Gerais"
316340,"São José do Goiabal","Sao Jose do Goiabal","MG","Minas Gerais","Southeast","Minas Gerais"
316350,"São José do Jacuri","Sao Jose do Jacuri","MG","Minas Gerais","Southeast","Minas Gerais"
316360,"São José do Mantimento","Sao Jose do Mantimento","MG","Minas Gerais","Southeast","Minas Gerais"
316370,"São Lourenço","Sao Lourenco","MG","Minas Gerais","Southeast","Minas Gerais"
316380,"São Miguel do Anta","Sao Miguel do Anta","MG","Minas Gerais","Southeast","Minas Gerais"
316390,"São Pedro da União","Sao Pedro da Uniao","MG","Minas Gerais","Southeast","Minas Gerais"
316400,"São Pedro dos Ferros","Sao Pedro dos Ferros","MG","Minas Gerais","Southeast","Minas Gerais"
316410,"São Pedro do Suaçuí","Sao Pedro do Suacui","MG","Minas Gerais","Southeast","Minas Gerais"
316420,"São Romão","Sao Romao","MG","Minas Gerais","Southeast","Minas Gerais"
316430,"São Roque de Minas","Sao Roque de Minas","MG","Minas Gerais","Southeast","Minas Gerais"
316440,"São Sebastião da Bela Vista","Sao Sebastiao da Bela Vista","MG","Minas Gerais","Southeast","Minas Gerais"
316443,"São Sebastião da Vargem Alegre","Sao Sebastiao da Vargem Alegre","MG","Minas Gerais","Southeast","Minas Gerais"
316447,"São Sebastião do Anta","Sao Sebastiao do Anta","MG","Minas Gerais","Southeast","Minas Gerais"
316450,"São Sebastião do Maranhão","Sao Sebastiao do Maranhao","MG","Minas Gerais","Southeast","Minas Gerais"
316460,"São Sebastião do Oeste","Sao Sebastiao do Oeste","MG","Minas Gerais","Southeast","Minas Gerais"
316470,"São Sebastião do Paraíso","Sao Sebastiao do Paraiso","MG","Minas Gerais","Southeast","Minas Gerais"
316480,"São Sebastião do Rio Preto","Sao Sebastiao do Rio Preto","MG","Minas Gerais","Southeast","Minas Gerais"
316490,"São Sebastião do Rio Verde","Sao Sebastiao do Rio Verde","MG","Minas Gerais","Southeast","Minas Gerais"
316500,"São Tiago","Sao Tiago","MG","Minas Gerais","Southeast","Minas Gerais"
316510,"São Tomás de Aquino","Sao Tomas de Aquino","MG","Minas Gerais","Southeast","Minas Gerais"
316520,"São Tomé das Letras","Sao Tome das Letras","MG","Minas Gerais","Southeast","Minas Gerais"
316530,"São Vicente de Minas","Sao Vicente de Minas","MG","Minas Gerais","Southeast","Minas Gerais"
316540,"Sapucaí-Mirim","Sapucai-Mirim","MG","Minas Gerais","Southeast","Minas Gerais"
316550,"Sardoá","Sardoa","MG","Minas Gerais","Southeast","Minas Gerais"
316553,"Sarzedo","Sarzedo","MG","Minas Gerais","Southeast","Minas Gerais"
316555,"Setubinha","Setubinha","MG","Minas Gerais","Southeast","Minas Gerais"
316556,"Sem-Peixe","Sem-Peixe","MG","Minas Gerais","Southeast","Minas Gerais"
316557,"Senador Amaral","Senador Amaral","MG","Minas Gerais","Southeast","Minas Gerais"
316560,"Senador Cortes","Senador Cortes","MG","Minas Gerais","Southeast","Minas Gerais"
316570,"Senador Firmino","Senador Firmino","MG","Minas Gerais","Southeast","Minas Gerais"
316580,"Senador José Bento","Senador Jose Bento","MG","Minas Gerais","Southeast","Minas Gerais"
316590,"Senador Modestino Gonçalves","Senador Modestino Goncalves","MG","Minas Gerais","Southeast","Minas Gerais"
316600,"Senhora de Oliveira","Senhora de Oliveira","MG","Minas Gerais","Southeast","Minas Gerais"
316610,"Senhora do Porto","Senhora do Porto","MG","Minas Gerais","Southeast","Minas Gerais"
316620,"Senhora dos Remédios","Senhora dos Remedios","MG","Minas Gerais","Southeast","Minas Gerais"
316630,"Sericita","Sericita","MG","Minas Gerais","Southeast","Minas Gerais"
316640,"Seritinga","Seritinga","MG","Minas Gerais","Southeast","Minas Gerais"
316650,"Serra Azul de Minas","Serra Azul de Minas","MG","Minas Gerais","Southeast","Minas Gerais"
316660,"Serra da Saudade","Serra da Saudade","MG","Minas Gerais","Southeast","Minas Gerais"
316670,"Serra dos Aimorés","Serra dos Aimores","MG","Minas Gerais","Southeast","Minas Gerais"
316680,"Serra do Salitre","Serra do Salitre","MG","Minas Gerais","Southeast","Minas Gerais"
316690,"Serrania","Serrania","MG","Minas Gerais","Southeast","Minas Gerais"
316695,"Serranópolis de Minas","Serranopolis de Minas","MG","Minas Gerais","Southeast","Minas Gerais"
316700,"Serranos","Serranos","MG","Minas Gerais","Southeast","Minas Gerais"
316710,"Serro","Serro","MG","Minas Gerais","Southeast","Minas Gerais"
316720,"Sete Lagoas","Sete Lagoas","MG","Minas Gerais","Southeast","Minas Gerais"
316730,"Silveirânia","Silveirania","MG","Minas Gerais","Southeast","Minas Gerais"
316740,"Silvianópolis","Silvianopolis","MG","Minas Gerais","Southeast","Minas Gerais"
316750,"Simão Pereira","Simao Pereira","MG","Minas Gerais","Southeast","Minas Gerais"
316760,"Simonésia","Simonesia","MG","Minas Gerais","Southeast","Minas Gerais"
316770,"Sobrália","Sobralia","MG","Minas Gerais","Southeast","Minas Gerais"
316780,"Soledade de Minas","Soledade de Minas","MG","Minas Gerais","Southeast","Minas Gerais"
316790,"Tabuleiro","Tabuleiro","MG","Minas Gerais","Southeast","Minas Gerais"
316800,"Taiobeiras","Taiobeiras","MG","Minas Gerais","Southeast","Minas Gerais"
316805,"Taparuba","Taparuba","MG","Minas Gerais","Southeast","Minas Gerais"
316810,"Tapira","Tapira","MG","Minas Gerais","Southeast","Minas Gerais"
316820,"Tapiraí","Tapirai","MG","Minas Gerais","Southeast","Minas Gerais"
316830,"Taquaraçu de Minas","Taquaracu de Minas","MG","Minas Gerais","Southeast","Minas Gerais"
316840,"Tarumirim","Tarumirim","MG","Minas Gerais","Southeast","Minas Gerais"
316850,"Teixeiras","Teixeiras","MG","Minas Gerais","Southeast","Minas Gerais"
316860,"Teófilo Otoni","Teofilo Otoni","MG","Minas Gerais","Southeast","Minas Gerais"
316870,"Timóteo","Timoteo","MG","Minas Gerais","Southeast","Minas Gerais"
316880,"Tiradentes","Tiradentes","MG","Minas Gerais","Southeast","Minas Gerais"
316890,"Tiros","Tiros","MG","Minas Gerais","Southeast","Minas Gerais"
316900,"Tocantins","Tocantins","MG","Minas Gerais","Southeast","Minas Gerais"
316905,"Tocos do Moji","Tocos do Moji","MG","Minas Gerais","Southeast","Minas Gerais"
316910,"Toledo","Toledo","MG","Minas Gerais","Southeast","Minas Gerais"
316920,"Tombos","Tombos","MG","Minas Gerais","Southeast","Minas Gerais"
316930,"Três Corações","Tres Coracoes","MG","Minas Gerais","Southeast","Minas Gerais"
316935,"Três Marias","Tres Marias","MG","Minas Gerais","Southeast","Minas Gerais"
316940,"Três Pontas","Tres Pontas","MG","Minas Gerais","Southeast","Minas Gerais"
316950,"Tumiritinga","Tumiritinga","MG","Minas Gerais","Southeast","Minas Gerais"
316960,"Tupaciguara","Tupaciguara","MG","Minas Gerais","Southeast","Minas Gerais"
316970,"Turmalina","Turmalina","MG","Minas Gerais","Southeast","Minas Gerais"
316980,"Turvolândia","Turvolandia","MG","Minas Gerais","Southeast","Minas Gerais"
316990,"Ubá","Uba","MG","Minas Gerais","Southeast","Minas Gerais"
317000,"Ubaí","Ubai","MG","Minas Gerais","Southeast","Minas Gerais"
317005,"Ubaporanga","Ubaporanga","MG","Minas Gerais","Southeast","Minas Gerais"
317010,"Uberaba","Uberaba","MG","Minas Gerais","Southeast","Minas Gerais"
317020,"Uberlândia","Uberlandia","MG","Minas Gerais","Southeast","Minas Gerais"
317030,"Umburatiba","Umburatiba","MG","Minas Gerais","Southeast","Minas Gerais"
317040,"Unaí","Unai","MG","Minas Gerais","Southeast","Minas Gerais"
317043,"União de Minas","Uniao de Minas","MG","Minas Gerais","Southeast","Minas Gerais"
317047,"Uruana de Minas","Uruana de Minas","MG","Minas Gerais","Southeast","Minas Gerais"
317050,"Urucânia","Urucania","MG","Minas Gerais","Southeast","Minas Gerais"
317052,"Urucuia","Urucuia","MG","Minas Gerais","Southeast","Minas Gerais"
317057,"Vargem Alegre","Vargem Alegre","MG","Minas Gerais","Southeast","Minas Gerais"
317060,"Vargem Bonita","Vargem Bonita","MG","Minas Gerais","Southeast","Minas Gerais"
317065,"Vargem Grande do Rio Pardo","Vargem Grande do Rio Pardo","MG","Minas Gerais","Southeast","Minas Gerais"
317070,"Varginha","Varginha","MG","Minas Gerais","Southeast","Minas Gerais"
317075,"Varjão de Minas","Varjao de Minas","MG","Minas Gerais","Southeast","Minas Gerais"
317080,"Várzea da Palma","Varzea da Palma","MG","Minas Gerais","Southeast","Minas Gerais"
317090,"Varzelândia","Varzelandia","MG","Minas Gerais","Southeast","Minas Gerais"
317100,"Vazante","Vazante","MG","Minas Gerais","Southeast","Minas Gerais"
317103,"Verdelândia","Verdelandia","MG","Minas Gerais","Southeast","Minas Gerais"
317107,"Veredinha","Veredinha","MG","Minas Gerais","Southeast","Minas Gerais"
317110,"Veríssimo","Verissimo","MG","Minas Gerais","Southeast","Minas Gerais"
317115,"Vermelho Novo","Vermelho Novo","MG","Minas Gerais","Southeast","Minas Gerais"
317120,"Vespasiano","Vespasiano","MG","Minas Gerais","Southeast","Minas Gerais"
317130,"Viçosa","Vicosa","MG","Minas Gerais","Southeast","Minas Gerais"
317140,"Vieiras","Vieiras","MG","Minas Gerais","Southeast","Minas Gerais"
317150,"Mathias Lobato","Mathias Lobato","MG","Minas Gerais","Southeast","Minas Gerais"
317160,"Virgem da Lapa","Virgem da Lapa","MG","Minas Gerais","Southeast","Minas Gerais"
317170,"Virgínia","Virginia","MG","Minas Gerais","Southeast","Minas Gerais"
317180,"Virginópolis","Virginopolis","MG","Minas Gerais","Southeast","Minas Gerais"
317190,"Virgolândia","Virgolandia","MG","Minas Gerais","Southeast","Minas Gerais"
317200,"Visconde do Rio Branco","Visconde do Rio Branco","MG","Minas Gerais","Southeast","Minas Gerais"
317210,"Volta Grande","Volta Grande","MG","Minas Gerais","Southeast","Minas Gerais"
317220,"Wenceslau Braz","Wenceslau Braz","MG","Minas Gerais","Southeast","Minas Gerais"
320010,"Afonso Cláudio","Afonso Claudio","ES","Espírito Santo","Southeast","Espirito Santo"
320013,"Águia Branca","Aguia Branca","ES","Espírito Santo","Southeast","Espirito Santo"
320016,"Água Doce do Norte","Agua Doce do Norte","ES","Espírito Santo","Southeast","Espirito Santo"
320020,"Alegre","Alegre","ES","Espírito Santo","Southeast","Espirito Santo"
320030,"Alfredo Chaves","Alfredo Chaves","ES","Espírito Santo","Southeast","Espirito Santo"
320035,"Alto Rio Novo","Alto Rio Novo","ES","Espírito Santo","Southeast","Espirito Santo"
320040,"Anchieta","Anchieta","ES","Espírito Santo","Southeast","Espirito Santo"
320050,"Apiacá","Apiaca","ES","Espírito Santo","Southeast","Espirito Santo"
320060,"Aracruz","Aracruz","ES","Espírito Santo","Southeast","Espirito Santo"
320070,"Atílio Vivácqua","Atilio Vivacqua","ES","Espírito Santo","Southeast","Espirito Santo"
320080,"Baixo Guandu","Baixo Guandu","ES","Espírito Santo","Southeast","Espirito Santo"
320090,"Barra de São Francisco","Barra de Sao Francisco","ES","Espírito Santo","Southeast","Espirito Santo"
320100,"Boa Esperança","Boa Esperanca","ES","Espírito Santo","Southeast","Espirito Santo"
320110,"Bom Jesus do Norte","Bom Jesus do Norte","ES","Espírito Santo","Southeast","Espirito Santo"
320115,"Brejetuba","Brejetuba","ES","Espírito Santo","Southeast","Espirito Santo"
320120,"Cachoeiro de Itapemirim","Cachoeiro de Itapemirim","ES","Espírito Santo","Southeast","Espirito Santo"
320130,"Cariacica","Cariacica","ES","Espírito Santo","Southeast","Espirito Santo"
320140,"Castelo","Castelo","ES","Espírito Santo","Southeast","Espirito Santo"
320150,"Colatina","Colatina","ES","Espírito Santo","Southeast","Espirito Santo"
320160,"Conceição da Barra","Conceicao da Barra","ES","Espírito Santo","Southeast","Espirito Santo"
320170,"Conceição do Castelo","Conceicao do Castelo","ES","Espírito Santo","Southeast","Espirito Santo"
320180,"Divino de São Lourenço","Divino de Sao Lourenco","ES","Espírito Santo","Southeast","Espirito Santo"
320190,"Domingos Martins","Domingos Martins","ES","Espírito Santo","Southeast","Espirito Santo"
320200,"Dores do Rio Preto","Dores do Rio Preto","ES","Espírito Santo","Southeast","Espirito Santo"
320210,"Ecoporanga","Ecoporanga","ES","Espírito Santo","Southeast","Espirito Santo"
320220,"Fundão","Fundao","ES","Espírito Santo","Southeast","Espirito Santo"
320225,"Governador Lindenberg","Governador Lindenberg","ES","Espírito Santo","Southeast","Espirito Santo"
320230,"Guaçuí","Guacui","ES","Espírito Santo","Southeast","Espirito Santo"
320240,"Guarapari","Guarapari","ES","Espírito Santo","Southeast","Espirito Santo"
320245,"Ibatiba","Ibatiba","ES","Espírito Santo","Southeast","Espirito Santo"
320250,"Ibiraçu","Ibiracu","ES","Espírito Santo","Southeast","Espirito Santo"
320255,"Ibitirama","Ibitirama","ES","Espírito Santo","Southeast","Espirito Santo"
320260,"Iconha","Iconha","ES","Espírito Santo","Southeast","Espirito Santo"
320265,"Irupi","Irupi","ES","Espírito Santo","Southeast","Espirito Santo"
320270,"Itaguaçu","Itaguacu","ES","Espírito Santo","Southeast","Espirito Santo"
320280,"Itapemirim","Itapemirim","ES","Espírito Santo","Southeast","Espirito Santo"
320290,"Itarana","Itarana","ES","Espírito Santo","Southeast","Espirito Santo"
320300,"Iúna","Iuna","ES","Espírito Santo","Southeast","Espirito Santo"
320305,"Jaguaré","Jaguare","ES","Espírito Santo","Southeast","Espirito Santo"
320310,"Jerônimo Monteiro","Jeronimo Monteiro","ES","Espírito Santo","Southeast","Espirito Santo"
320313,"João Neiva","Joao Neiva","ES","Espírito Santo","Southeast","Espirito Santo"
320316,"Laranja da Terra","Laranja da Terra","ES","Espírito Santo","Southeast","Espirito Santo"
320320,"Linhares","Linhares","ES","Espírito Santo","Southeast","Espirito Santo"
320330,"Mantenópolis","Mantenopolis","ES","Espírito Santo","Southeast","Espirito Santo"
320332,"Marataízes","Marataizes","ES","Espírito Santo","Southeast","Espirito Santo"
320334,"Marechal Floriano","Marechal Floriano","ES","Espírito Santo","Southeast","Espirito Santo"
320335,"Marilândia","Marilandia","ES","Espírito Santo","Southeast","Espirito Santo"
320340,"Mimoso do Sul","Mimoso do Sul","ES","Espírito Santo","Southeast","Espirito Santo"
320350,"Montanha","Montanha","ES","Espírito Santo","Southeast","Espirito Santo"
320360,"Mucurici","Mucurici","ES","Espírito Santo","Southeast","Espirito Santo"
320370,"Muniz Freire","Muniz Freire","ES","Espírito Santo","Southeast","Espirito Santo"
320380,"Muqui","Muqui","ES","Espírito Santo","Southeast","Espirito Santo"
320390,"Nova Venécia","Nova Venecia","ES","Espírito Santo","Southeast","Espirito Santo"
320400,"Pancas","Pancas","ES","Espírito Santo","Southeast","Espirito Santo"
320405,"Pedro Canário","Pedro Canario","ES","Espírito Santo","Southeast","Espirito Santo"
320410,"Pinheiros","Pinheiros","ES","Espírito Santo","Southeast","Espirito Santo"
320420,"Piúma","Piuma","ES","Espírito Santo","Southeast","Espirito Santo"
320425,"Ponto Belo","Ponto Belo","ES","Espírito Santo","Southeast","Espirito Santo"
320430,"Presidente Kennedy","Presidente Kennedy","ES","Espírito Santo","Southeast","Espirito Santo"
320435,"Rio Bananal","Rio Bananal","ES","Espírito Santo","Southeast","Espirito Santo"
320440,"Rio Novo do Sul","Rio Novo do Sul","ES","Espírito Santo","Southeast","Espirito Santo"
320450,"Santa Leopoldina","Santa Leopoldina","ES","Espírito Santo","Southeast","Espirito Santo"
320455,"Santa Maria de Jetibá","Santa Maria de Jetiba","ES","Espírito Santo","Southeast","Espirito Santo"
320460,"Santa Teresa","Santa Teresa","ES","Espírito Santo","Southeast","Espirito Santo"
320465,"São Domingos do Norte","Sao Domingos do Norte","ES","Espírito Santo","Southeast","Espirito Santo"
320470,"São Gabriel da Palha","Sao Gabriel da Palha","ES","Espírito Santo","Southeast","Espirito Santo"
320480,"São José do Calçado","Sao Jose do Calcado","ES","Espírito Santo","Southeast","Espirito Santo"
320490,"São Mateus","Sao Mateus","ES","Espírito Santo","Southeast","Espirito Santo"
320495,"São Roque do Canaã","Sao Roque do Canaa","ES","Espírito Santo","Southeast","Espirito Santo"
320500,"Serra","Serra","ES","Espírito Santo","Southeast","Espirito Santo"
320501,"Sooretama","Sooretama","ES","Espírito Santo","Southeast","Espirito Santo"
320503,"Vargem Alta","Vargem Alta","ES","Espírito Santo","Southeast","Espirito Santo"
320506,"Venda Nova do Imigrante","Venda Nova do Imigrante","ES","Espírito Santo","Southeast","Espirito Santo"
320510,"Viana","Viana","ES","Espírito Santo","Southeast","Espirito Santo"
320515,"Vila Pavão","Vila Pavao","ES","Espírito Santo","Southeast","Espirito Santo"
320517,"Vila Valério","Vila Valerio","ES","Espírito Santo","Southeast","Espirito Santo"
320520,"Vila Velha","Vila Velha","ES","Espírito Santo","Southeast","Espirito Santo"
320530,"Vitória","Vitoria","ES","Espírito Santo","Southeast","Espirito Santo"
330010,"Angra dos Reis","Angra dos Reis","RJ","Rio de Janeiro","Southeast","Rio de Janeiro"
330015,"Aperibé","Aperibe","RJ","Rio de Janeiro","Southeast","Rio de Janeiro"
330020,"Araruama","Araruama","RJ","Rio de Janeiro","Southeast","Rio de Janeiro"
330022,"Areal","Areal","RJ","Rio de Janeiro","Southeast","Rio de Janeiro"
330023,"Armação dos Búzios","Armacao dos Buzios","RJ","Rio de Janeiro","Southeast","Rio de Janeiro"
330025,"Arraial do Cabo","Arraial do Cabo","RJ","Rio de Janeiro","Southeast","Rio de Janeiro"
330030,"Barra do Piraí","Barra do Pirai","RJ","Rio de Janeiro","Southeast","Rio de Janeiro"
330040,"Barra Mansa","Barra Mansa","RJ","Rio de Janeiro","Southeast","Rio de Janeiro"
330045,"Belford Roxo","Belford Roxo","RJ","Rio de Janeiro","Southeast","Rio de Janeiro"
330050,"Bom Jardim","Bom Jardim","RJ","Rio de Janeiro","Southeast","Rio de Janeiro"
330060,"Bom Jesus do Itabapoana","Bom Jesus do Itabapoana","RJ","Rio de Janeiro","Southeast","Rio de Janeiro"
330070,"Cabo Frio","Cabo Frio","RJ","Rio de Janeiro","Southeast","Rio de Janeiro"
330080,"Cachoeiras de Macacu","Cachoeiras de Macacu","RJ","Rio de Janeiro","Southeast","Rio de Janeiro"
330090,"Cambuci","Cambuci","RJ","Rio de Janeiro","Southeast","Rio de Janeiro"
330093,"Carapebus","Carapebus","RJ","Rio de Janeiro","Southeast","Rio de Janeiro"
330095,"Comendador Levy Gasparian","Comendador Levy Gasparian","RJ","Rio de Janeiro","Southeast","Rio de Janeiro"
330100,"Campos dos Goytacazes","Campos dos Goytacazes","RJ","Rio de Janeiro","Southeast","Rio de Janeiro"
330110,"Cantagalo","Cantagalo","RJ","Rio de Janeiro","Southeast","Rio de Janeiro"
330115,"Cardoso Moreira","Cardoso Moreira","RJ","Rio de Janeiro","Southeast","Rio de Janeiro"
330120,"Carmo","Carmo","RJ","Rio de Janeiro","Southeast","Rio de Janeiro"
330130,"Casimiro de Abreu","Casimiro de Abreu","RJ","Rio de Janeiro","Southeast","Rio de Janeiro"
330140,"Conceição de Macabu","Conceicao de Macabu","RJ","Rio de Janeiro","Southeast","Rio de Janeiro"
330150,"Cordeiro","Cordeiro","RJ","Rio de Janeiro","Southeast","Rio de Janeiro"
330160,"Duas Barras","Duas Barras","RJ","Rio de Janeiro","Southeast","Rio de Janeiro"
330170,"Duque de Caxias","Duque de Caxias","RJ","Rio de Janeiro","Southeast","Rio de Janeiro"
330180,"Engenheiro Paulo de Frontin","Engenheiro Paulo de Frontin","RJ","Rio de Janeiro","Southeast","Rio de Janeiro"
330185,"Guapimirim","Guapimirim","RJ","Rio de Janeiro","Southeast","Rio de Janeiro"
330187,"Iguaba Grande","Iguaba Grande","RJ","Rio de Janeiro","Southeast","Rio de Janeiro"
330190,"Itaboraí","Itaborai","RJ","Rio de Janeiro","Southeast","Rio de Janeiro"
330200,"Itaguaí","Itaguai","RJ","Rio de Janeiro","Southeast","Rio de Janeiro"
330205,"Italva","Italva","RJ","Rio de Janeiro","Southeast","Rio de Janeiro"
330210,"Itaocara","Itaocara","RJ","Rio de Janeiro","Southeast","Rio de Janeiro"
330220,"Itaperuna","Itaperuna","RJ","Rio de Janeiro","Southeast","Rio de Janeiro"
330225,"Itatiaia","Itatiaia","RJ","Rio de Janeiro","Southeast","Rio de Janeiro"
330227,"Japeri","Japeri","RJ","Rio de Janeiro","Southeast","Rio de Janeiro"
330230,"Laje do Muriaé","Laje do Muriae","RJ","Rio de Janeiro","Southeast","Rio de Janeiro"
330240,"Macaé","Macae","RJ","Rio de Janeiro","Southeast","Rio de Janeiro"
330245,"Macuco","Macuco","RJ","Rio de Janeiro","Southeast","Rio de Janeiro"
330250,"Magé","Mage","RJ","Rio de Janeiro","Southeast","Rio de Janeiro"
330260,"Mangaratiba","Mangaratiba","RJ","Rio de Janeiro","Southeast","Rio de Janeiro"
330270,"Maricá","Marica","RJ","Rio de Janeiro","Southeast","Rio de Janeiro"
330280,"Mendes","Mendes","RJ","Rio de Janeiro","Southeast","Rio de Janeiro"
330285,"Mesquita","Mesquita","RJ","Rio de Janeiro","Southeast","Rio de Janeiro"
330290,"Miguel Pereira","Miguel Pereira","RJ","Rio de Janeiro","Southeast","Rio de Janeiro"
330300,"Miracema","Miracema","RJ","Rio de Janeiro","Southeast","Rio de Janeiro"
330310,"Natividade","Natividade","RJ","Rio de Janeiro","Southeast","Rio de Janeiro"
330320,"Nilópolis","Nilopolis","RJ","Rio de Janeiro","Southeast","Rio de Janeiro"
330330,"Niterói","Niteroi","RJ","Rio de Janeiro","Southeast","Rio de Janeiro"
330340,"Nova Friburgo","Nova Friburgo","RJ","Rio de Janeiro","Southeast","Rio de Janeiro"
330350,"Nova Iguaçu","Nova Iguacu","RJ","Rio de Janeiro","Southeast","Rio de Janeiro"
330360,"Paracambi","Paracambi","RJ","Rio de Janeiro","Southeast","Rio de Janeiro"
330370,"Paraíba do Sul","Paraiba do Sul","RJ","Rio de Janeiro","Southeast","Rio de Janeiro"
330380,"Paraty","Paraty","RJ","Rio de Janeiro","Southeast","Rio de Janeiro"
330385,"Paty do Alferes","Paty do Alferes","RJ","Rio de Janeiro","Southeast","Rio de Janeiro"
330390,"Petrópolis","Petropolis","RJ","Rio de Janeiro","Southeast","Rio de Janeiro"
330395,"Pinheiral","Pinheiral","RJ","Rio de Janeiro","Southeast","Rio de Janeiro"
330400,"Piraí","Pirai","RJ","Rio de Janeiro","Southeast","Rio de Janeiro"
330410,"Porciúncula","Porciuncula","RJ","Rio de Janeiro","Southeast","Rio de Janeiro"
330411,"Porto Real","Porto Real","RJ","Rio de Janeiro","Southeast","Rio de Janeiro"
330412,"Quatis","Quatis","RJ","Rio de Janeiro","Southeast","Rio de Janeiro"
330414,"Queimados","Queimados","RJ","Rio de Janeiro","Southeast","Rio de Janeiro"
330415,"Quissamã","Quissama","RJ","Rio de Janeiro","Southeast","Rio de Janeiro"
330420,"Resende","Resende","RJ","Rio de Janeiro","Southeast","Rio de Janeiro"
330430,"Rio Bonito","Rio Bonito","RJ","Rio de Janeiro","Southeast","Rio de Janeiro"
330440,"Rio Claro","Rio Claro","RJ","Rio de Janeiro","Southeast","Rio de Janeiro"
330450,"Rio das Flores","Rio das Flores","RJ","Rio de Janeiro","Southeast","Rio de Janeiro"
330452,"Rio das Ostras","Rio das Ostras","RJ","Rio de Janeiro","Southeast","Rio de Janeiro"
330455,"Rio de Janeiro","Rio de Janeiro","RJ","Rio de Janeiro","Southeast","Rio de Janeiro"
330460,"Santa Maria Madalena","Santa Maria Madalena","RJ","Rio de Janeiro","Southeast","Rio de Janeiro"
330470,"Santo Antônio de Pádua","Santo Antonio de Padua","RJ","Rio de Janeiro","Southeast","Rio de Janeiro"
330475,"São Francisco de Itabapoana","Sao Francisco de Itabapoana","RJ","Rio de Janeiro","Southeast","Rio de Janeiro"
330480,"São Fidélis","Sao Fidelis","RJ","Rio de Janeiro","Southeast","Rio de Janeiro"
330490,"São Gonçalo","Sao Goncalo","RJ","Rio de Janeiro","Southeast","Rio de Janeiro"
330500,"São João da Barra","Sao Joao da Barra","RJ","Rio de Janeiro","Southeast","Rio de Janeiro"
330510,"São João de Meriti","Sao Joao de Meriti","RJ","Rio de Janeiro","Southeast","Rio de Janeiro"
330513,"São José de Ubá","Sao Jose de Uba","RJ","Rio de Janeiro","Southeast","Rio de Janeiro"
330515,"São José do Vale do Rio Preto","Sao Jose do Vale do Rio Preto","RJ","Rio de Janeiro","Southeast","Rio de Janeiro"
330520,"São Pedro da Aldeia","Sao Pedro da Aldeia","RJ","Rio de Janeiro","Southeast","Rio de Janeiro"
330530,"São Sebastião do Alto","Sao Sebastiao do Alto","RJ","Rio de Janeiro","Southeast","Rio de Janeiro"
330540,"Sapucaia","Sapucaia","RJ","Rio de Janeiro","Southeast","Rio de Janeiro"
330550,"Saquarema","Saquarema","RJ","Rio de Janeiro","Southeast","Rio de Janeiro"
330555,"Seropédica","Seropedica","RJ","Rio de Janeiro","Southeast","Rio de Janeiro"
330560,"Silva Jardim","Silva Jardim","RJ","Rio de Janeiro","Southeast","Rio de Janeiro"
330570,"Sumidouro","Sumidouro","RJ","Rio de Janeiro","Southeast","Rio de Janeiro"
330575,"Tanguá","Tangua","RJ","Rio de Janeiro","Southeast","Rio de Janeiro"
330580,"Teresópolis","Teresopolis","RJ","Rio de Janeiro","Southeast","Rio de Janeiro"
330590,"Trajano de Moraes","Trajano de Moraes","RJ","Rio de Janeiro","Southeast","Rio de Janeiro"
330600,"Três Rios","Tres Rios","RJ","Rio de Janeiro","Southeast","Rio de Janeiro"
330610,"Valença","Valenca","RJ","Rio de Janeiro","Southeast","Rio de Janeiro"
330615,"Varre-Sai","Varre-Sai","RJ","Rio de Janeiro","Southeast","Rio de Janeiro"
330620,"Vassouras","Vassouras","RJ","Rio de Janeiro","Southeast","Rio de Janeiro"
330630,"Volta Redonda","Volta Redonda","RJ","Rio de Janeiro","Southeast","Rio de Janeiro"
350010,"Adamantina","Adamantina","SP","São Paulo","Southeast","Sao Paulo"
350020,"Adolfo","Adolfo","SP","São Paulo","Southeast","Sao Paulo"
350030,"Aguaí","Aguai","SP","São Paulo","Southeast","Sao Paulo"
350040,"Águas da Prata","Aguas da Prata","SP","São Paulo","Southeast","Sao Paulo"
350050,"Águas de Lindóia","Aguas de Lindoia","SP","São Paulo","Southeast","Sao Paulo"
350055,"Águas de Santa Bárbara","Aguas de Santa Barbara","SP","São Paulo","Southeast","Sao Paulo"
350060,"Águas de São Pedro","Aguas de Sao Pedro","SP","São Paulo","Southeast","Sao Paulo"
350070,"Agudos","Agudos","SP","São Paulo","Southeast","Sao Paulo"
350075,"Alambari","Alambari","SP","São Paulo","Southeast","Sao Paulo"
350080,"Alfredo Marcondes","Alfredo Marcondes","SP","São Paulo","Southeast","Sao Paulo"
350090,"Altair","Altair","SP","São Paulo","Southeast","Sao Paulo"
350100,"Altinópolis","Altinopolis","SP","São Paulo","Southeast","Sao Paulo"
350110,"Alto Alegre","Alto Alegre","SP","São Paulo","Southeast","Sao Paulo"
350115,"Alumínio","Aluminio","SP","São Paulo","Southeast","Sao Paulo"
350120,"Álvares Florence","Alvares Florence","SP","São Paulo","Southeast","Sao Paulo"
350130,"Álvares Machado","Alvares Machado","SP","São Paulo","Southeast","Sao Paulo"
350140,"Álvaro de Carvalho","Alvaro de Carvalho","SP","São Paulo","Southeast","Sao Paulo"
350150,"Alvinlândia","Alvinlandia","SP","São Paulo","Southeast","Sao Paulo"
350160,"Americana","Americana","SP","São Paulo","Southeast","Sao Paulo"
350170,"Américo Brasiliense","Americo Brasiliense","SP","São Paulo","Southeast","Sao Paulo"
350180,"Américo de Campos","Americo de Campos","SP","São Paulo","Southeast","Sao Paulo"
350190,"Amparo","Amparo","SP","São Paulo","Southeast","Sao Paulo"
350200,"Analândia","Analandia","SP","São Paulo","Southeast","Sao Paulo"
350210,"Andradina","Andradina","SP","São Paulo","Southeast","Sao Paulo"
350220,"Angatuba","Angatuba","SP","São Paulo","Southeast","Sao Paulo"
350230,"Anhembi","Anhembi","SP","São Paulo","Southeast","Sao Paulo"
350240,"Anhumas","Anhumas","SP","São Paulo","Southeast","Sao Paulo"
350250,"Aparecida","Aparecida","SP","São Paulo","Southeast","Sao Paulo"
350260,"Aparecida d'Oeste","Aparecida d'Oeste","SP","São Paulo","Southeast","Sao Paulo"
350270,"Apiaí","Apiai","SP","São Paulo","Southeast","Sao Paulo"
350275,"Araçariguama","Aracariguama","SP","São Paulo","Southeast","Sao Paulo"
350280,"Araçatuba","Aracatuba","SP","São Paulo","Southeast","Sao Paulo"
350290,"Araçoiaba da Serra","Aracoiaba da Serra","SP","São Paulo","Southeast","Sao Paulo"
350300,"Aramina","Aramina","SP","São Paulo","Southeast","Sao Paulo"
350310,"Arandu","Arandu","SP","São Paulo","Southeast","Sao Paulo"
350315,"Arapeí","Arapei","SP","São Paulo","Southeast","Sao Paulo"
350320,"Araraquara","Araraquara","SP","São Paulo","Southeast","Sao Paulo"
350330,"Araras","Araras","SP","São Paulo","Southeast","Sao Paulo"
350335,"Arco-Íris","Arco-Iris","SP","São Paulo","Southeast","Sao Paulo"
350340,"Arealva","Arealva","SP","São Paulo","Southeast","Sao Paulo"
350350,"Areias","Areias","SP","São Paulo","Southeast","Sao Paulo"
350360,"Areiópolis","Areiopolis","SP","São Paulo","Southeast","Sao Paulo"
350370,"Ariranha","Ariranha","SP","São Paulo","Southeast","Sao Paulo"
350380,"Artur Nogueira","Artur Nogueira","SP","São Paulo","Southeast","Sao Paulo"
350390,"Arujá","Aruja","SP","São Paulo","Southeast","Sao Paulo"
350395,"Aspásia","Aspasia","SP","São Paulo","Southeast","Sao Paulo"
350400,"Assis","Assis","SP","São Paulo","Southeast","Sao Paulo"
350410,"Atibaia","Atibaia","SP","São Paulo","Southeast","Sao Paulo"
350420,"Auriflama","Auriflama","SP","São Paulo","Southeast","Sao Paulo"
350430,"Avaí","Avai","SP","São Paulo","Southeast","Sao Paulo"
350440,"Avanhandava","Avanhandava","SP","São Paulo","Southeast","Sao Paulo"
350450,"Avaré","Avare","SP","São Paulo","Southeast","Sao Paulo"
350460,"Bady Bassitt","Bady Bassitt","SP","São Paulo","Southeast","Sao Paulo"
350470,"Balbinos","Balbinos","SP","São Paulo","Southeast","Sao Paulo"
350480,"Bálsamo","Balsamo","SP","São Paulo","Southeast","Sao Paulo"
350490,"Bananal","Bananal","SP","São Paulo","Southeast","Sao Paulo"
350500,"Barão de Antonina","Barao de Antonina","SP","São Paulo","Southeast","Sao Paulo"
350510,"Barbosa","Barbosa","SP","São Paulo","Southeast","Sao Paulo"
350520,"Bariri","Bariri","SP","São Paulo","Southeast","Sao Paulo"
350530,"Barra Bonita","Barra Bonita","SP","São Paulo","Southeast","Sao Paulo"
350535,"Barra do Chapéu","Barra do Chapeu","SP","São Paulo","Southeast","Sao Paulo"
350540,"Barra do Turvo","Barra do Turvo","SP","São Paulo","Southeast","Sao Paulo"
350550,"Barretos","Barretos","SP","São Paulo","Southeast","Sao Paulo"
350560,"Barrinha","Barrinha","SP","São Paulo","Southeast","Sao Paulo"
350570,"Barueri","Barueri","SP","São Paulo","Southeast","Sao Paulo"
350580,"Bastos","Bastos","SP","São Paulo","Southeast","Sao Paulo"
350590,"Batatais","Batatais","SP","São Paulo","Southeast","Sao Paulo"
350600,"Bauru","Bauru","SP","São Paulo","Southeast","Sao Paulo"
350610,"Bebedouro","Bebedouro","SP","São Paulo","Southeast","Sao Paulo"
350620,"Bento de Abreu","Bento de Abreu","SP","São Paulo","Southeast","Sao Paulo"
350630,"Bernardino de Campos","Bernardino de Campos","SP","São Paulo","Southeast","Sao Paulo"
350635,"Bertioga","Bertioga","SP","São Paulo","Southeast","Sao Paulo"
350640,"Bilac","Bilac","SP","São Paulo","Southeast","Sao Paulo"
350650,"Birigui","Birigui","SP","São Paulo","Southeast","Sao Paulo"
350660,"Biritiba Mirim","Biritiba Mirim","SP","São Paulo","Southeast","Sao Paulo"
350670,"Boa Esperança do Sul","Boa Esperanca do Sul","SP","São Paulo","Southeast","Sao Paulo"
350680,"Bocaina","Bocaina","SP","São Paulo","Southeast","Sao Paulo"
350690,"Bofete","Bofete","SP","São Paulo","Southeast","Sao Paulo"
350700,"Boituva","Boituva","SP","São Paulo","Southeast","Sao Paulo"
350710,"Bom Jesus dos Perdões","Bom Jesus dos Perdoes","SP","São Paulo","Southeast","Sao Paulo"
350715,"Bom Sucesso de Itararé","Bom Sucesso de Itarare","SP","São Paulo","Southeast","Sao Paulo"
350720,"Borá","Bora","SP","São Paulo","Southeast","Sao Paulo"
350730,"Boracéia","Boraceia","SP","São Paulo","Southeast","Sao Paulo"
350740,"Borborema","Borborema","SP","São Paulo","Southeast","Sao Paulo"
350745,"Borebi","Borebi","SP","São Paulo","Southeast","Sao Paulo"
350750,"Botucatu","Botucatu","SP","São Paulo","Southeast","Sao Paulo"
350760,"Bragança Paulista","Braganca Paulista","SP","São Paulo","Southeast","Sao Paulo"
350770,"Braúna","Brauna","SP","São Paulo","Southeast","Sao Paulo"
350775,"Brejo Alegre","Brejo Alegre","SP","São Paulo","Southeast","Sao Paulo"
350780,"Brodowski","Brodowski","SP","São Paulo","Southeast","Sao Paulo"
350790,"Brotas","Brotas","SP","São Paulo","Southeast","Sao Paulo"
350800,"Buri","Buri","SP","São Paulo","Southeast","Sao Paulo"
350810,"Buritama","Buritama","SP","São Paulo","Southeast","Sao Paulo"
350820,"Buritizal","Buritizal","SP","São Paulo","Southeast","Sao Paulo"
350830,"Cabrália Paulista","Cabralia Paulista","SP","São Paulo","Southeast","Sao Paulo"
350840,"Cabreúva","Cabreuva","SP","São Paulo","Southeast","Sao Paulo"
350850,"Caçapava","Cacapava","SP","São Paulo","Southeast","Sao Paulo"
350860,"Cachoeira Paulista","Cachoeira Paulista","SP","São Paulo","Southeast","Sao Paulo"
350870,"Caconde","Caconde","SP","São Paulo","Southeast","Sao Paulo"
350880,"Cafelândia","Cafelandia","SP","São Paulo","Southeast","Sao Paulo"
350890,"Caiabu","Caiabu","SP","São Paulo","Southeast","Sao Paulo"
350900,"Caieiras","Caieiras","SP","São Paulo","Southeast","Sao Paulo"
350910,"Caiuá","Caiua","SP","São Paulo","Southeast","Sao Paulo"
350920,"Cajamar","Cajamar","SP","São Paulo","Southeast","Sao Paulo"
350925,"Cajati","Cajati","SP","São Paulo","Southeast","Sao Paulo"
350930,"Cajobi","Cajobi","SP","São Paulo","Southeast","Sao Paulo"
350940,"Cajuru","Cajuru","SP","São Paulo","Southeast","Sao Paulo"
350945,"Campina do Monte Alegre","Campina do Monte Alegre","SP","São Paulo","Southeast","Sao Paulo"
350950,"Campinas","Campinas","SP","São Paulo","Southeast","Sao Paulo"
350960,"Campo Limpo Paulista","Campo Limpo Paulista","SP","São Paulo","Southeast","Sao Paulo"
350970,"Campos do Jordão","Campos do Jordao","SP","São Paulo","Southeast","Sao Paulo"
350980,"Campos Novos Paulista","Campos Novos Paulista","SP","São Paulo","Southeast","Sao Paulo"
350990,"Cananéia","Cananeia","SP","São Paulo","Southeast","Sao Paulo"
350995,"Canas","Canas","SP","São Paulo","Southeast","Sao Paulo"
351000,"Cândido Mota","Candido Mota","SP","São Paulo","Southeast","Sao Paulo"
351010,"Cândido Rodrigues","Candido Rodrigues","SP","São Paulo","Southeast","Sao Paulo"
351015,"Canitar","Canitar","SP","São Paulo","Southeast","Sao Paulo"
351020,"Capão Bonito","Capao Bonito","SP","São Paulo","Southeast","Sao Paulo"
351030,"Capela do Alto","Capela do Alto","SP","São Paulo","Southeast","Sao Paulo"
351040,"Capivari","Capivari","SP","São Paulo","Southeast","Sao Paulo"
351050,"Caraguatatuba","Caraguatatuba","SP","São Paulo","Southeast","Sao Paulo"
351060,"Carapicuíba","Carapicuiba","SP","São Paulo","Southeast","Sao Paulo"
351070,"Cardoso","Cardoso","SP","São Paulo","Southeast","Sao Paulo"
351080,"Casa Branca","Casa Branca","SP","São Paulo","Southeast","Sao Paulo"
351090,"Cássia dos Coqueiros","Cassia dos Coqueiros","SP","São Paulo","Southeast","Sao Paulo"
351100,"Castilho","Castilho","SP","São Paulo","Southeast","Sao Paulo"
351110,"Catanduva","Catanduva","SP","São Paulo","Southeast","Sao Paulo"
351120,"Catiguá","Catigua","SP","São Paulo","Southeast","Sao Paulo"
351130,"Cedral","Cedral","SP","São Paulo","Southeast","Sao Paulo"
351140,"Cerqueira César","Cerqueira Cesar","SP","São Paulo","Southeast","Sao Paulo"
351150,"Cerquilho","Cerquilho","SP","São Paulo","Southeast","Sao Paulo"
351160,"Cesário Lange","Cesario Lange","SP","São Paulo","Southeast","Sao Paulo"
351170,"Charqueada","Charqueada","SP","São Paulo","Southeast","Sao Paulo"
351190,"Clementina","Clementina","SP","São Paulo","Southeast","Sao Paulo"
351200,"Colina","Colina","SP","São Paulo","Southeast","Sao Paulo"
351210,"Colômbia","Colombia","SP","São Paulo","Southeast","Sao Paulo"
351220,"Conchal","Conchal","SP","São Paulo","Southeast","Sao Paulo"
351230,"Conchas","Conchas","SP","São Paulo","Southeast","Sao Paulo"
351240,"Cordeirópolis","Cordeiropolis","SP","São Paulo","Southeast","Sao Paulo"
351250,"Coroados","Coroados","SP","São Paulo","Southeast","Sao Paulo"
351260,"Coronel Macedo","Coronel Macedo","SP","São Paulo","Southeast","Sao Paulo"
351270,"Corumbataí","Corumbatai","SP","São Paulo","Southeast","Sao Paulo"
351280,"Cosmópolis","Cosmopolis","SP","São Paulo","Southeast","Sao Paulo"
351290,"Cosmorama","Cosmorama","SP","São Paulo","Southeast","Sao Paulo"
351300,"Cotia","Cotia","SP","São Paulo","Southeast","Sao Paulo"
351310,"Cravinhos","Cravinhos","SP","São Paulo","Southeast","Sao Paulo"
351320,"Cristais Paulista","Cristais Paulista","SP","São Paulo","Southeast","Sao Paulo"
351330,"Cruzália","Cruzalia","SP","São Paulo","Southeast","Sao Paulo"
351340,"Cruzeiro","Cruzeiro","SP","São Paulo","Southeast","Sao Paulo"
351350,"Cubatão","Cubatao","SP","São Paulo","Southeast","Sao Paulo"
351360,"Cunha","Cunha","SP","São Paulo","Southeast","Sao Paulo"
351370,"Descalvado","Descalvado","SP","São Paulo","Southeast","Sao Paulo"
351380,"Diadema","Diadema","SP","São Paulo","Southeast","Sao Paulo"
351385,"Dirce Reis","Dirce Reis","SP","São Paulo","Southeast","Sao Paulo"
351390,"Divinolândia","Divinolandia","SP","São Paulo","Southeast","Sao Paulo"
351400,"Dobrada","Dobrada","SP","São Paulo","Southeast","Sao Paulo"
351410,"Dois Córregos","Dois Corregos","SP","São Paulo","Southeast","Sao Paulo"
351420,"Dolcinópolis","Dolcinopolis","SP","São Paulo","Southeast","Sao Paulo"
351430,"Dourado","Dourado","SP","São Paulo","Southeast","Sao Paulo"
351440,"Dracena","Dracena","SP","São Paulo","Southeast","Sao Paulo"
351450,"Duartina","Duartina","SP","São Paulo","Southeast","Sao Paulo"
351460,"Dumont","Dumont","SP","São Paulo","Southeast","Sao Paulo"
351470,"Echaporã","Echapora","SP","São Paulo","Southeast","Sao Paulo"
351480,"Eldorado","Eldorado","SP","São Paulo","Southeast","Sao Paulo"
351490,"Elias Fausto","Elias Fausto","SP","São Paulo","Southeast","Sao Paulo"
351492,"Elisiário","Elisiario","SP","São Paulo","Southeast","Sao Paulo"
351495,"Embaúba","Embauba","SP","São Paulo","Southeast","Sao Paulo"
351500,"Embu das Artes","Embu das Artes","SP","São Paulo","Southeast","Sao Paulo"
351510,"Embu-Guaçu","Embu-Guacu","SP","São Paulo","Southeast","Sao Paulo"
351512,"Emilianópolis","Emilianopolis","SP","São Paulo","Southeast","Sao Paulo"
351515,"Engenheiro Coelho","Engenheiro Coelho","SP","São Paulo","Southeast","Sao Paulo"
351518,"Espírito Santo do Pinhal","Espirito Santo do Pinhal","SP","São Paulo","Southeast","Sao Paulo"
351519,"Espírito Santo do Turvo","Espirito Santo do Turvo","SP","São Paulo","Southeast","Sao Paulo"
351520,"Estrela d'Oeste","Estrela d'Oeste","SP","São Paulo","Southeast","Sao Paulo"
351530,"Estrela do Norte","Estrela do Norte","SP","São Paulo","Southeast","Sao Paulo"
351535,"Euclides da Cunha Paulista","Euclides da Cunha Paulista","SP","São Paulo","Southeast","Sao Paulo"
351540,"Fartura","Fartura","SP","São Paulo","Southeast","Sao Paulo"
351550,"Fernandópolis","Fernandopolis","SP","São Paulo","Southeast","Sao Paulo"
351560,"Fernando Prestes","Fernando Prestes","SP","São Paulo","Southeast","Sao Paulo"
351565,"Fernão","Fernao","SP","São Paulo","Southeast","Sao Paulo"
351570,"Ferraz de Vasconcelos","Ferraz de Vasconcelos","SP","São Paulo","Southeast","Sao Paulo"
351580,"Flora Rica","Flora Rica","SP","São Paulo","Southeast","Sao Paulo"
351590,"Floreal","Floreal","SP","São Paulo","Southeast","Sao Paulo"
351600,"Flórida Paulista","Florida Paulista","SP","São Paulo","Southeast","Sao Paulo"
351610,"Florínea","Florinea","SP","São Paulo","Southeast","Sao Paulo"
351620,"Franca","Franca","SP","São Paulo","Southeast","Sao Paulo"
351630,"Francisco Morato","Francisco Morato","SP","São Paulo","Southeast","Sao Paulo"
351640,"Franco da Rocha","Franco da Rocha","SP","São Paulo","Southeast","Sao Paulo"
351650,"Gabriel Monteiro","Gabriel Monteiro","SP","São Paulo","Southeast","Sao Paulo"
351660,"Gália","Galia","SP","São Paulo","Southeast","Sao Paulo"
351670,"Garça","Garca","SP","São Paulo","Southeast","Sao Paulo"
351680,"Gastão Vidigal","Gastao Vidigal","SP","São Paulo","Southeast","Sao Paulo"
351685,"Gavião Peixoto","Gaviao Peixoto","SP","São Paulo","Southeast","Sao Paulo"
351690,"General Salgado","General Salgado","SP","São Paulo","Southeast","Sao Paulo"
351700,"Getulina","Getulina","SP","São Paulo","Southeast","Sao Paulo"
351710,"Glicério","Glicerio","SP","São Paulo","Southeast","Sao Paulo"
351720,"Guaiçara","Guaicara","SP","São Paulo","Southeast","Sao Paulo"
351730,"Guaimbê","Guaimbe","SP","São Paulo","Southeast","Sao Paulo"
351740,"Guaíra","Guaira","SP","São Paulo","Southeast","Sao Paulo"
351750,"Guapiaçu","Guapiacu","SP","São Paulo","Southeast","Sao Paulo"
351760,"Guapiara","Guapiara","SP","São Paulo","Southeast","Sao Paulo"
351770,"Guará","Guara","SP","São Paulo","Southeast","Sao Paulo"
351780,"Guaraçaí","Guaracai","SP","São Paulo","Southeast","Sao Paulo"
351790,"Guaraci","Guaraci","SP","São Paulo","Southeast","Sao Paulo"
351800,"Guarani d'Oeste","Guarani d'Oeste","SP","São Paulo","Southeast","Sao Paulo"
351810,"Guarantã","Guaranta","SP","São Paulo","Southeast","Sao Paulo"
351820,"Guararapes","Guararapes","SP","São Paulo","Southeast","Sao Paulo"
351830,"Guararema","Guararema","SP","São Paulo","Southeast","Sao Paulo"
351840,"Guaratinguetá","Guaratingueta","SP","São Paulo","Southeast","Sao Paulo"
351850,"Guareí","Guarei","SP","São Paulo","Southeast","Sao Paulo"
351860,"Guariba","Guariba","SP","São Paulo","Southeast","Sao Paulo"
351870,"Guarujá","Guaruja","SP","São Paulo","Southeast","Sao Paulo"
351880,"Guarulhos","Guarulhos","SP","São Paulo","Southeast","Sao Paulo"
351885,"Guatapará","Guatapara","SP","São Paulo","Southeast","Sao Paulo"
351890,"Guzolândia","Guzolandia","SP","São Paulo","Southeast","Sao Paulo"
351900,"Herculândia","Herculandia","SP","São Paulo","Southeast","Sao Paulo"
351905,"Holambra","Holambra","SP","São Paulo","Southeast","Sao Paulo"
351907,"Hortolândia","Hortolandia","SP","São Paulo","Southeast","Sao Paulo"
351910,"Iacanga","Iacanga","SP","São Paulo","Southeast","Sao Paulo"
351920,"Iacri","Iacri","SP","São Paulo","Southeast","Sao Paulo"
351925,"Iaras","Iaras","SP","São Paulo","Southeast","Sao Paulo"
351930,"Ibaté","Ibate","SP","São Paulo","Southeast","Sao Paulo"
351940,"Ibirá","Ibira","SP","São Paulo","Southeast","Sao Paulo"
351950,"Ibirarema","Ibirarema","SP","São Paulo","Southeast","Sao Paulo"
351960,"Ibitinga","Ibitinga","SP","São Paulo","Southeast","Sao Paulo"
351970,"Ibiúna","Ibiuna","SP","São Paulo","Southeast","Sao Paulo"
351980,"Icém","Icem","SP","São Paulo","Southeast","Sao Paulo"
351990,"Iepê","Iepe","SP","São Paulo","Southeast","Sao Paulo"
352000,"Igaraçu do Tietê","Igaracu do Tiete","SP","São Paulo","Southeast","Sao Paulo"
352010,"Igarapava","Igarapava","SP","São Paulo","Southeast","Sao Paulo"
352020,"Igaratá","Igarata","SP","São Paulo","Southeast","Sao Paulo"
352030,"Iguape","Iguape","SP","São Paulo","Southeast","Sao Paulo"
352040,"Ilhabela","Ilhabela","SP","São Paulo","Southeast","Sao Paulo"
352042,"Ilha Comprida","Ilha Comprida","SP","São Paulo","Southeast","Sao Paulo"
352044,"Ilha Solteira","Ilha Solteira","SP","São Paulo","Southeast","Sao Paulo"
352050,"Indaiatuba","Indaiatuba","SP","São Paulo","Southeast","Sao Paulo"
352060,"Indiana","Indiana","SP","São Paulo","Southeast","Sao Paulo"
352070,"Indiaporã","Indiapora","SP","São Paulo","Southeast","Sao Paulo"
352080,"Inúbia Paulista","Inubia Paulista","SP","São Paulo","Southeast","Sao Paulo"
352090,"Ipaussu","Ipaussu","SP","São Paulo","Southeast","Sao Paulo"
352100,"Iperó","Ipero","SP","São Paulo","Southeast","Sao Paulo"
352110,"Ipeúna","Ipeuna","SP","São Paulo","Southeast","Sao Paulo"
352115,"Ipiguá","Ipigua","SP","São Paulo","Southeast","Sao Paulo"
352120,"Iporanga","Iporanga","SP","São Paulo","Southeast","Sao Paulo"
352130,"Ipuã","Ipua","SP","São Paulo","Southeast","Sao Paulo"
352140,"Iracemápolis","Iracemapolis","SP","São Paulo","Southeast","Sao Paulo"
352150,"Irapuã","Irapua","SP","São Paulo","Southeast","Sao Paulo"
352160,"Irapuru","Irapuru","SP","São Paulo","Southeast","Sao Paulo"
352170,"Itaberá","Itabera","SP","São Paulo","Southeast","Sao Paulo"
352180,"Itaí","Itai","SP","São Paulo","Southeast","Sao Paulo"
352190,"Itajobi","Itajobi","SP","São Paulo","Southeast","Sao Paulo"
352200,"Itaju","Itaju","SP","São Paulo","Southeast","Sao Paulo"
352210,"Itanhaém","Itanhaem","SP","São Paulo","Southeast","Sao Paulo"
352215,"Itaoca","Itaoca","SP","São Paulo","Southeast","Sao Paulo"
352220,"Itapecerica da Serra","Itapecerica da Serra","SP","São Paulo","Southeast","Sao Paulo"
352230,"Itapetininga","Itapetininga","SP","São Paulo","Southeast","Sao Paulo"
352240,"Itapeva","Itapeva","SP","São Paulo","Southeast","Sao Paulo"
352250,"Itapevi","Itapevi","SP","São Paulo","Southeast","Sao Paulo"
352260,"Itapira","Itapira","SP","São Paulo","Southeast","Sao Paulo"
352265,"Itapirapuã Paulista","Itapirapua Paulista","SP","São Paulo","Southeast","Sao Paulo"
352270,"Itápolis","Itapolis","SP","São Paulo","Southeast","Sao Paulo"
352280,"Itaporanga","Itaporanga","SP","São Paulo","Southeast","Sao Paulo"
352290,"Itapuí","Itapui","SP","São Paulo","Southeast","Sao Paulo"
352300,"Itapura","Itapura","SP","São Paulo","Southeast","Sao Paulo"
352310,"Itaquaquecetuba","Itaquaquecetuba","SP","São Paulo","Southeast","Sao Paulo"
352320,"Itararé","Itarare","SP","São Paulo","Southeast","Sao Paulo"
352330,"Itariri","Itariri","SP","São Paulo","Southeast","Sao Paulo"
352340,"Itatiba","Itatiba","SP","São Paulo","Southeast","Sao Paulo"
352350,"Itatinga","Itatinga","SP","São Paulo","Southeast","Sao Paulo"
352360,"Itirapina","Itirapina","SP","São Paulo","Southeast","Sao Paulo"
352370,"Itirapuã","Itirapua","SP","São Paulo","Southeast","Sao Paulo"
352380,"Itobi","Itobi","SP","São Paulo","Southeast","Sao Paulo"
352390,"Itu","Itu","SP","São Paulo","Southeast","Sao Paulo"
352400,"Itupeva","Itupeva","SP","São Paulo","Southeast","Sao Paulo"
352410,"Ituverava","Ituverava","SP","São Paulo","Southeast","Sao Paulo"
352420,"Jaborandi","Jaborandi","SP","São Paulo","Southeast","Sao Paulo"
352430,"Jaboticabal","Jaboticabal","SP","São Paulo","Southeast","Sao Paulo"
352440,"Jacareí","Jacarei","SP","São Paulo","Southeast","Sao Paulo"
352450,"Jaci","Jaci","SP","São Paulo","Southeast","Sao Paulo"
352460,"Jacupiranga","Jacupiranga","SP","São Paulo","Southeast","Sao Paulo"
352470,"Jaguariúna","Jaguariuna","SP","São Paulo","Southeast","Sao Paulo"
352480,"Jales","Jales","SP","São Paulo","Southeast","Sao Paulo"
352490,"Jambeiro","Jambeiro","SP","São Paulo","Southeast","Sao Paulo"
352500,"Jandira","Jandira","SP","São Paulo","Southeast","Sao Paulo"
352510,"Jardinópolis","Jardinopolis","SP","São Paulo","Southeast","Sao Paulo"
352520,"Jarinu","Jarinu","SP","São Paulo","Southeast","Sao Paulo"
352530,"Jaú","Jau","SP","São Paulo","Southeast","Sao Paulo"
352540,"Jeriquara","Jeriquara","SP","São Paulo","Southeast","Sao Paulo"
352550,"Joanópolis","Joanopolis","SP","São Paulo","Southeast","Sao Paulo"
352560,"João Ramalho","Joao Ramalho","SP","São Paulo","Southeast","Sao Paulo"
352570,"José Bonifácio","Jose Bonifacio","SP","São Paulo","Southeast","Sao Paulo"
352580,"Júlio Mesquita","Julio Mesquita","SP","São Paulo","Southeast","Sao Paulo"
352585,"Jumirim","Jumirim","SP","São Paulo","Southeast","Sao Paulo"
352590,"Jundiaí","Jundiai","SP","São Paulo","Southeast","Sao Paulo"
352600,"Junqueirópolis","Junqueiropolis","SP","São Paulo","Southeast","Sao Paulo"
352610,"Juquiá","Juquia","SP","São Paulo","Southeast","Sao Paulo"
352620,"Juquitiba","Juquitiba","SP","São Paulo","Southeast","Sao Paulo"
352630,"Lagoinha","Lagoinha","SP","São Paulo","Southeast","Sao Paulo"
352640,"Laranjal Paulista","Laranjal Paulista","SP","São Paulo","Southeast","Sao Paulo"
352650,"Lavínia","Lavinia","SP","São Paulo","Southeast","Sao Paulo"
352660,"Lavrinhas","Lavrinhas","SP","São Paulo","Southeast","Sao Paulo"
352670,"Leme","Leme","SP","São Paulo","Southeast","Sao Paulo"
352680,"Lençóis Paulista","Lencois Paulista","SP","São Paulo","Southeast","Sao Paulo"
352690,"Limeira","Limeira","SP","São Paulo","Southeast","Sao Paulo"
352700,"Lindóia","Lindoia","SP","São Paulo","Southeast","Sao Paulo"
352710,"Lins","Lins","SP","São Paulo","Southeast","Sao Paulo"
352720,"Lorena","Lorena","SP","São Paulo","Southeast","Sao Paulo"
352725,"Lourdes","Lourdes","SP","São Paulo","Southeast","Sao Paulo"
352730,"Louveira","Louveira","SP","São Paulo","Southeast","Sao Paulo"
352740,"Lucélia","Lucelia","SP","São Paulo","Southeast","Sao Paulo"
352750,"Lucianópolis","Lucianopolis","SP","São Paulo","Southeast","Sao Paulo"
352760,"Luís Antônio","Luis Antonio","SP","São Paulo","Southeast","Sao Paulo"
352770,"Luiziânia","Luiziania","SP","São Paulo","Southeast","Sao Paulo"
352780,"Lupércio","Lupercio","SP","São Paulo","Southeast","Sao Paulo"
352790,"Lutécia","Lutecia","SP","São Paulo","Southeast","Sao Paulo"
352800,"Macatuba","Macatuba","SP","São Paulo","Southeast","Sao Paulo"
352810,"Macaubal","Macaubal","SP","São Paulo","Southeast","Sao Paulo"
352820,"Macedônia","Macedonia","SP","São Paulo","Southeast","Sao Paulo"
352830,"Magda","Magda","SP","São Paulo","Southeast","Sao Paulo"
352840,"Mairinque","Mairinque","SP","São Paulo","Southeast","Sao Paulo"
352850,"Mairiporã","Mairipora","SP","São Paulo","Southeast","Sao Paulo"
352860,"Manduri","Manduri","SP","São Paulo","Southeast","Sao Paulo"
352870,"Marabá Paulista","Maraba Paulista","SP","São Paulo","Southeast","Sao Paulo"
352880,"Maracaí","Maracai","SP","São Paulo","Southeast","Sao Paulo"
352885,"Marapoama","Marapoama","SP","São Paulo","Southeast","Sao Paulo"
352890,"Mariápolis","Mariapolis","SP","São Paulo","Southeast","Sao Paulo"
352900,"Marília","Marilia","SP","São Paulo","Southeast","Sao Paulo"
352910,"Marinópolis","Marinopolis","SP","São Paulo","Southeast","Sao Paulo"
352920,"Martinópolis","Martinopolis","SP","São Paulo","Southeast","Sao Paulo"
352930,"Matão","Matao","SP","São Paulo","Southeast","Sao Paulo"
352940,"Mauá","Maua","SP","São Paulo","Southeast","Sao Paulo"
352950,"Mendonça","Mendonca","SP","São Paulo","Southeast","Sao Paulo"
352960,"Meridiano","Meridiano","SP","São Paulo","Southeast","Sao Paulo"
352965,"Mesópolis","Mesopolis","SP","São Paulo","Southeast","Sao Paulo"
352970,"Miguelópolis","Miguelopolis","SP","São Paulo","Southeast","Sao Paulo"
352980,"Mineiros do Tietê","Mineiros do Tiete","SP","São Paulo","Southeast","Sao Paulo"
352990,"Miracatu","Miracatu","SP","São Paulo","Southeast","Sao Paulo"
353000,"Mira Estrela","Mira Estrela","SP","São Paulo","Southeast","Sao Paulo"
353010,"Mirandópolis","Mirandopolis","SP","São Paulo","Southeast","Sao Paulo"
353020,"Mirante do Paranapanema","Mirante do Paranapanema","SP","São Paulo","Southeast","Sao Paulo"
353030,"Mirassol","Mirassol","SP","São Paulo","Southeast","Sao Paulo"
353040,"Mirassolândia","Mirassolandia","SP","São Paulo","Southeast","Sao Paulo"
353050,"Mococa","Mococa","SP","São Paulo","Southeast","Sao Paulo"
353060,"Mogi das Cruzes","Mogi das Cruzes","SP","São Paulo","Southeast","Sao Paulo"
353070,"Mogi Guaçu","Mogi Guacu","SP","São Paulo","Southeast","Sao Paulo"
353080,"Mogi Mirim","Mogi Mirim","SP","São Paulo","Southeast","Sao Paulo"
353090,"Mombuca","Mombuca","SP","São Paulo","Southeast","Sao Paulo"
353100,"Monções","Moncoes","SP","São Paulo","Southeast","Sao Paulo"
353110,"Mongaguá","Mongagua","SP","São Paulo","Southeast","Sao Paulo"
353120,"Monte Alegre do Sul","Monte Alegre do Sul","SP","São Paulo","Southeast","Sao Paulo"
353130,"Monte Alto","Monte Alto","SP","São Paulo","Southeast","Sao Paulo"
353140,"Monte Aprazível","Monte Aprazivel","SP","São Paulo","Southeast","Sao Paulo"
353150,"Monte Azul Paulista","Monte Azul Paulista","SP","São Paulo","Southeast","Sao Paulo"
353160,"Monte Castelo","Monte Castelo","SP","São Paulo","Southeast","Sao Paulo"
353170,"Monteiro Lobato","Monteiro Lobato","SP","São Paulo","Southeast","Sao Paulo"
353180,"Monte Mor","Monte Mor","SP","São Paulo","Southeast","Sao Paulo"
353190,"Morro Agudo","Morro Agudo","SP","São Paulo","Southeast","Sao Paulo"
353200,"Morungaba","Morungaba","SP","São Paulo","Southeast","Sao Paulo"
353205,"Motuca","Motuca","SP","São Paulo","Southeast","Sao Paulo"
353210,"Murutinga do Sul","Murutinga do Sul","SP","São Paulo","Southeast","Sao Paulo"
353215,"Nantes","Nantes","SP","São Paulo","Southeast","Sao Paulo"
353220,"Narandiba","Narandiba","SP","São Paulo","Southeast","Sao Paulo"
353230,"Natividade da Serra","Natividade da Serra","SP","São Paulo","Southeast","Sao Paulo"
353240,"Nazaré Paulista","Nazare Paulista","SP","São Paulo","Southeast","Sao Paulo"
353250,"Neves Paulista","Neves Paulista","SP","São Paulo","Southeast","Sao Paulo"
353260,"Nhandeara","Nhandeara","SP","São Paulo","Southeast","Sao Paulo"
353270,"Nipoã","Nipoa","SP","São Paulo","Southeast","Sao Paulo"
353280,"Nova Aliança","Nova Alianca","SP","São Paulo","Southeast","Sao Paulo"
353282,"Nova Campina","Nova Campina","SP","São Paulo","Southeast","Sao Paulo"
353284,"Nova Canaã Paulista","Nova Canaa Paulista","SP","São Paulo","Southeast","Sao Paulo"
353286,"Nova Castilho","Nova Castilho","SP","São Paulo","Southeast","Sao Paulo"
353290,"Nova Europa","Nova Europa","SP","São Paulo","Southeast","Sao Paulo"
353300,"Nova Granada","Nova Granada","SP","São Paulo","Southeast","Sao Paulo"
353310,"Nova Guataporanga","Nova Guataporanga","SP","São Paulo","Southeast","Sao Paulo"
353320,"Nova Independência","Nova Independencia","SP","São Paulo","Southeast","Sao Paulo"
353325,"Novais","Novais","SP","São Paulo","Southeast","Sao Paulo"
353330,"Nova Luzitânia","Nova Luzitania","SP","São Paulo","Southeast","Sao Paulo"
353340,"Nova Odessa","Nova Odessa","SP","São Paulo","Southeast","Sao Paulo"
353350,"Novo Horizonte","Novo Horizonte","SP","São Paulo","Southeast","Sao Paulo"
353360,"Nuporanga","Nuporanga","SP","São Paulo","Southeast","Sao Paulo"
353370,"Ocauçu","Ocaucu","SP","São Paulo","Southeast","Sao Paulo"
353380,"Óleo","Oleo","SP","São Paulo","Southeast","Sao Paulo"
353390,"Olímpia","Olimpia","SP","São Paulo","Southeast","Sao Paulo"
353400,"Onda Verde","Onda Verde","SP","São Paulo","Southeast","Sao Paulo"
353410,"Oriente","Oriente","SP","São Paulo","Southeast","Sao Paulo"
353420,"Orindiúva","Orindiuva","SP","São Paulo","Southeast","Sao Paulo"
353430,"Orlândia","Orlandia","SP","São Paulo","Southeast","Sao Paulo"
353440,"Osasco","Osasco","SP","São Paulo","Southeast","Sao Paulo"
353450,"Oscar Bressane","Oscar Bressane","SP","São Paulo","Southeast","Sao Paulo"
353460,"Osvaldo Cruz","Osvaldo Cruz","SP","São Paulo","Southeast","Sao Paulo"
353470,"Ourinhos","Ourinhos","SP","São Paulo","Southeast","Sao Paulo"
353475,"Ouroeste","Ouroeste","SP","São Paulo","Southeast","Sao Paulo"
353480,"Ouro Verde","Ouro Verde","SP","São Paulo","Southeast","Sao Paulo"
353490,"Pacaembu","Pacaembu","SP","São Paulo","Southeast","Sao Paulo"
353500,"Palestina","Palestina","SP","São Paulo","Southeast","Sao Paulo"
353510,"Palmares Paulista","Palmares Paulista","SP","São Paulo","Southeast","Sao Paulo"
353520,"Palmeira d'Oeste","Palmeira d'Oeste","SP","São Paulo","Southeast","Sao Paulo"
353530,"Palmital","Palmital","SP","São Paulo","Southeast","Sao Paulo"
353540,"Panorama","Panorama","SP","São Paulo","Southeast","Sao Paulo"
353550,"Paraguaçu Paulista","Paraguacu Paulista","SP","São Paulo","Southeast","Sao Paulo"
353560,"Paraibuna","Paraibuna","SP","São Paulo","Southeast","Sao Paulo"
353570,"Paraíso","Paraiso","SP","São Paulo","Southeast","Sao Paulo"
353580,"Paranapanema","Paranapanema","SP","São Paulo","Southeast","Sao Paulo"
353590,"Paranapuã","Paranapua","SP","São Paulo","Southeast","Sao Paulo"
353600,"Parapuã","Parapua","SP","São Paulo","Southeast","Sao Paulo"
353610,"Pardinho","Pardinho","SP","São Paulo","Southeast","Sao Paulo"
353620,"Pariquera-Açu","Pariquera-Acu","SP","São Paulo","Southeast","Sao Paulo"
353625,"Parisi","Parisi","SP","São Paulo","Southeast","Sao Paulo"
353630,"Patrocínio Paulista","Patrocinio Paulista","SP","São Paulo","Southeast","Sao Paulo"
353640,"Paulicéia","Pauliceia","SP","São Paulo","Southeast","Sao Paulo"
353650,"Paulínia","Paulinia","SP","São Paulo","Southeast","Sao Paulo"
353657,"Paulistânia","Paulistania","SP","São Paulo","Southeast","Sao Paulo"
353660,"Paulo de Faria","Paulo de Faria","SP","São Paulo","Southeast","Sao Paulo"
353670,"Pederneiras","Pederneiras","SP","São Paulo","Southeast","Sao Paulo"
353680,"Pedra Bela","Pedra Bela","SP","São Paulo","Southeast","Sao Paulo"
353690,"Pedranópolis","Pedranopolis","SP","São Paulo","Southeast","Sao Paulo"
353700,"Pedregulho","Pedregulho","SP","São Paulo","Southeast","Sao Paulo"
353710,"Pedreira","Pedreira","SP","São Paulo","Southeast","Sao Paulo"
353715,"Pedrinhas Paulista","Pedrinhas Paulista","SP","São Paulo","Southeast","Sao Paulo"
353720,"Pedro de Toledo","Pedro de Toledo","SP","São Paulo","Southeast","Sao Paulo"
353730,"Penápolis","Penapolis","SP","São Paulo","Southeast","Sao Paulo"
353740,"Pereira Barreto","Pereira Barreto","SP","São Paulo","Southeast","Sao Paulo"
353750,"Pereiras","Pereiras","SP","São Paulo","Southeast","Sao Paulo"
353760,"Peruíbe","Peruibe","SP","São Paulo","Southeast","Sao Paulo"
353770,"Piacatu","Piacatu","SP","São Paulo","Southeast","Sao Paulo"
353780,"Piedade","Piedade","SP","São Paulo","Southeast","Sao Paulo"
353790,"Pilar do Sul","Pilar do Sul","SP","São Paulo","Southeast","Sao Paulo"
353800,"Pindamonhangaba","Pindamonhangaba","SP","São Paulo","Southeast","Sao Paulo"
353810,"Pindorama","Pindorama","SP","São Paulo","Southeast","Sao Paulo"
353820,"Pinhalzinho","Pinhalzinho","SP","São Paulo","Southeast","Sao Paulo"
353830,"Piquerobi","Piquerobi","SP","São Paulo","Southeast","Sao Paulo"
353850,"Piquete","Piquete","SP","São Paulo","Southeast","Sao Paulo"
353860,"Piracaia","Piracaia","SP","São Paulo","Southeast","Sao Paulo"
353870,"Piracicaba","Piracicaba","SP","São Paulo","Southeast","Sao Paulo"
353880,"Piraju","Piraju","SP","São Paulo","Southeast","Sao Paulo"
353890,"Pirajuí","Pirajui","SP","São Paulo","Southeast","Sao Paulo"
353900,"Pirangi","Pirangi","SP","São Paulo","Southeast","Sao Paulo"
353910,"Pirapora do Bom Jesus","Pirapora do Bom Jesus","SP","São Paulo","Southeast","Sao Paulo"
353920,"Pirapozinho","Pirapozinho","SP","São Paulo","Southeast","Sao Paulo"
353930,"Pirassununga","Pirassununga","SP","São Paulo","Southeast","Sao Paulo"
353940,"Piratininga","Piratininga","SP","São Paulo","Southeast","Sao Paulo"
353950,"Pitangueiras","Pitangueiras","SP","São Paulo","Southeast","Sao Paulo"
353960,"Planalto","Planalto","SP","São Paulo","Southeast","Sao Paulo"
353970,"Platina","Platina","SP","São Paulo","Southeast","Sao Paulo"
353980,"Poá","Poa","SP","São Paulo","Southeast","Sao Paulo"
353990,"Poloni","Poloni","SP","São Paulo","Southeast","Sao Paulo"
354000,"Pompéia","Pompeia","SP","São Paulo","Southeast","Sao Paulo"
354010,"Pongaí","Pongai","SP","São Paulo","Southeast","Sao Paulo"
354020,"Pontal","Pontal","SP","São Paulo","Southeast","Sao Paulo"
354025,"Pontalinda","Pontalinda","SP","São Paulo","Southeast","Sao Paulo"
354030,"Pontes Gestal","Pontes Gestal","SP","São Paulo","Southeast","Sao Paulo"
354040,"Populina","Populina","SP","São Paulo","Southeast","Sao Paulo"
354050,"Porangaba","Porangaba","SP","São Paulo","Southeast","Sao Paulo"
354060,"Porto Feliz","Porto Feliz","SP","São Paulo","Southeast","Sao Paulo"
354070,"Porto Ferreira","Porto Ferreira","SP","São Paulo","Southeast","Sao Paulo"
354075,"Potim","Potim","SP","São Paulo","Southeast","Sao Paulo"
354080,"Potirendaba","Potirendaba","SP","São Paulo","Southeast","Sao Paulo"
354085,"Pracinha","Pracinha","SP","São Paulo","Southeast","Sao Paulo"
354090,"Pradópolis","Pradopolis","SP","São Paulo","Southeast","Sao Paulo"
354100,"Praia Grande","Praia Grande","SP","São Paulo","Southeast","Sao Paulo"
354105,"Pratânia","Pratania","SP","São Paulo","Southeast","Sao Paulo"
354110,"Presidente Alves","Presidente Alves","SP","São Paulo","Southeast","Sao Paulo"
354120,"Presidente Bernardes","Presidente Bernardes","SP","São Paulo","Southeast","Sao Paulo"
354130,"Presidente Epitácio","Presidente Epitacio","SP","São Paulo","Southeast","Sao Paulo"
354140,"Presidente Prudente","Presidente Prudente","SP","São Paulo","Southeast","Sao Paulo"
354150,"Presidente Venceslau","Presidente Venceslau","SP","São Paulo","Southeast","Sao Paulo"
354160,"Promissão","Promissao","SP","São Paulo","Southeast","Sao Paulo"
354165,"Quadra","Quadra","SP","São Paulo","Southeast","Sao Paulo"
354170,"Quatá","Quata","SP","São Paulo","Southeast","Sao Paulo"
354180,"Queiroz","Queiroz","SP","São Paulo","Southeast","Sao Paulo"
354190,"Queluz","Queluz","SP","São Paulo","Southeast","Sao Paulo"
354200,"Quintana","Quintana","SP","São Paulo","Southeast","Sao Paulo"
354210,"Rafard","Rafard","SP","São Paulo","Southeast","Sao Paulo"
354220,"Rancharia","Rancharia","SP","São Paulo","Southeast","Sao Paulo"
354230,"Redenção da Serra","Redencao da Serra","SP","São Paulo","Southeast","Sao Paulo"
354240,"Regente Feijó","Regente Feijo","SP","São Paulo","Southeast","Sao Paulo"
354250,"Reginópolis","Reginopolis","SP","São Paulo","Southeast","Sao Paulo"
354260,"Registro","Registro","SP","São Paulo","Southeast","Sao Paulo"
354270,"Restinga","Restinga","SP","São Paulo","Southeast","Sao Paulo"
354280,"Ribeira","Ribeira","SP","São Paulo","Southeast","Sao Paulo"
354290,"Ribeirão Bonito","Ribeirao Bonito","SP","São Paulo","Southeast","Sao Paulo"
354300,"Ribeirão Branco","Ribeirao Branco","SP","São Paulo","Southeast","Sao Paulo"
354310,"Ribeirão Corrente","Ribeirao Corrente","SP","São Paulo","Southeast","Sao Paulo"
354320,"Ribeirão do Sul","Ribeirao do Sul","SP","São Paulo","Southeast","Sao Paulo"
354323,"Ribeirão dos Índios","Ribeirao dos Indios","SP","São Paulo","Southeast","Sao Paulo"
354325,"Ribeirão Grande","Ribeirao Grande","SP","São Paulo","Southeast","Sao Paulo"
354330,"Ribeirão Pires","Ribeirao Pires","SP","São Paulo","Southeast","Sao Paulo"
354340,"Ribeirão Preto","Ribeirao Preto","SP","São Paulo","Southeast","Sao Paulo"
354350,"Riversul","Riversul","SP","São Paulo","Southeast","Sao Paulo"
354360,"Rifaina","Rifaina","SP","São Paulo","Southeast","Sao Paulo"
354370,"Rincão","Rincao","SP","São Paulo","Southeast","Sao Paulo"
354380,"Rinópolis","Rinopolis","SP","São Paulo","Southeast","Sao Paulo"
354390,"Rio Claro","Rio Claro","SP","São Paulo","Southeast","Sao Paulo"
354400,"Rio das Pedras","Rio das Pedras","SP","São Paulo","Southeast","Sao Paulo"
354410,"Rio Grande da Serra","Rio Grande da Serra","SP","São Paulo","Southeast","Sao Paulo"
354420,"Riolândia","Riolandia","SP","São Paulo","Southeast","Sao Paulo"
354425,"Rosana","Rosana","SP","São Paulo","Southeast","Sao Paulo"
354430,"Roseira","Roseira","SP","São Paulo","Southeast","Sao Paulo"
354440,"Rubiácea","Rubiacea","SP","São Paulo","Southeast","Sao Paulo"
354450,"Rubinéia","Rubineia","SP","São Paulo","Southeast","Sao Paulo"
354460,"Sabino","Sabino","SP","São Paulo","Southeast","Sao Paulo"
354470,"Sagres","Sagres","SP","São Paulo","Southeast","Sao Paulo"
354480,"Sales","Sales","SP","São Paulo","Southeast","Sao Paulo"
354490,"Sales Oliveira","Sales Oliveira","SP","São Paulo","Southeast","Sao Paulo"
354500,"Salesópolis","Salesopolis","SP","São Paulo","Southeast","Sao Paulo"
354510,"Salmourão","Salmourao","SP","São Paulo","Southeast","Sao Paulo"
354515,"Saltinho","Saltinho","SP","São Paulo","Southeast","Sao Paulo"
354520,"Salto","Salto","SP","São Paulo","Southeast","Sao Paulo"
354530,"Salto de Pirapora","Salto de Pirapora","SP","São Paulo","Southeast","Sao Paulo"
354540,"Salto Grande","Salto Grande","SP","São Paulo","Southeast","Sao Paulo"
354550,"Sandovalina","Sandovalina","SP","São Paulo","Southeast","Sao Paulo"
354560,"Santa Adélia","Santa Adelia","SP","São Paulo","Southeast","Sao Paulo"
354570,"Santa Albertina","Santa Albertina","SP","São Paulo","Southeast","Sao Paulo"
354580,"Santa Bárbara d'Oeste","Santa Barbara d'Oeste","SP","São Paulo","Southeast","Sao Paulo"
354600,"Santa Branca","Santa Branca","SP","São Paulo","Southeast","Sao Paulo"
354610,"Santa Clara d'Oeste","Santa Clara d'Oeste","SP","São Paulo","Southeast","Sao Paulo"
354620,"Santa Cruz da Conceição","Santa Cruz da Conceicao","SP","São Paulo","Southeast","Sao Paulo"
354625,"Santa Cruz da Esperança","Santa Cruz da Esperanca","SP","São Paulo","Southeast","Sao Paulo"
354630,"Santa Cruz das Palmeiras","Santa Cruz das Palmeiras","SP","São Paulo","Southeast","Sao Paulo"
354640,"Santa Cruz do Rio Pardo","Santa Cruz do Rio Pardo","SP","São Paulo","Southeast","Sao Paulo"
354650,"Santa Ernestina","Santa Ernestina","SP","São Paulo","Southeast","Sao Paulo"
354660,"Santa Fé do Sul","Santa Fe do Sul","SP","São Paulo","Southeast","Sao Paulo"
354670,"Santa Gertrudes","Santa Gertrudes","SP","São Paulo","Southeast","Sao Paulo"
354680,"Santa Isabel","Santa Isabel","SP","São Paulo","Southeast","Sao Paulo"
354690,"Santa Lúcia","Santa Lucia","SP","São Paulo","Southeast","Sao Paulo"
354700,"Santa Maria da Serra","Santa Maria da Serra","SP","São Paulo","Southeast","Sao Paulo"
354710,"Santa Mercedes","Santa Mercedes","SP","São Paulo","Southeast","Sao Paulo"
354720,"Santana da Ponte Pensa","Santana da Ponte Pensa","SP","São Paulo","Southeast","Sao Paulo"
354730,"Santana de Parnaíba","Santana de Parnaiba","SP","São Paulo","Southeast","Sao Paulo"
354740,"Santa Rita d'Oeste","Santa Rita d'Oeste","SP","São Paulo","Southeast","Sao Paulo"
354750,"Santa Rita do Passa Quatro","Santa Rita do Passa Quatro","SP","São Paulo","Southeast","Sao Paulo"
354760,"Santa Rosa de Viterbo","Santa Rosa de Viterbo","SP","São Paulo","Southeast","Sao Paulo"
354765,"Santa Salete","Santa Salete","SP","São Paulo","Southeast","Sao Paulo"
354770,"Santo Anastácio","Santo Anastacio","SP","São Paulo","Southeast","Sao Paulo"
354780,"Santo André","Santo Andre","SP","São Paulo","Southeast","Sao Paulo"
354790,"Santo Antônio da Alegria","Santo Antonio da Alegria","SP","São Paulo","Southeast","Sao Paulo"
354800,"Santo Antônio de Posse","Santo Antonio de Posse","SP","São Paulo","Southeast","Sao Paulo"
354805,"Santo Antônio do Aracanguá","Santo Antonio do Aracangua","SP","São Paulo","Southeast","Sao Paulo"
354810,"Santo Antônio do Jardim","Santo Antonio do Jardim","SP","São Paulo","Southeast","Sao Paulo"
354820,"Santo Antônio do Pinhal","Santo Antonio do Pinhal","SP","São Paulo","Southeast","Sao Paulo"
354830,"Santo Expedito","Santo Expedito","SP","São Paulo","Southeast","Sao Paulo"
354840,"Santópolis do Aguapeí","Santopolis do Aguapei","SP","São Paulo","Southeast","Sao Paulo"
354850,"Santos","Santos","SP","São Paulo","Southeast","Sao Paulo"
354860,"São Bento do Sapucaí","Sao Bento do Sapucai","SP","São Paulo","Southeast","Sao Paulo"
354870,"São Bernardo do Campo","Sao Bernardo do Campo","SP","São Paulo","Southeast","Sao Paulo"
354880,"São Caetano do Sul","Sao Caetano do Sul","SP","São Paulo","Southeast","Sao Paulo"
354890,"São Carlos","Sao Carlos","SP","São Paulo","Southeast","Sao Paulo"
354900,"São Francisco","Sao Francisco","SP","São Paulo","Southeast","Sao Paulo"
354910,"São João da Boa Vista","Sao Joao da Boa Vista","SP","São Paulo","Southeast","Sao Paulo"
354920,"São João das Duas Pontes","Sao Joao das Duas Pontes","SP","São Paulo","Southeast","Sao Paulo"
354925,"São João de Iracema","Sao Joao de Iracema","SP","São Paulo","Southeast","Sao Paulo"
354930,"São João do Pau d'Alho","Sao Joao do Pau d'Alho","SP","São Paulo","Southeast","Sao Paulo"
354940,"São Joaquim da Barra","Sao Joaquim da Barra","SP","São Paulo","Southeast","Sao Paulo"
354950,"São José da Bela Vista","Sao Jose da Bela Vista","SP","São Paulo","Southeast","Sao Paulo"
354960,"São José do Barreiro","Sao Jose do Barreiro","SP","São Paulo","Southeast","Sao Paulo"
354970,"São José do Rio Pardo","Sao Jose do Rio Pardo","SP","São Paulo","Southeast","Sao Paulo"
354980,"São José do Rio Preto","Sao Jose do Rio Preto","SP","São Paulo","Southeast","Sao Paulo"
354990,"São José dos Campos","Sao Jose dos Campos","SP","São Paulo","Southeast","Sao Paulo"
354995,"São Lourenço da Serra","Sao Lourenco da Serra","SP","São Paulo","Southeast","Sao Paulo"
355000,"São Luiz do Paraitinga","Sao Luiz do Paraitinga","SP","São Paulo","Southeast","Sao Paulo"
355010,"São Manuel","Sao Manuel","SP","São Paulo","Southeast","Sao Paulo"
355020,"São Miguel Arcanjo","Sao Miguel Arcanjo","SP","São Paulo","Southeast","Sao Paulo"
355030,"São Paulo","Sao Paulo","SP","São Paulo","Southeast","Sao Paulo"
355040,"São Pedro","Sao Pedro","SP","São Paulo","Southeast","Sao Paulo"
355050,"São Pedro do Turvo","Sao Pedro do Turvo","SP","São Paulo","Southeast","Sao Paulo"
355060,"São Roque","Sao Roque","SP","São Paulo","Southeast","Sao Paulo"
355070,"São Sebastião","Sao Sebastiao","SP","São Paulo","Southeast","Sao Paulo"
355080,"São Sebastião da Grama","Sao Sebastiao da Grama","SP","São Paulo","Southeast","Sao Paulo"
355090,"São Simão","Sao Simao","SP","São Paulo","Southeast","Sao Paulo"
355100,"São Vicente","Sao Vicente","SP","São Paulo","Southeast","Sao Paulo"
355110,"Sarapuí","Sarapui","SP","São Paulo","Southeast","Sao Paulo"
355120,"Sarutaiá","Sarutaia","SP","São Paulo","Southeast","Sao Paulo"
355130,"Sebastianópolis do Sul","Sebastianopolis do Sul","SP","São Paulo","Southeast","Sao Paulo"
355140,"Serra Azul","Serra Azul","SP","São Paulo","Southeast","Sao Paulo"
355150,"Serrana","Serrana","SP","São Paulo","Southeast","Sao Paulo"
355160,"Serra Negra","Serra Negra","SP","São Paulo","Southeast","Sao Paulo"
355170,"Sertãozinho","Sertaozinho","SP","São Paulo","Southeast","Sao Paulo"
355180,"Sete Barras","Sete Barras","SP","São Paulo","Southeast","Sao Paulo"
355190,"Severínia","Severinia","SP","São Paulo","Southeast","Sao Paulo"
355200,"Silveiras","Silveiras","SP","São Paulo","Southeast","Sao Paulo"
355210,"Socorro","Socorro","SP","São Paulo","Southeast","Sao Paulo"
355220,"Sorocaba","Sorocaba","SP","São Paulo","Southeast","Sao Paulo"
355230,"Sud Mennucci","Sud Mennucci","SP","São Paulo","Southeast","Sao Paulo"
355240,"Sumaré","Sumare","SP","São Paulo","Southeast","Sao Paulo"
355250,"Suzano","Suzano","SP","São Paulo","Southeast","Sao Paulo"
355255,"Suzanápolis","Suzanapolis","SP","São Paulo","Southeast","Sao Paulo"
355260,"Tabapuã","Tabapua","SP","São Paulo","Southeast","Sao Paulo"
355270,"Tabatinga","Tabatinga","SP","São Paulo","Southeast","Sao Paulo"
355280,"Taboão da Serra","Taboao da Serra","SP","São Paulo","Southeast","Sao Paulo"
355290,"Taciba","Taciba","SP","São Paulo","Southeast","Sao Paulo"
355300,"Taguaí","Taguai","SP","São Paulo","Southeast","Sao Paulo"
355310,"Taiaçu","Taiacu","SP","São Paulo","Southeast","Sao Paulo"
355320,"Taiúva","Taiuva","SP","São Paulo","Southeast","Sao Paulo"
355330,"Tambaú","Tambau","SP","São Paulo","Southeast","Sao Paulo"
355340,"Tanabi","Tanabi","SP","São Paulo","Southeast","Sao Paulo"
355350,"Tapiraí","Tapirai","SP","São Paulo","Southeast","Sao Paulo"
355360,"Tapiratiba","Tapiratiba","SP","São Paulo","Southeast","Sao Paulo"
355365,"Taquaral","Taquaral","SP","São Paulo","Southeast","Sao Paulo"
355370,"Taquaritinga","Taquaritinga","SP","São Paulo","Southeast","Sao Paulo"
355380,"Taquarituba","Taquarituba","SP","São Paulo","Southeast","Sao Paulo"
355385,"Taquarivaí","Taquarivai","SP","São Paulo","Southeast","Sao Paulo"
355390,"Tarabai","Tarabai","SP","São Paulo","Southeast","Sao Paulo"
355395,"Tarumã","Taruma","SP","São Paulo","Southeast","Sao Paulo"
355400,"Tatuí","Tatui","SP","São Paulo","Southeast","Sao Paulo"
355410,"Taubaté","Taubate","SP","São Paulo","Southeast","Sao Paulo"
355420,"Tejupá","Tejupa","SP","São Paulo","Southeast","Sao Paulo"
355430,"Teodoro Sampaio","Teodoro Sampaio","SP","São Paulo","Southeast","Sao Paulo"
355440,"Terra Roxa","Terra Roxa","SP","São Paulo","Southeast","Sao Paulo"
355450,"Tietê","Tiete","SP","São Paulo","Southeast","Sao Paulo"
355460,"Timburi","Timburi","SP","São Paulo","Southeast","Sao Paulo"
355465,"Torre de Pedra","Torre de Pedra","SP","São Paulo","Southeast","Sao Paulo"
355470,"Torrinha","Torrinha","SP","São Paulo","Southeast","Sao Paulo"
355475,"Trabiju","Trabiju","SP","São Paulo","Southeast","Sao Paulo"
355480,"Tremembé","Tremembe","SP","São Paulo","Southeast","Sao Paulo"
355490,"Três Fronteiras","Tres Fronteiras","SP","São Paulo","Southeast","Sao Paulo"
355495,"Tuiuti","Tuiuti","SP","São Paulo","Southeast","Sao Paulo"
355500,"Tupã","Tupa","SP","São Paulo","Southeast","Sao Paulo"
355510,"Tupi Paulista","Tupi Paulista","SP","São Paulo","Southeast","Sao Paulo"
355520,"Turiúba","Turiuba","SP","São Paulo","Southeast","Sao Paulo"
355530,"Turmalina","Turmalina","SP","São Paulo","Southeast","Sao Paulo"
355535,"Ubarana","Ubarana","SP","São Paulo","Southeast","Sao Paulo"
355540,"Ubatuba","Ubatuba","SP","São Paulo","Southeast","Sao Paulo"
355550,"Ubirajara","Ubirajara","SP","São Paulo","Southeast","Sao Paulo"
355560,"Uchoa","Uchoa","SP","São Paulo","Southeast","Sao Paulo"
355570,"União Paulista","Uniao Paulista","SP","São Paulo","Southeast","Sao Paulo"
355580,"Urânia","Urania","SP","São Paulo","Southeast","Sao Paulo"
355590,"Uru","Uru","SP","São Paulo","Southeast","Sao Paulo"
355600,"Urupês","Urupes","SP","São Paulo","Southeast","Sao Paulo"
355610,"Valentim Gentil","Valentim Gentil","SP","São Paulo","Southeast","Sao Paulo"
355620,"Valinhos","Valinhos","SP","São Paulo","Southeast","Sao Paulo"
355630,"Valparaíso","Valparaiso","SP","São Paulo","Southeast","Sao Paulo"
355635,"Vargem","Vargem","SP","São Paulo","Southeast","Sao Paulo"
355640,"Vargem Grande do Sul","Vargem Grande do Sul","SP","São Paulo","Southeast","Sao Paulo"
355645,"Vargem Grande Paulista","Vargem Grande Paulista","SP","São Paulo","Southeast","Sao Paulo"
355650,"Várzea Paulista","Varzea Paulista","SP","São Paulo","Southeast","Sao Paulo"
355660,"Vera Cruz","Vera Cruz","SP","São Paulo","Southeast","Sao Paulo"
355670,"Vinhedo","Vinhedo","SP","São Paulo","Southeast","Sao Paulo"
355680,"Viradouro","Viradouro","SP","São Paulo","Southeast","Sao Paulo"
355690,"Vista Alegre do Alto","Vista Alegre do Alto","SP","São Paulo","Southeast","Sao Paulo"
355695,"Vitória Brasil","Vitoria Brasil","SP","São Paulo","Southeast","Sao Paulo"
355700,"Votorantim","Votorantim","SP","São Paulo","Southeast","Sao Paulo"
355710,"Votuporanga","Votuporanga","SP","São Paulo","Southeast","Sao Paulo"
355715,"Zacarias","Zacarias","SP","São Paulo","Southeast","Sao Paulo"
355720,"Chavantes","Chavantes","SP","São Paulo","Southeast","Sao Paulo"
355730,"Estiva Gerbi","Estiva Gerbi","SP","São Paulo","Southeast","Sao Paulo"
410010,"Abatiá","Abatia","PR","Paraná","South","Parana"
410020,"Adrianópolis","Adrianopolis","PR","Paraná","South","Parana"
410030,"Agudos do Sul","Agudos do Sul","PR","Paraná","South","Parana"
410040,"Almirante Tamandaré","Almirante Tamandare","PR","Paraná","South","Parana"
410045,"Altamira do Paraná","Altamira do Parana","PR","Paraná","South","Parana"
410050,"Altônia","Altonia","PR","Paraná","South","Parana"
410060,"Alto Paraná","Alto Parana","PR","Paraná","South","Parana"
410070,"Alto Piquiri","Alto Piquiri","PR","Paraná","South","Parana"
410080,"Alvorada do Sul","Alvorada do Sul","PR","Paraná","South","Parana"
410090,"Amaporã","Amapora","PR","Paraná","South","Parana"
410100,"Ampére","Ampere","PR","Paraná","South","Parana"
410105,"Anahy","Anahy","PR","Paraná","South","Parana"
410110,"Andirá","Andira","PR","Paraná","South","Parana"
410115,"Ângulo","Angulo","PR","Paraná","South","Parana"
410120,"Antonina","Antonina","PR","Paraná","South","Parana"
410130,"Antônio Olinto","Antonio Olinto","PR","Paraná","South","Parana"
410140,"Apucarana","Apucarana","PR","Paraná","South","Parana"
410150,"Arapongas","Arapongas","PR","Paraná","South","Parana"
410160,"Arapoti","Arapoti","PR","Paraná","South","Parana"
410165,"Arapuã","Arapua","PR","Paraná","South","Parana"
410170,"Araruna","Araruna","PR","Paraná","South","Parana"
410180,"Araucária","Araucaria","PR","Paraná","South","Parana"
410185,"Ariranha do Ivaí","Ariranha do Ivai","PR","Paraná","South","Parana"
410190,"Assaí","Assai","PR","Paraná","South","Parana"
410200,"Assis Chateaubriand","Assis Chateaubriand","PR","Paraná","South","Parana"
410210,"Astorga","Astorga","PR","Paraná","South","Parana"
410220,"Atalaia","Atalaia","PR","Paraná","South","Parana"
410230,"Balsa Nova","Balsa Nova","PR","Paraná","South","Parana"
410240,"Bandeirantes","Bandeirantes","PR","Paraná","South","Parana"
410250,"Barbosa Ferraz","Barbosa Ferraz","PR","Paraná","South","Parana"
410260,"Barracão","Barracao","PR","Paraná","South","Parana"
410270,"Barra do Jacaré","Barra do Jacare","PR","Paraná","South","Parana"
410275,"Bela Vista da Caroba","Bela Vista da Caroba","PR","Paraná","South","Parana"
410280,"Bela Vista do Paraíso","Bela Vista do Paraiso","PR","Paraná","South","Parana"
410290,"Bituruna","Bituruna","PR","Paraná","South","Parana"
410300,"Boa Esperança","Boa Esperanca","PR","Paraná","South","Parana"
410302,"Boa Esperança do Iguaçu","Boa Esperanca do Iguacu","PR","Paraná","South","Parana"
410304,"Boa Ventura de São Roque","Boa Ventura de Sao Roque","PR","Paraná","South","Parana"
410305,"Boa Vista da Aparecida","Boa Vista da Aparecida","PR","Paraná","South","Parana"
410310,"Bocaiúva do Sul","Bocaiuva do Sul","PR","Paraná","South","Parana"
410315,"Bom Jesus do Sul","Bom Jesus do Sul","PR","Paraná","South","Parana"
410320,"Bom Sucesso","Bom Sucesso","PR","Paraná","South","Parana"
410322,"Bom Sucesso do Sul","Bom Sucesso do Sul","PR","Paraná","South","Parana"
410330,"Borrazópolis","Borrazopolis","PR","Paraná","South","Parana"
410335,"Braganey","Braganey","PR","Paraná","South","Parana"
410337,"Brasilândia do Sul","Brasilandia do Sul","PR","Paraná","South","Parana"
410340,"Cafeara","Cafeara","PR","Paraná","South","Parana"
410345,"Cafelândia","Cafelandia","PR","Paraná","South","Parana"
410347,"Cafezal do Sul","Cafezal do Sul","PR","Paraná","South","Parana"
410350,"Califórnia","California","PR","Paraná","South","Parana"
410360,"Cambará","Cambara","PR","Paraná","South","Parana"
410370,"Cambé","Cambe","PR","Paraná","South","Parana"
410380,"Cambira","Cambira","PR","Paraná","South","Parana"
410390,"Campina da Lagoa","Campina da Lagoa","PR","Paraná","South","Parana"
410395,"Campina do Simão","Campina do Simao","PR","Paraná","South","Parana"
410400,"Campina Grande do Sul","Campina Grande do Sul","PR","Paraná","South","Parana"
410405,"Campo Bonito","Campo Bonito","PR","Paraná","South","Parana"
410410,"Campo do Tenente","Campo do Tenente","PR","Paraná","South","Parana"
410420,"Campo Largo","Campo Largo","PR","Paraná","South","Parana"
410425,"Campo Magro","Campo Magro","PR","Paraná","South","Parana"
410430,"Campo Mourão","Campo Mourao","PR","Paraná","South","Parana"
410440,"Cândido de Abreu","Candido de Abreu","PR","Paraná","South","Parana"
410442,"Candói","Candoi","PR","Paraná","South","Parana"
410445,"Cantagalo","Cantagalo","PR","Paraná","South","Parana"
410450,"Capanema","Capanema","PR","Paraná","South","Parana"
410460,"Capitão Leônidas Marques","Capitao Leonidas Marques","PR","Paraná","South","Parana"
410465,"Carambeí","Carambei","PR","Paraná","South","Parana"
410470,"Carlópolis","Carlopolis","PR","Paraná","South","Parana"
410480,"Cascavel","Cascavel","PR","Paraná","South","Parana"
410490,"Castro","Castro","PR","Paraná","South","Parana"
410500,"Catanduvas","Catanduvas","PR","Paraná","South","Parana"
410510,"Centenário do Sul","Centenario do Sul","PR","Paraná","South","Parana"
410520,"Cerro Azul","Cerro Azul","PR","Paraná","South","Parana"
410530,"Céu Azul","Ceu Azul","PR","Paraná","South","Parana"
410540,"Chopinzinho","Chopinzinho","PR","Paraná","South","Parana"
410550,"Cianorte","Cianorte","PR","Paraná","South","Parana"
410560,"Cidade Gaúcha","Cidade Gaucha","PR","Paraná","South","Parana"
410570,"Clevelândia","Clevelandia","PR","Paraná","South","Parana"
410580,"Colombo","Colombo","PR","Paraná","South","Parana"
410590,"Colorado","Colorado","PR","Paraná","South","Parana"
410600,"Congonhinhas","Congonhinhas","PR","Paraná","South","Parana"
410610,"Conselheiro Mairinck","Conselheiro Mairinck","PR","Paraná","South","Parana"
410620,"Contenda","Contenda","PR","Paraná","South","Parana"
410630,"Corbélia","Corbelia","PR","Paraná","South","Parana"
410640,"Cornélio Procópio","Cornelio Procopio","PR","Paraná","South","Parana"
410645,"Coronel Domingos Soares","Coronel Domingos Soares","PR","Paraná","South","Parana"
410650,"Coronel Vivida","Coronel Vivida","PR","Paraná","South","Parana"
410655,"Corumbataí do Sul","Corumbatai do Sul","PR","Paraná","South","Parana"
410657,"Cruzeiro do Iguaçu","Cruzeiro do Iguacu","PR","Paraná","South","Parana"
410660,"Cruzeiro do Oeste","Cruzeiro do Oeste","PR","Paraná","South","Parana"
410670,"Cruzeiro do Sul","Cruzeiro do Sul","PR","Paraná","South","Parana"
410680,"Cruz Machado","Cruz Machado","PR","Paraná","South","Parana"
410685,"Cruzmaltina","Cruzmaltina","PR","Paraná","South","Parana"
410690,"Curitiba","Curitiba","PR","Paraná","South","Parana"
410700,"Curiúva","Curiuva","PR","Paraná","South","Parana"
410710,"Diamante do Norte","Diamante do Norte","PR","Paraná","South","Parana"
410712,"Diamante do Sul","Diamante do Sul","PR","Paraná","South","Parana"
410715,"Diamante D'Oeste","Diamante D'Oeste","PR","Paraná","South","Parana"
410720,"Dois Vizinhos","Dois Vizinhos","PR","Paraná","South","Parana"
410725,"Douradina","Douradina","PR","Paraná","South","Parana"
410730,"Doutor Camargo","Doutor Camargo","PR","Paraná","South","Parana"
410740,"Enéas Marques","Eneas Marques","PR","Paraná","South","Parana"
410750,"Engenheiro Beltrão","Engenheiro Beltrao","PR","Paraná","South","Parana"
410752,"Esperança Nova","Esperanca Nova","PR","Paraná","South","Parana"
410753,"Entre Rios do Oeste","Entre Rios do Oeste","PR","Paraná","South","Parana"
410754,"Espigão Alto do Iguaçu","Espigao Alto do Iguacu","PR","Paraná","South","Parana"
410755,"Farol","Farol","PR","Paraná","South","Parana"
410760,"Faxinal","Faxinal","PR","Paraná","South","Parana"
410765,"Fazenda Rio Grande","Fazenda Rio Grande","PR","Paraná","South","Parana"
410770,"Fênix","Fenix","PR","Paraná","South","Parana"
410773,"Fernandes Pinheiro","Fernandes Pinheiro","PR","Paraná","South","Parana"
410775,"Figueira","Figueira","PR","Paraná","South","Parana"
410780,"Floraí","Florai","PR","Paraná","South","Parana"
410785,"Flor da Serra do Sul","Flor da Serra do Sul","PR","Paraná","South","Parana"
410790,"Floresta","Floresta","PR","Paraná","South","Parana"
410800,"Florestópolis","Florestopolis","PR","Paraná","South","Parana"
410810,"Flórida","Florida","PR","Paraná","South","Parana"
410820,"Formosa do Oeste","Formosa do Oeste","PR","Paraná","South","Parana"
410830,"Foz do Iguaçu","Foz do Iguacu","PR","Paraná","South","Parana"
410832,"Francisco Alves","Francisco Alves","PR","Paraná","South","Parana"
410840,"Francisco Beltrão","Francisco Beltrao","PR","Paraná","South","Parana"
410845,"Foz do Jordão","Foz do Jordao","PR","Paraná","South","Parana"
410850,"General Carneiro","General Carneiro","PR","Paraná","South","Parana"
410855,"Godoy Moreira","Godoy Moreira","PR","Paraná","South","Parana"
410860,"Goioerê","Goioere","PR","Paraná","South","Parana"
410865,"Goioxim","Goioxim","PR","Paraná","South","Parana"
410870,"Grandes Rios","Grandes Rios","PR","Paraná","South","Parana"
410880,"Guaíra","Guaira","PR","Paraná","South","Parana"
410890,"Guairaçá","Guairaca","PR","Paraná","South","Parana"
410895,"Guamiranga","Guamiranga","PR","Paraná","South","Parana"
410900,"Guapirama","Guapirama","PR","Paraná","South","Parana"
410910,"Guaporema","Guaporema","PR","Paraná","South","Parana"
410920,"Guaraci","Guaraci","PR","Paraná","South","Parana"
410930,"Guaraniaçu","Guaraniacu","PR","Paraná","South","Parana"
410940,"Guarapuava","Guarapuava","PR","Paraná","South","Parana"
410950,"Guaraqueçaba","Guaraquecaba","PR","Paraná","South","Parana"
410960,"Guaratuba","Guaratuba","PR","Paraná","South","Parana"
410965,"Honório Serpa","Honorio Serpa","PR","Paraná","South","Parana"
410970,"Ibaiti","Ibaiti","PR","Paraná","South","Parana"
410975,"Ibema","Ibema","PR","Paraná","South","Parana"
410980,"Ibiporã","Ibipora","PR","Paraná","South","Parana"
410990,"Icaraíma","Icaraima","PR","Paraná","South","Parana"
411000,"Iguaraçu","Iguaracu","PR","Paraná","South","Parana"
411005,"Iguatu","Iguatu","PR","Paraná","South","Parana"
411007,"Imbaú","Imbau","PR","Paraná","South","Parana"
411010,"Imbituva","Imbituva","PR","Paraná","South","Parana"
411020,"Inácio Martins","Inacio Martins","PR","Paraná","South","Parana"
411030,"Inajá","Inaja","PR","Paraná","South","Parana"
411040,"Indianópolis","Indianopolis","PR","Paraná","South","Parana"
411050,"Ipiranga","Ipiranga","PR","Paraná","South","Parana"
411060,"Iporã","Ipora","PR","Paraná","South","Parana"
411065,"Iracema do Oeste","Iracema do Oeste","PR","Paraná","South","Parana"
411070,"Irati","Irati","PR","Paraná","South","Parana"
411080,"Iretama","Iretama","PR","Paraná","South","Parana"
411090,"Itaguajé","Itaguaje","PR","Paraná","South","Parana"
411095,"Itaipulândia","Itaipulandia","PR","Paraná","South","Parana"
411100,"Itambaracá","Itambaraca","PR","Paraná","South","Parana"
411110,"Itambé","Itambe","PR","Paraná","South","Parana"
411120,"Itapejara d'Oeste","Itapejara d'Oeste","PR","Paraná","South","Parana"
411125,"Itaperuçu","Itaperucu","PR","Paraná","South","Parana"
411130,"Itaúna do Sul","Itauna do Sul","PR","Paraná","South","Parana"
411140,"Ivaí","Ivai","PR","Paraná","South","Parana"
411150,"Ivaiporã","Ivaipora","PR","Paraná","South","Parana"
411155,"Ivaté","Ivate","PR","Paraná","South","Parana"
411160,"Ivatuba","Ivatuba","PR","Paraná","South","Parana"
411170,"Jaboti","Jaboti","PR","Paraná","South","Parana"
411180,"Jacarezinho","Jacarezinho","PR","Paraná","South","Parana"
411190,"Jaguapitã","Jaguapita","PR","Paraná","South","Parana"
411200,"Jaguariaíva","Jaguariaiva","PR","Paraná","South","Parana"
411210,"Jandaia do Sul","Jandaia do Sul","PR","Paraná","South","Parana"
411220,"Janiópolis","Janiopolis","PR","Paraná","South","Parana"
411230,"Japira","Japira","PR","Paraná","South","Parana"
411240,"Japurá","Japura","PR","Paraná","South","Parana"
411250,"Jardim Alegre","Jardim Alegre","PR","Paraná","South","Parana"
411260,"Jardim Olinda","Jardim Olinda","PR","Paraná","South","Parana"
411270,"Jataizinho","Jataizinho","PR","Paraná","South","Parana"
411275,"Jesuítas","Jesuitas","PR","Paraná","South","Parana"
411280,"Joaquim Távora","Joaquim Tavora","PR","Paraná","South","Parana"
411290,"Jundiaí do Sul","Jundiai do Sul","PR","Paraná","South","Parana"
411295,"Juranda","Juranda","PR","Paraná","South","Parana"
411300,"Jussara","Jussara","PR","Paraná","South","Parana"
411310,"Kaloré","Kalore","PR","Paraná","South","Parana"
411320,"Lapa","Lapa","PR","Paraná","South","Parana"
411325,"Laranjal","Laranjal","PR","Paraná","South","Parana"
411330,"Laranjeiras do Sul","Laranjeiras do Sul","PR","Paraná","South","Parana"
411340,"Leópolis","Leopolis","PR","Paraná","South","Parana"
411342,"Lidianópolis","Lidianopolis","PR","Paraná","South","Parana"
411345,"Lindoeste","Lindoeste","PR","Paraná","South","Parana"
411350,"Loanda","Loanda","PR","Paraná","South","Parana"
411360,"Lobato","Lobato","PR","Paraná","South","Parana"
411370,"Londrina","Londrina","PR","Paraná","South","Parana"
411373,"Luiziana","Luiziana","PR","Paraná","South","Parana"
411375,"Lunardelli","Lunardelli","PR","Paraná","South","Parana"
411380,"Lupionópolis","Lupionopolis","PR","Paraná","South","Parana"
411390,"Mallet","Mallet","PR","Paraná","South","Parana"
411400,"Mamborê","Mambore","PR","Paraná","South","Parana"
411410,"Mandaguaçu","Mandaguacu","PR","Paraná","South","Parana"
411420,"Mandaguari","Mandaguari","PR","Paraná","South","Parana"
411430,"Mandirituba","Mandirituba","PR","Paraná","South","Parana"
411435,"Manfrinópolis","Manfrinopolis","PR","Paraná","South","Parana"
411440,"Mangueirinha","Mangueirinha","PR","Paraná","South","Parana"
411450,"Manoel Ribas","Manoel Ribas","PR","Paraná","South","Parana"
411460,"Marechal Cândido Rondon","Marechal Candido Rondon","PR","Paraná","South","Parana"
411470,"Maria Helena","Maria Helena","PR","Paraná","South","Parana"
411480,"Marialva","Marialva","PR","Paraná","South","Parana"
411490,"Marilândia do Sul","Marilandia do Sul","PR","Paraná","South","Parana"
411500,"Marilena","Marilena","PR","Paraná","South","Parana"
411510,"Mariluz","Mariluz","PR","Paraná","South","Parana"
411520,"Maringá","Maringa","PR","Paraná","South","Parana"
411530,"Mariópolis","Mariopolis","PR","Paraná","South","Parana"
411535,"Maripá","Maripa","PR","Paraná","South","Parana"
411540,"Marmeleiro","Marmeleiro","PR","Paraná","South","Parana"
411545,"Marquinho","Marquinho","PR","Paraná","South","Parana"
411550,"Marumbi","Marumbi","PR","Paraná","South","Parana"
411560,"Matelândia","Matelandia","PR","Paraná","South","Parana"
411570,"Matinhos","Matinhos","PR","Paraná","South","Parana"
411573,"Mato Rico","Mato Rico","PR","Paraná","South","Parana"
411575,"Mauá da Serra","Maua da Serra","PR","Paraná","South","Parana"
411580,"Medianeira","Medianeira","PR","Paraná","South","Parana"
411585,"Mercedes","Mercedes","PR","Paraná","South","Parana"
411590,"Mirador","Mirador","PR","Paraná","South","Parana"
411600,"Miraselva","Miraselva","PR","Paraná","South","Parana"
411605,"Missal","Missal","PR","Paraná","South","Parana"
411610,"Moreira Sales","Moreira Sales","PR","Paraná","South","Parana"
411620,"Morretes","Morretes","PR","Paraná","South","Parana"
411630,"Munhoz de Melo","Munhoz de Melo","PR","Paraná","South","Parana"
411640,"Nossa Senhora das Graças","Nossa Senhora das Gracas","PR","Paraná","South","Parana"
411650,"Nova Aliança do Ivaí","Nova Alianca do Ivai","PR","Paraná","South","Parana"
411660,"Nova América da Colina","Nova America da Colina","PR","Paraná","South","Parana"
411670,"Nova Aurora","Nova Aurora","PR","Paraná","South","Parana"
411680,"Nova Cantu","Nova Cantu","PR","Paraná","South","Parana"
411690,"Nova Esperança","Nova Esperanca","PR","Paraná","South","Parana"
411695,"Nova Esperança do Sudoeste","Nova Esperanca do Sudoeste","PR","Paraná","South","Parana"
411700,"Nova Fátima","Nova Fatima","PR","Paraná","South","Parana"
411705,"Nova Laranjeiras","Nova Laranjeiras","PR","Paraná","South","Parana"
411710,"Nova Londrina","Nova Londrina","PR","Paraná","South","Parana"
411720,"Nova Olímpia","Nova Olimpia","PR","Paraná","South","Parana"
411721,"Nova Santa Bárbara","Nova Santa Barbara","PR","Paraná","South","Parana"
411722,"Nova Santa Rosa","Nova Santa Rosa","PR","Paraná","South","Parana"
411725,"Nova Prata do Iguaçu","Nova Prata do Iguacu","PR","Paraná","South","Parana"
411727,"Nova Tebas","Nova Tebas","PR","Paraná","South","Parana"
411729,"Novo Itacolomi","Novo Itacolomi","PR","Paraná","South","Parana"
411730,"Ortigueira","Ortigueira","PR","Paraná","South","Parana"
411740,"Ourizona","Ourizona","PR","Paraná","South","Parana"
411745,"Ouro Verde do Oeste","Ouro Verde do Oeste","PR","Paraná","South","Parana"
411750,"Paiçandu","Paicandu","PR","Paraná","South","Parana"
411760,"Palmas","Palmas","PR","Paraná","South","Parana"
411770,"Palmeira","Palmeira","PR","Paraná","South","Parana"
411780,"Palmital","Palmital","PR","Paraná","South","Parana"
411790,"Palotina","Palotina","PR","Paraná","South","Parana"
411800,"Paraíso do Norte","Paraiso do Norte","PR","Paraná","South","Parana"
411810,"Paranacity","Paranacity","PR","Paraná","South","Parana"
411820,"Paranaguá","Paranagua","PR","Paraná","South","Parana"
411830,"Paranapoema","Paranapoema","PR","Paraná","South","Parana"
411840,"Paranavaí","Paranavai","PR","Paraná","South","Parana"
411845,"Pato Bragado","Pato Bragado","PR","Paraná","South","Parana"
411850,"Pato Branco","Pato Branco","PR","Paraná","South","Parana"
411860,"Paula Freitas","Paula Freitas","PR","Paraná","South","Parana"
411870,"Paulo Frontin","Paulo Frontin","PR","Paraná","South","Parana"
411880,"Peabiru","Peabiru","PR","Paraná","South","Parana"
411885,"Perobal","Perobal","PR","Paraná","South","Parana"
411890,"Pérola","Perola","PR","Paraná","South","Parana"
411900,"Pérola d'Oeste","Perola d'Oeste","PR","Paraná","South","Parana"
411910,"Piên","Pien","PR","Paraná","South","Parana"
411915,"Pinhais","Pinhais","PR","Paraná","South","Parana"
411920,"Pinhalão","Pinhalao","PR","Paraná","South","Parana"
411925,"Pinhal de São Bento","Pinhal de Sao Bento","PR","Paraná","South","Parana"
411930,"Pinhão","Pinhao","PR","Paraná","South","Parana"
411940,"Piraí do Sul","Pirai do Sul","PR","Paraná","South","Parana"
411950,"Piraquara","Piraquara","PR","Paraná","South","Parana"
411960,"Pitanga","Pitanga","PR","Paraná","South","Parana"
411965,"Pitangueiras","Pitangueiras","PR","Paraná","South","Parana"
411970,"Planaltina do Paraná","Planaltina do Parana","PR","Paraná","South","Parana"
411980,"Planalto","Planalto","PR","Paraná","South","Parana"
411990,"Ponta Grossa","Ponta Grossa","PR","Paraná","South","Parana"
411995,"Pontal do Paraná","Pontal do Parana","PR","Paraná","South","Parana"
412000,"Porecatu","Porecatu","PR","Paraná","South","Parana"
412010,"Porto Amazonas","Porto Amazonas","PR","Paraná","South","Parana"
412015,"Porto Barreiro","Porto Barreiro","PR","Paraná","South","Parana"
412020,"Porto Rico","Porto Rico","PR","Paraná","South","Parana"
412030,"Porto Vitória","Porto Vitoria","PR","Paraná","South","Parana"
412033,"Prado Ferreira","Prado Ferreira","PR","Paraná","South","Parana"
412035,"Pranchita","Pranchita","PR","Paraná","South","Parana"
412040,"Presidente Castelo Branco","Presidente Castelo Branco","PR","Paraná","South","Parana"
412050,"Primeiro de Maio","Primeiro de Maio","PR","Paraná","South","Parana"
412060,"Prudentópolis","Prudentopolis","PR","Paraná","South","Parana"
412065,"Quarto Centenário","Quarto Centenario","PR","Paraná","South","Parana"
412070,"Quatiguá","Quatigua","PR","Paraná","South","Parana"
412080,"Quatro Barras","Quatro Barras","PR","Paraná","South","Parana"
412085,"Quatro Pontes","Quatro Pontes","PR","Paraná","South","Parana"
412090,"Quedas do Iguaçu","Quedas do Iguacu","PR","Paraná","South","Parana"
412100,"Querência do Norte","Querencia do Norte","PR","Paraná","South","Parana"
412110,"Quinta do Sol","Quinta do Sol","PR","Paraná","South","Parana"
412120,"Quitandinha","Quitandinha","PR","Paraná","South","Parana"
412125,"Ramilândia","Ramilandia","PR","Paraná","South","Parana"
412130,"Rancho Alegre","Rancho Alegre","PR","Paraná","South","Parana"
412135,"Rancho Alegre D'Oeste","Rancho Alegre D'Oeste","PR","Paraná","South","Parana"
412140,"Realeza","Realeza","PR","Paraná","South","Parana"
412150,"Rebouças","Reboucas","PR","Paraná","South","Parana"
412160,"Renascença","Renascenca","PR","Paraná","South","Parana"
412170,"Reserva","Reserva","PR","Paraná","South","Parana"
412175,"Reserva do Iguaçu","Reserva do Iguacu","PR","Paraná","South","Parana"
412180,"Ribeirão Claro","Ribeirao Claro","PR","Paraná","South","Parana"
412190,"Ribeirão do Pinhal","Ribeirao do Pinhal","PR","Paraná","South","Parana"
412200,"Rio Azul","Rio Azul","PR","Paraná","South","Parana"
412210,"Rio Bom","Rio Bom","PR","Paraná","South","Parana"
412215,"Rio Bonito do Iguaçu","Rio Bonito do Iguacu","PR","Paraná","South","Parana"
412217,"Rio Branco do Ivaí","Rio Branco do Ivai","PR","Paraná","South","Parana"
412220,"Rio Branco do Sul","Rio Branco do Sul","PR","Paraná","South","Parana"
412230,"Rio Negro","Rio Negro","PR","Paraná","South","Parana"
412240,"Rolândia","Rolandia","PR","Paraná","South","Parana"
412250,"Roncador","Roncador","PR","Paraná","South","Parana"
412260,"Rondon","Rondon","PR","Paraná","South","Parana"
412265,"Rosário do Ivaí","Rosario do Ivai","PR","Paraná","South","Parana"
412270,"Sabáudia","Sabaudia","PR","Paraná","South","Parana"
412280,"Salgado Filho","Salgado Filho","PR","Paraná","South","Parana"
412290,"Salto do Itararé","Salto do Itarare","PR","Paraná","South","Parana"
412300,"Salto do Lontra","Salto do Lontra","PR","Paraná","South","Parana"
412310,"Santa Amélia","Santa Amelia","PR","Paraná","South","Parana"
412320,"Santa Cecília do Pavão","Santa Cecilia do Pavao","PR","Paraná","South","Parana"
412330,"Santa Cruz de Monte Castelo","Santa Cruz de Monte Castelo","PR","Paraná","South","Parana"
412340,"Santa Fé","Santa Fe","PR","Paraná","South","Parana"
412350,"Santa Helena","Santa Helena","PR","Paraná","South","Parana"
412360,"Santa Inês","Santa Ines","PR","Paraná","South","Parana"
412370,"Santa Isabel do Ivaí","Santa Isabel do Ivai","PR","Paraná","South","Parana"
412380,"Santa Izabel do Oeste","Santa Izabel do Oeste","PR","Paraná","South","Parana"
412382,"Santa Lúcia","Santa Lucia","PR","Paraná","South","Parana"
412385,"Santa Maria do Oeste","Santa Maria do Oeste","PR","Paraná","South","Parana"
412390,"Santa Mariana","Santa Mariana","PR","Paraná","South","Parana"
412395,"Santa Mônica","Santa Monica","PR","Paraná","South","Parana"
412400,"Santana do Itararé","Santana do Itarare","PR","Paraná","South","Parana"
412402,"Santa Tereza do Oeste","Santa Tereza do Oeste","PR","Paraná","South","Parana"
412405,"Santa Terezinha de Itaipu","Santa Terezinha de Itaipu","PR","Paraná","South","Parana"
412410,"Santo Antônio da Platina","Santo Antonio da Platina","PR","Paraná","South","Parana"
412420,"Santo Antônio do Caiuá","Santo Antonio do Caiua","PR","Paraná","South","Parana"
412430,"Santo Antônio do Paraíso","Santo Antonio do Paraiso","PR","Paraná","South","Parana"
412440,"Santo Antônio do Sudoeste","Santo Antonio do Sudoeste","PR","Paraná","South","Parana"
412450,"Santo Inácio","Santo Inacio","PR","Paraná","South","Parana"
412460,"São Carlos do Ivaí","Sao Carlos do Ivai","PR","Paraná","South","Parana"
412470,"São Jerônimo da Serra","Sao Jeronimo da Serra","PR","Paraná","South","Parana"
412480,"São João","Sao Joao","PR","Paraná","South","Parana"
412490,"São João do Caiuá","Sao Joao do Caiua","PR","Paraná","South","Parana"
412500,"São João do Ivaí","Sao Joao do Ivai","PR","Paraná","South","Parana"
412510,"São João do Triunfo","Sao Joao do Triunfo","PR","Paraná","South","Parana"
412520,"São Jorge d'Oeste","Sao Jorge d'Oeste","PR","Paraná","South","Parana"
412530,"São Jorge do Ivaí","Sao Jorge do Ivai","PR","Paraná","South","Parana"
412535,"São Jorge do Patrocínio","Sao Jorge do Patrocinio","PR","Paraná","South","Parana"
412540,"São José da Boa Vista","Sao Jose da Boa Vista","PR","Paraná","South","Parana"
412545,"São José das Palmeiras","Sao Jose das Palmeiras","PR","Paraná","South","Parana"
412550,"São José dos Pinhais","Sao Jose dos Pinhais","PR","Paraná","South","Parana"
412555,"São Manoel do Paraná","Sao Manoel do Parana","PR","Paraná","South","Parana"
412560,"São Mateus do Sul","Sao Mateus do Sul","PR","Paraná","South","Parana"
412570,"São Miguel do Iguaçu","Sao Miguel do Iguacu","PR","Paraná","South","Parana"
412575,"São Pedro do Iguaçu","Sao Pedro do Iguacu","PR","Paraná","South","Parana"
412580,"São Pedro do Ivaí","Sao Pedro do Ivai","PR","Paraná","South","Parana"
412590,"São Pedro do Paraná","Sao Pedro do Parana","PR","Paraná","South","Parana"
412600,"São Sebastião da Amoreira","Sao Sebastiao da Amoreira","PR","Paraná","South","Parana"
412610,"São Tomé","Sao Tome","PR","Paraná","South","Parana"
412620,"Sapopema","Sapopema","PR","Paraná","South","Parana"
412625,"Sarandi","Sarandi","PR","Paraná","South","Parana"
412627,"Saudade do Iguaçu","Saudade do Iguacu","PR","Paraná","South","Parana"
412630,"Sengés","Senges","PR","Paraná","South","Parana"
412635,"Serranópolis do Iguaçu","Serranopolis do Iguacu","PR","Paraná","South","Parana"
412640,"Sertaneja","Sertaneja","PR","Paraná","South","Parana"
412650,"Sertanópolis","Sertanopolis","PR","Paraná","South","Parana"
412660,"Siqueira Campos","Siqueira Campos","PR","Paraná","South","Parana"
412665,"Sulina","Sulina","PR","Paraná","South","Parana"
412667,"Tamarana","Tamarana","PR","Paraná","South","Parana"
412670,"Tamboara","Tamboara","PR","Paraná","South","Parana"
412680,"Tapejara","Tapejara","PR","Paraná","South","Parana"
412690,"Tapira","Tapira","PR","Paraná","South","Parana"
412700,"Teixeira Soares","Teixeira Soares","PR","Paraná","South","Parana"
412710,"Telêmaco Borba","Telemaco Borba","PR","Paraná","South","Parana"
412720,"Terra Boa","Terra Boa","PR","Paraná","South","Parana"
412730,"Terra Rica","Terra Rica","PR","Paraná","South","Parana"
412740,"Terra Roxa","Terra Roxa","PR","Paraná","South","Parana"
412750,"Tibagi","Tibagi","PR","Paraná","South","Parana"
412760,"Tijucas do Sul","Tijucas do Sul","PR","Paraná","South","Parana"
412770,"Toledo","Toledo","PR","Paraná","South","Parana"
412780,"Tomazina","Tomazina","PR","Paraná","South","Parana"
412785,"Três Barras do Paraná","Tres Barras do Parana","PR","Paraná","South","Parana"
412788,"Tunas do Paraná","Tunas do Parana","PR","Paraná","South","Parana"
412790,"Tuneiras do Oeste","Tuneiras do Oeste","PR","Paraná","South","Parana"
412795,"Tupãssi","Tupassi","PR","Paraná","South","Parana"
412796,"Turvo","Turvo","PR","Paraná","South","Parana"
412800,"Ubiratã","Ubirata","PR","Paraná","South","Parana"
412810,"Umuarama","Umuarama","PR","Paraná","South","Parana"
412820,"União da Vitória","Uniao da Vitoria","PR","Paraná","South","Parana"
412830,"Uniflor","Uniflor","PR","Paraná","South","Parana"
412840,"Uraí","Urai","PR","Paraná","South","Parana"
412850,"Wenceslau Braz","Wenceslau Braz","PR","Paraná","South","Parana"
412853,"Ventania","Ventania","PR","Paraná","South","Parana"
412855,"Vera Cruz do Oeste","Vera Cruz do Oeste","PR","Paraná","South","Parana"
412860,"Verê","Vere","PR","Paraná","South","Parana"
412862,"Alto Paraíso","Alto Paraiso","PR","Paraná","South","Parana"
412863,"Doutor Ulysses","Doutor Ulysses","PR","Paraná","South","Parana"
412865,"Virmond","Virmond","PR","Paraná","South","Parana"
412870,"Vitorino","Vitorino","PR","Paraná","South","Parana"
412880,"Xambrê","Xambre","PR","Paraná","South","Parana"
420005,"Abdon Batista","Abdon Batista","SC","Santa Catarina","South","Santa Catarina"
420010,"Abelardo Luz","Abelardo Luz","SC","Santa Catarina","South","Santa Catarina"
420020,"Agrolândia","Agrolandia","SC","Santa Catarina","South","Santa Catarina"
420030,"Agronômica","Agronomica","SC","Santa Catarina","South","Santa Catarina"
420040,"Água Doce","Agua Doce","SC","Santa Catarina","South","Santa Catarina"
420050,"Águas de Chapecó","Aguas de Chapeco","SC","Santa Catarina","South","Santa Catarina"
420055,"Águas Frias","Aguas Frias","SC","Santa Catarina","South","Santa Catarina"
420060,"Águas Mornas","Aguas Mornas","SC","Santa Catarina","South","Santa Catarina"
420070,"Alfredo Wagner","Alfredo Wagner","SC","Santa Catarina","South","Santa Catarina"
420075,"Alto Bela Vista","Alto Bela Vista","SC","Santa Catarina","South","Santa Catarina"
420080,"Anchieta","Anchieta","SC","Santa Catarina","South","Santa Catarina"
420090,"Angelina","Angelina","SC","Santa Catarina","South","Santa Catarina"
420100,"Anita Garibaldi","Anita Garibaldi","SC","Santa Catarina","South","Santa Catarina"
420110,"Anitápolis","Anitapolis","SC","Santa Catarina","South","Santa Catarina"
420120,"Antônio Carlos","Antonio Carlos","SC","Santa Catarina","South","Santa Catarina"
420125,"Apiúna","Apiuna","SC","Santa Catarina","South","Santa Catarina"
420127,"Arabutã","Arabuta","SC","Santa Catarina","South","Santa Catarina"
420130,"Araquari","Araquari","SC","Santa Catarina","South","Santa Catarina"
420140,"Araranguá","Ararangua","SC","Santa Catarina","South","Santa Catarina"
420150,"Armazém","Armazem","SC","Santa Catarina","South","Santa Catarina"
420160,"Arroio Trinta","Arroio Trinta","SC","Santa Catarina","South","Santa Catarina"
420165,"Arvoredo","Arvoredo","SC","Santa Catarina","South","Santa Catarina"
420170,"Ascurra","Ascurra","SC","Santa Catarina","South","Santa Catarina"
420180,"Atalanta","Atalanta","SC","Santa Catarina","South","Santa Catarina"
420190,"Aurora","Aurora","SC","Santa Catarina","South","Santa Catarina"
420195,"Balneário Arroio do Silva","Balneario Arroio do Silva","SC","Santa Catarina","South","Santa Catarina"
420200,"Balneário Camboriú","Balneario Camboriu","SC","Santa Catarina","South","Santa Catarina"
420205,"Balneário Barra do Sul","Balneario Barra do Sul","SC","Santa Catarina","South","Santa Catarina"
420207,"Balneário Gaivota","Balneario Gaivota","SC","Santa Catarina","South","Santa Catarina"
420208,"Bandeirante","Bandeirante","SC","Santa Catarina","South","Santa Catarina"
420209,"Barra Bonita","Barra Bonita","SC","Santa Catarina","South","Santa Catarina"
420210,"Barra Velha","Barra Velha","SC","Santa Catarina","South","Santa Catarina"
420213,"Bela Vista do Toldo","Bela Vista do Toldo","SC","Santa Catarina","South","Santa Catarina"
420215,"Belmonte","Belmonte","SC","Santa Catarina","South","Santa Catarina"
420220,"Benedito Novo","Benedito Novo","SC","Santa Catarina","South","Santa Catarina"
420230,"Biguaçu","Biguacu","SC","Santa Catarina","South","Santa Catarina"
420240,"Blumenau","Blumenau","SC","Santa Catarina","South","Santa Catarina"
420243,"Bocaina do Sul","Bocaina do Sul","SC","Santa Catarina","South","Santa Catarina"
420245,"Bombinhas","Bombinhas","SC","Santa Catarina","South","Santa Catarina"
420250,"Bom Jardim da Serra","Bom Jardim da Serra","SC","Santa Catarina","South","Santa Catarina"
420253,"Bom Jesus","Bom Jesus","SC","Santa Catarina","South","Santa Catarina"
420257,"Bom Jesus do Oeste","Bom Jesus do Oeste","SC","Santa Catarina","South","Santa Catarina"
420260,"Bom Retiro","Bom Retiro","SC","Santa Catarina","South","Santa Catarina"
420270,"Botuverá","Botuvera","SC","Santa Catarina","South","Santa Catarina"
420280,"Braço do Norte","Braco do Norte","SC","Santa Catarina","South","Santa Catarina"
420285,"Braço do Trombudo","Braco do Trombudo","SC","Santa Catarina","South","Santa Catarina"
420287,"Brunópolis","Brunopolis","SC","Santa Catarina","South","Santa Catarina"
420290,"Brusque","Brusque","SC","Santa Catarina","South","Santa Catarina"
420300,"Caçador","Cacador","SC","Santa Catarina","South","Santa Catarina"
420310,"Caibi","Caibi","SC","Santa Catarina","South","Santa Catarina"
420315,"Calmon","Calmon","SC","Santa Catarina","South","Santa Catarina"
420320,"Camboriú","Camboriu","SC","Santa Catarina","South","Santa Catarina"
420325,"Capão Alto","Capao Alto","SC","Santa Catarina","South","Santa Catarina"
420330,"Campo Alegre","Campo Alegre","SC","Santa Catarina","South","Santa Catarina"
420340,"Campo Belo do Sul","Campo Belo do Sul","SC","Santa Catarina","South","Santa Catarina"
420350,"Campo Erê","Campo Ere","SC","Santa Catarina","South","Santa Catarina"
420360,"Campos Novos","Campos Novos","SC","Santa Catarina","South","Santa Catarina"
420370,"Canelinha","Canelinha","SC","Santa Catarina","South","Santa Catarina"
420380,"Canoinhas","Canoinhas","SC","Santa Catarina","South","Santa Catarina"
420390,"Capinzal","Capinzal","SC","Santa Catarina","South","Santa Catarina"
420395,"Capivari de Baixo","Capivari de Baixo","SC","Santa Catarina","South","Santa Catarina"
420400,"Catanduvas","Catanduvas","SC","Santa Catarina","South","Santa Catarina"
420410,"Caxambu do Sul","Caxambu do Sul","SC","Santa Catarina","South","Santa Catarina"
420415,"Celso Ramos","Celso Ramos","SC","Santa Catarina","South","Santa Catarina"
420417,"Cerro Negro","Cerro Negro","SC","Santa Catarina","South","Santa Catarina"
420419,"Chapadão do Lageado","Chapadao do Lageado","SC","Santa Catarina","South","Santa Catarina"
420420,"Chapecó","Chapeco","SC","Santa Catarina","South","Santa Catarina"
420425,"Cocal do Sul","Cocal do Sul","SC","Santa Catarina","South","Santa Catarina"
420430,"Concórdia","Concordia","SC","Santa Catarina","South","Santa Catarina"
420435,"Cordilheira Alta","Cordilheira Alta","SC","Santa Catarina","South","Santa Catarina"
420440,"Coronel Freitas","Coronel Freitas","SC","Santa Catarina","South","Santa Catarina"
420445,"Coronel Martins","Coronel Martins","SC","Santa Catarina","South","Santa Catarina"
420450,"Corupá","Corupa","SC","Santa Catarina","South","Santa Catarina"
420455,"Correia Pinto","Correia Pinto","SC","Santa Catarina","South","Santa Catarina"
420460,"Criciúma","Criciuma","SC","Santa Catarina","South","Santa Catarina"
420470,"Cunha Porã","Cunha Pora","SC","Santa Catarina","South","Santa Catarina"
420475,"Cunhataí","Cunhatai","SC","Santa Catarina","South","Santa Catarina"
420480,"Curitibanos","Curitibanos","SC","Santa Catarina","South","Santa Catarina"
420490,"Descanso","Descanso","SC","Santa Catarina","South","Santa Catarina"
420500,"Dionísio Cerqueira","Dionisio Cerqueira","SC","Santa Catarina","South","Santa Catarina"
420510,"Dona Emma","Dona Emma","SC","Santa Catarina","South","Santa Catarina"
420515,"Doutor Pedrinho","Doutor Pedrinho","SC","Santa Catarina","South","Santa Catarina"
420517,"Entre Rios","Entre Rios","SC","Santa Catarina","South","Santa Catarina"
420519,"Ermo","Ermo","SC","Santa Catarina","South","Santa Catarina"
420520,"Erval Velho","Erval Velho","SC","Santa Catarina","South","Santa Catarina"
420530,"Faxinal dos Guedes","Faxinal dos Guedes","SC","Santa Catarina","South","Santa Catarina"
420535,"Flor do Sertão","Flor do Sertao","SC","Santa Catarina","South","Santa Catarina"
420540,"Florianópolis","Florianopolis","SC","Santa Catarina","South","Santa Catarina"
420543,"Formosa do Sul","Formosa do Sul","SC","Santa Catarina","South","Santa Catarina"
420545,"Forquilhinha","Forquilhinha","SC","Santa Catarina","South","Santa Catarina"
420550,"Fraiburgo","Fraiburgo","SC","Santa Catarina","South","Santa Catarina"
420555,"Frei Rogério","Frei Rogerio","SC","Santa Catarina","South","Santa Catarina"
420560,"Galvão","Galvao","SC","Santa Catarina","South","Santa Catarina"
420570,"Garopaba","Garopaba","SC","Santa Catarina","South","Santa Catarina"
420580,"Garuva","Garuva","SC","Santa Catarina","South","Santa Catarina"
420590,"Gaspar","Gaspar","SC","Santa Catarina","South","Santa Catarina"
420600,"Governador Celso Ramos","Governador Celso Ramos","SC","Santa Catarina","South","Santa Catarina"
420610,"Grão-Pará","Grao-Para","SC","Santa Catarina","South","Santa Catarina"
420620,"Gravatal","Gravatal","SC","Santa Catarina","South","Santa Catarina"
420630,"Guabiruba","Guabiruba","SC","Santa Catarina","South","Santa Catarina"
420640,"Guaraciaba","Guaraciaba","SC","Santa Catarina","South","Santa Catarina"
420650,"Guaramirim","Guaramirim","SC","Santa Catarina","South","Santa Catarina"
420660,"Guarujá do Sul","Guaruja do Sul","SC","Santa Catarina","South","Santa Catarina"
420665,"Guatambú","Guatambu","SC","Santa Catarina","South","Santa Catarina"
420670,"Herval d'Oeste","Herval d'Oeste","SC","Santa Catarina","South","Santa Catarina"
420675,"Ibiam","Ibiam","SC","Santa Catarina","South","Santa Catarina"
420680,"Ibicaré","Ibicare","SC","Santa Catarina","South","Santa Catarina"
420690,"Ibirama","Ibirama","SC","Santa Catarina","South","Santa Catarina"
420700,"Içara","Icara","SC","Santa Catarina","South","Santa Catarina"
420710,"Ilhota","Ilhota","SC","Santa Catarina","South","Santa Catarina"
420720,"Imaruí","Imarui","SC","Santa Catarina","South","Santa Catarina"
420730,"Imbituba","Imbituba","SC","Santa Catarina","South","Santa Catarina"
420740,"Imbuia","Imbuia","SC","Santa Catarina","South","Santa Catarina"
420750,"Indaial","Indaial","SC","Santa Catarina","South","Santa Catarina"
420757,"Iomerê","Iomere","SC","Santa Catarina","South","Santa Catarina"
420760,"Ipira","Ipira","SC","Santa Catarina","South","Santa Catarina"
420765,"Iporã do Oeste","Ipora do Oeste","SC","Santa Catarina","South","Santa Catarina"
420768,"Ipuaçu","Ipuacu","SC","Santa Catarina","South","Santa Catarina"
420770,"Ipumirim","Ipumirim","SC","Santa Catarina","South","Santa Catarina"
420775,"Iraceminha","Iraceminha","SC","Santa Catarina","South","Santa Catarina"
420780,"Irani","Irani","SC","Santa Catarina","South","Santa Catarina"
420785,"Irati","Irati","SC","Santa Catarina","South","Santa Catarina"
420790,"Irineópolis","Irineopolis","SC","Santa Catarina","South","Santa Catarina"
420800,"Itá","Ita","SC","Santa Catarina","South","Santa Catarina"
420810,"Itaiópolis","Itaiopolis","SC","Santa Catarina","South","Santa Catarina"
420820,"Itajaí","Itajai","SC","Santa Catarina","South","Santa Catarina"
420830,"Itapema","Itapema","SC","Santa Catarina","South","Santa Catarina"
420840,"Itapiranga","Itapiranga","SC","Santa Catarina","South","Santa Catarina"
420845,"Itapoá","Itapoa","SC","Santa Catarina","South","Santa Catarina"
420850,"Ituporanga","Ituporanga","SC","Santa Catarina","South","Santa Catarina"
420860,"Jaborá","Jabora","SC","Santa Catarina","South","Santa Catarina"
420870,"Jacinto Machado","Jacinto Machado","SC","Santa Catarina","South","Santa Catarina"
420880,"Jaguaruna","Jaguaruna","SC","Santa Catarina","South","Santa Catarina"
420890,"Jaraguá do Sul","Jaragua do Sul","SC","Santa Catarina","South","Santa Catarina"
420895,"Jardinópolis","Jardinopolis","SC","Santa Catarina","South","Santa Catarina"
420900,"Joaçaba","Joacaba","SC","Santa Catarina","South","Santa Catarina"
420910,"Joinville","Joinville","SC","Santa Catarina","South","Santa Catarina"
420915,"José Boiteux","Jose Boiteux","SC","Santa Catarina","South","Santa Catarina"
420917,"Jupiá","Jupia","SC","Santa Catarina","South","Santa Catarina"
420920,"Lacerdópolis","Lacerdopolis","SC","Santa Catarina","South","Santa Catarina"
420930,"Lages","Lages","SC","Santa Catarina","South","Santa Catarina"
420940,"Laguna","Laguna","SC","Santa Catarina","South","Santa Catarina"
420945,"Lajeado Grande","Lajeado Grande","SC","Santa Catarina","South","Santa Catarina"
420950,"Laurentino","Laurentino","SC","Santa Catarina","South","Santa Catarina"
420960,"Lauro Müller","Lauro Muller","SC","Santa Catarina","South","Santa Catarina"
420970,"Lebon Régis","Lebon Regis","SC","Santa Catarina","South","Santa Catarina"
420980,"Leoberto Leal","Leoberto Leal","SC","Santa Catarina","South","Santa Catarina"
420985,"Lindóia do Sul","Lindoia do Sul","SC","Santa Catarina","South","Santa Catarina"
420990,"Lontras","Lontras","SC","Santa Catarina","South","Santa Catarina"
421000,"Luiz Alves","Luiz Alves","SC","Santa Catarina","South","Santa Catarina"
421003,"Luzerna","Luzerna","SC","Santa Catarina","South","Santa Catarina"
421005,"Macieira","Macieira","SC","Santa Catarina","South","Santa Catarina"
421010,"Mafra","Mafra","SC","Santa Catarina","South","Santa Catarina"
421020,"Major Gercino","Major Gercino","SC","Santa Catarina","South","Santa Catarina"
421030,"Major Vieira","Major Vieira","SC","Santa Catarina","South","Santa Catarina"
421040,"Maracajá","Maracaja","SC","Santa Catarina","South","Santa Catarina"
421050,"Maravilha","Maravilha","SC","Santa Catarina","South","Santa Catarina"
421055,"Marema","Marema","SC","Santa Catarina","South","Santa Catarina"
421060,"Massaranduba","Massaranduba","SC","Santa Catarina","South","Santa Catarina"
421070,"Matos Costa","Matos Costa","SC","Santa Catarina","South","Santa Catarina"
421080,"Meleiro","Meleiro","SC","Santa Catarina","South","Santa Catarina"
421085,"Mirim Doce","Mirim Doce","SC","Santa Catarina","South","Santa Catarina"
421090,"Modelo","Modelo","SC","Santa Catarina","South","Santa Catarina"
421100,"Mondaí","Mondai","SC","Santa Catarina","South","Santa Catarina"
421105,"Monte Carlo","Monte Carlo","SC","Santa Catarina","South","Santa Catarina"
421110,"Monte Castelo","Monte Castelo","SC","Santa Catarina","South","Santa Catarina"
421120,"Morro da Fumaça","Morro da Fumaca","SC","Santa Catarina","South","Santa Catarina"
421125,"Morro Grande","Morro Grande","SC","Santa Catarina","South","Santa Catarina"
421130,"Navegantes","Navegantes","SC","Santa Catarina","South","Santa Catarina"
421140,"Nova Erechim","Nova Erechim","SC","Santa Catarina","South","Santa Catarina"
421145,"Nova Itaberaba","Nova Itaberaba","SC","Santa Catarina","South","Santa Catarina"
421150,"Nova Trento","Nova Trento","SC","Santa Catarina","South","Santa Catarina"
421160,"Nova Veneza","Nova Veneza","SC","Santa Catarina","South","Santa Catarina"
421165,"Novo Horizonte","Novo Horizonte","SC","Santa Catarina","South","Santa Catarina"
421170,"Orleans","Orleans","SC","Santa Catarina","South","Santa Catarina"
421175,"Otacílio Costa","Otacilio Costa","SC","Santa Catarina","South","Santa Catarina"
421180,"Ouro","Ouro","SC","Santa Catarina","South","Santa Catarina"
421185,"Ouro Verde","Ouro Verde","SC","Santa Catarina","South","Santa Catarina"
421187,"Paial","Paial","SC","Santa Catarina","South","Santa Catarina"
421189,"Painel","Painel","SC","Santa Catarina","South","Santa Catarina"
421190,"Palhoça","Palhoca","SC","Santa Catarina","South","Santa Catarina"
421200,"Palma Sola","Palma Sola","SC","Santa Catarina","South","Santa Catarina"
421205,"Palmeira","Palmeira","SC","Santa Catarina","South","Santa Catarina"
421210,"Palmitos","Palmitos","SC","Santa Catarina","South","Santa Catarina"
421220,"Papanduva","Papanduva","SC","Santa Catarina","South","Santa Catarina"
421223,"Paraíso","Paraiso","SC","Santa Catarina","South","Santa Catarina"
421225,"Passo de Torres","Passo de Torres","SC","Santa Catarina","South","Santa Catarina"
421227,"Passos Maia","Passos Maia","SC","Santa Catarina","South","Santa Catarina"
421230,"Paulo Lopes","Paulo Lopes","SC","Santa Catarina","South","Santa Catarina"
421240,"Pedras Grandes","Pedras Grandes","SC","Santa Catarina","South","Santa Catarina"
421250,"Penha","Penha","SC","Santa Catarina","South","Santa Catarina"
421260,"Peritiba","Peritiba","SC","Santa Catarina","South","Santa Catarina"
421265,"Pescaria Brava","Pescaria Brava","SC","Santa Catarina","South","Santa Catarina"
421270,"Petrolândia","Petrolandia","SC","Santa Catarina","South","Santa Catarina"
421280,"Balneário Piçarras","Balneario Picarras","SC","Santa Catarina","South","Santa Catarina"
421290,"Pinhalzinho","Pinhalzinho","SC","Santa Catarina","South","Santa Catarina"
421300,"Pinheiro Preto","Pinheiro Preto","SC","Santa Catarina","South","Santa Catarina"
421310,"Piratuba","Piratuba","SC","Santa Catarina","South","Santa Catarina"
421315,"Planalto Alegre","Planalto Alegre","SC","Santa Catarina","South","Santa Catarina"
421320,"Pomerode","Pomerode","SC","Santa Catarina","South","Santa Catarina"
421330,"Ponte Alta","Ponte Alta","SC","Santa Catarina","South","Santa Catarina"
421335,"Ponte Alta do Norte","Ponte Alta do Norte","SC","Santa Catarina","South","Santa Catarina"
421340,"Ponte Serrada","Ponte Serrada","SC","Santa Catarina","South","Santa Catarina"
421350,"Porto Belo","Porto Belo","SC","Santa Catarina","South","Santa Catarina"
421360,"Porto União","Porto Uniao","SC","Santa Catarina","South","Santa Catarina"
421370,"Pouso Redondo","Pouso Redondo","SC","Santa Catarina","South","Santa Catarina"
421380,"Praia Grande","Praia Grande","SC","Santa Catarina","South","Santa Catarina"
421390,"Presidente Castello Branco","Presidente Castello Branco","SC","Santa Catarina","South","Santa Catarina"
421400,"Presidente Getúlio","Presidente Getulio","SC","Santa Catarina","South","Santa Catarina"
421410,"Presidente Nereu","Presidente Nereu","SC","Santa Catarina","South","Santa Catarina"
421415,"Princesa","Princesa","SC","Santa Catarina","South","Santa Catarina"
421420,"Quilombo","Quilombo","SC","Santa Catarina","South","Santa Catarina"
421430,"Rancho Queimado","Rancho Queimado","SC","Santa Catarina","South","Santa Catarina"
421440,"Rio das Antas","Rio das Antas","SC","Santa Catarina","South","Santa Catarina"
421450,"Rio do Campo","Rio do Campo","SC","Santa Catarina","South","Santa Catarina"
421460,"Rio do Oeste","Rio do Oeste","SC","Santa Catarina","South","Santa Catarina"
421470,"Rio dos Cedros","Rio dos Cedros","SC","Santa Catarina","South","Santa Catarina"
421480,"Rio do Sul","Rio do Sul","SC","Santa Catarina","South","Santa Catarina"
421490,"Rio Fortuna","Rio Fortuna","SC","Santa Catarina","South","Santa Catarina"
421500,"Rio Negrinho","Rio Negrinho","SC","Santa Catarina","South","Santa Catarina"
421505,"Rio Rufino","Rio Rufino","SC","Santa Catarina","South","Santa Catarina"
421507,"Riqueza","Riqueza","SC","Santa Catarina","South","Santa Catarina"
421510,"Rodeio","Rodeio","SC","Santa Catarina","South","Santa Catarina"
421520,"Romelândia","Romelandia","SC","Santa Catarina","South","Santa Catarina"
421530,"Salete","Salete","SC","Santa Catarina","South","Santa Catarina"
421535,"Saltinho","Saltinho","SC","Santa Catarina","South","Santa Catarina"
421540,"Salto Veloso","Salto Veloso","SC","Santa Catarina","South","Santa Catarina"
421545,"Sangão","Sangao","SC","Santa Catarina","South","Santa Catarina"
421550,"Santa Cecília","Santa Cecilia","SC","Santa Catarina","South","Santa Catarina"
421555,"Santa Helena","Santa Helena","SC","Santa Catarina","South","Santa Catarina"
421560,"Santa Rosa de Lima","Santa Rosa de Lima","SC","Santa Catarina","South","Santa Catarina"
421565,"Santa Rosa do Sul","Santa Rosa do Sul","SC","Santa Catarina","South","Santa Catarina"
421567,"Santa Terezinha","Santa Terezinha","SC","Santa Catarina","South","Santa Catarina"
421568,"Santa Terezinha do Progresso","Santa Terezinha do Progresso","SC","Santa Catarina","South","Santa Catarina"
421569,"Santiago do Sul","Santiago do Sul","SC","Santa Catarina","South","Santa Catarina"
421570,"Santo Amaro da Imperatriz","Santo Amaro da Imperatriz","SC","Santa Catarina","South","Santa Catarina"
421575,"São Bernardino","Sao Bernardino","SC","Santa Catarina","South","Santa Catarina"
421580,"São Bento do Sul","Sao Bento do Sul","SC","Santa Catarina","South","Santa Catarina"
421590,"São Bonifácio","Sao Bonifacio","SC","Santa Catarina","South","Santa Catarina"
421600,"São Carlos","Sao Carlos","SC","Santa Catarina","South","Santa Catarina"
421605,"São Cristóvão do Sul","Sao Cristovao do Sul","SC","Santa Catarina","South","Santa Catarina"
421610,"São Domingos","Sao Domingos","SC","Santa Catarina","South","Santa Catarina"
421620,"São Francisco do Sul","Sao Francisco do Sul","SC","Santa Catarina","South","Santa Catarina"
421625,"São João do Oeste","Sao Joao do Oeste","SC","Santa Catarina","South","Santa Catarina"
421630,"São João Batista","Sao Joao Batista","SC","Santa Catarina","South","Santa Catarina"
421635,"São João do Itaperiú","Sao Joao do Itaperiu","SC","Santa Catarina","South","Santa Catarina"
421640,"São João do Sul","Sao Joao do Sul","SC","Santa Catarina","South","Santa Catarina"
421650,"São Joaquim","Sao Joaquim","SC","Santa Catarina","South","Santa Catarina"
421660,"São José","Sao Jose","SC","Santa Catarina","South","Santa Catarina"
421670,"São José do Cedro","Sao Jose do Cedro","SC","Santa Catarina","South","Santa Catarina"
421680,"São José do Cerrito","Sao Jose do Cerrito","SC","Santa Catarina","South","Santa Catarina"
421690,"São Lourenço do Oeste","Sao Lourenco do Oeste","SC","Santa Catarina","South","Santa Catarina"
421700,"São Ludgero","Sao Ludgero","SC","Santa Catarina","South","Santa Catarina"
421710,"São Martinho","Sao Martinho","SC","Santa Catarina","South","Santa Catarina"
421715,"São Miguel da Boa Vista","Sao Miguel da Boa Vista","SC","Santa Catarina","South","Santa Catarina"
421720,"São Miguel do Oeste","Sao Miguel do Oeste","SC","Santa Catarina","South","Santa Catarina"
421725,"São Pedro de Alcântara","Sao Pedro de Alcantara","SC","Santa Catarina","South","Santa Catarina"
421730,"Saudades","Saudades","SC","Santa Catarina","South","Santa Catarina"
421740,"Schroeder","Schroeder","SC","Santa Catarina","South","Santa Catarina"
421750,"Seara","Seara","SC","Santa Catarina","South","Santa Catarina"
421755,"Serra Alta","Serra Alta","SC","Santa Catarina","South","Santa Catarina"
421760,"Siderópolis","Sideropolis","SC","Santa Catarina","South","Santa Catarina"
421770,"Sombrio","Sombrio","SC","Santa Catarina","South","Santa Catarina"
421775,"Sul Brasil","Sul Brasil","SC","Santa Catarina","South","Santa Catarina"
421780,"Taió","Taio","SC","Santa Catarina","South","Santa Catarina"
421790,"Tangará","Tangara","SC","Santa Catarina","South","Santa Catarina"
421795,"Tigrinhos","Tigrinhos","SC","Santa Catarina","South","Santa Catarina"
421800,"Tijucas","Tijucas","SC","Santa Catarina","South","Santa Catarina"
421810,"Timbé do Sul","Timbe do Sul","SC","Santa Catarina","South","Santa Catarina"
421820,"Timbó","Timbo","SC","Santa Catarina","South","Santa Catarina"
421825,"Timbó Grande","Timbo Grande","SC","Santa Catarina","South","Santa Catarina"
421830,"Três Barras","Tres Barras","SC","Santa Catarina","South","Santa Catarina"
421835,"Treviso","Treviso","SC","Santa Catarina","South","Santa Catarina"
421840,"Treze de Maio","Treze de Maio","SC","Santa Catarina","South","Santa Catarina"
421850,"Treze Tílias","Treze Tilias","SC","Santa Catarina","South","Santa Catarina"
421860,"Trombudo Central","Trombudo Central","SC","Santa Catarina","South","Santa Catarina"
421870,"Tubarão","Tubarao","SC","Santa Catarina","South","Santa Catarina"
421875,"Tunápolis","Tunapolis","SC","Santa Catarina","South","Santa Catarina"
421880,"Turvo","Turvo","SC","Santa Catarina","South","Santa Catarina"
421885,"União do Oeste","Uniao do Oeste","SC","Santa Catarina","South","Santa Catarina"
421890,"Urubici","Urubici","SC","Santa Catarina","South","Santa Catarina"
421895,"Urupema","Urupema","SC","Santa Catarina","South","Santa Catarina"
421900,"Urussanga","Urussanga","SC","Santa Catarina","South","Santa Catarina"
421910,"Vargeão","Vargeao","SC","Santa Catarina","South","Santa Catarina"
421915,"Vargem","Vargem","SC","Santa Catarina","South","Santa Catarina"
421917,"Vargem Bonita","Vargem Bonita","SC","Santa Catarina","South","Santa Catarina"
421920,"Vidal Ramos","Vidal Ramos","SC","Santa Catarina","South","Santa Catarina"
421930,"Videira","Videira","SC","Santa Catarina","South","Santa Catarina"
421935,"Vitor Meireles","Vitor Meireles","SC","Santa Catarina","South","Santa Catarina"
421940,"Witmarsum","Witmarsum","SC","Santa Catarina","South","Santa Catarina"
421950,"Xanxerê","Xanxere","SC","Santa Catarina","South","Santa Catarina"
421960,"Xavantina","Xavantina","SC","Santa Catarina","South","Santa Catarina"
421970,"Xaxim","Xaxim","SC","Santa Catarina","South","Santa Catarina"
421985,"Zortéa","Zortea","SC","Santa Catarina","South","Santa Catarina"
422000,"Balneário Rincão","Balneario Rincao","SC","Santa Catarina","South","Santa Catarina"
430003,"Aceguá","Acegua","RS","Rio Grande do Sul","South","Rio Grande do Sul"
430005,"Água Santa","Agua Santa","RS","Rio Grande do Sul","South","Rio Grande do Sul"
430010,"Agudo","Agudo","RS","Rio Grande do Sul","South","Rio Grande do Sul"
430020,"Ajuricaba","Ajuricaba","RS","Rio Grande do Sul","South","Rio Grande do Sul"
430030,"Alecrim","Alecrim","RS","Rio Grande do Sul","South","Rio Grande do Sul"
430040,"Alegrete","Alegrete","RS","Rio Grande do Sul","South","Rio Grande do Sul"
430045,"Alegria","Alegria","RS","Rio Grande do Sul","South","Rio Grande do Sul"
430047,"Almirante Tamandaré do Sul","Almirante Tamandare do Sul","RS","Rio Grande do Sul","South","Rio Grande do Sul"
430050,"Alpestre","Alpestre","RS","Rio Grande do Sul","South","Rio Grande do Sul"
430055,"Alto Alegre","Alto Alegre","RS","Rio Grande do Sul","South","Rio Grande do Sul"
430057,"Alto Feliz","Alto Feliz","RS","Rio Grande do Sul","South","Rio Grande do Sul"
430060,"Alvorada","Alvorada","RS","Rio Grande do Sul","South","Rio Grande do Sul"
430063,"Amaral Ferrador","Amaral Ferrador","RS","Rio Grande do Sul","South","Rio Grande do Sul"
430064,"Ametista do Sul","Ametista do Sul","RS","Rio Grande do Sul","South","Rio Grande do Sul"
430066,"André da Rocha","Andre da Rocha","RS","Rio Grande do Sul","South","Rio Grande do Sul"
430070,"Anta Gorda","Anta Gorda","RS","Rio Grande do Sul","South","Rio Grande do Sul"
430080,"Antônio Prado","Antonio Prado","RS","Rio Grande do Sul","South","Rio Grande do Sul"
430085,"Arambaré","Arambare","RS","Rio Grande do Sul","South","Rio Grande do Sul"
430087,"Araricá","Ararica","RS","Rio Grande do Sul","South","Rio Grande do Sul"
430090,"Aratiba","Aratiba","RS","Rio Grande do Sul","South","Rio Grande do Sul"
430100,"Arroio do Meio","Arroio do Meio","RS","Rio Grande do Sul","South","Rio Grande do Sul"
430105,"Arroio do Sal","Arroio do Sal","RS","Rio Grande do Sul","South","Rio Grande do Sul"
430107,"Arroio do Padre","Arroio do Padre","RS","Rio Grande do Sul","South","Rio Grande do Sul"
430110,"Arroio dos Ratos","Arroio dos Ratos","RS","Rio Grande do Sul","South","Rio Grande do Sul"
430120,"Arroio do Tigre","Arroio do Tigre","RS","Rio Grande do Sul","South","Rio Grande do Sul"
430130,"Arroio Grande","Arroio Grande","RS","Rio Grande do Sul","South","Rio Grande do Sul"
430140,"Arvorezinha","Arvorezinha","RS","Rio Grande do Sul","South","Rio Grande do Sul"
430150,"Augusto Pestana","Augusto Pestana","RS","Rio Grande do Sul","South","Rio Grande do Sul"
430155,"Áurea","Aurea","RS","Rio Grande do Sul","South","Rio Grande do Sul"
430160,"Bagé","Bage","RS","Rio Grande do Sul","South","Rio Grande do Sul"
430163,"Balneário Pinhal","Balneario Pinhal","RS","Rio Grande do Sul","South","Rio Grande do Sul"
430165,"Barão","Barao","RS","Rio Grande do Sul","South","Rio Grande do Sul"
430170,"Barão de Cotegipe","Barao de Cotegipe","RS","Rio Grande do Sul","South","Rio Grande do Sul"
430175,"Barão do Triunfo","Barao do Triunfo","RS","Rio Grande do Sul","South","Rio Grande do Sul"
430180,"Barracão","Barracao","RS","Rio Grande do Sul","South","Rio Grande do Sul"
430185,"Barra do Guarita","Barra do Guarita","RS","Rio Grande do Sul","South","Rio Grande do Sul"
430187,"Barra do Quaraí","Barra do Quarai","RS","Rio Grande do Sul","South","Rio Grande do Sul"
430190,"Barra do Ribeiro","Barra do Ribeiro","RS","Rio Grande do Sul","South","Rio Grande do Sul"
430192,"Barra do Rio Azul","Barra do Rio Azul","RS","Rio Grande do Sul","South","Rio Grande do Sul"
430195,"Barra Funda","Barra Funda","RS","Rio Grande do Sul","South","Rio Grande do Sul"
430200,"Barros Cassal","Barros Cassal","RS","Rio Grande do Sul","South","Rio Grande do Sul"
430205,"Benjamin Constant do Sul","Benjamin Constant do Sul","RS","Rio Grande do Sul","South","Rio Grande do Sul"
430210,"Bento Gonçalves","Bento Goncalves","RS","Rio Grande do Sul","South","Rio Grande do Sul"
430215,"Boa Vista das Missões","Boa Vista das Missoes","RS","Rio Grande do Sul","South","Rio Grande do Sul"
430220,"Boa Vista do Buricá","Boa Vista do Burica","RS","Rio Grande do Sul","South","Rio Grande do Sul"
430222,"Boa Vista do Cadeado","Boa Vista do Cadeado","RS","Rio Grande do Sul","South","Rio Grande do Sul"
430223,"Boa Vista do Incra","Boa Vista do Incra","RS","Rio Grande do Sul","South","Rio Grande do Sul"
430225,"Boa Vista do Sul","Boa Vista do Sul","RS","Rio Grande do Sul","South","Rio Grande do Sul"
430230,"Bom Jesus","Bom Jesus","RS","Rio Grande do Sul","South","Rio Grande do Sul"
430235,"Bom Princípio","Bom Principio","RS","Rio Grande do Sul","South","Rio Grande do Sul"
430237,"Bom Progresso","Bom Progresso","RS","Rio Grande do Sul","South","Rio Grande do Sul"
430240,"Bom Retiro do Sul","Bom Retiro do Sul","RS","Rio Grande do Sul","South","Rio Grande do Sul"
430245,"Boqueirão do Leão","Boqueirao do Leao","RS","Rio Grande do Sul","South","Rio Grande do Sul"
430250,"Bossoroca","Bossoroca","RS","Rio Grande do Sul","South","Rio Grande do Sul"
430258,"Bozano","Bozano","RS","Rio Grande do Sul","South","Rio Grande do Sul"
430260,"Braga","Braga","RS","Rio Grande do Sul","South","Rio Grande do Sul"
430265,"Brochier","Brochier","RS","Rio Grande do Sul","South","Rio Grande do Sul"
430270,"Butiá","Butia","RS","Rio Grande do Sul","South","Rio Grande do Sul"
430280,"Caçapava do Sul","Cacapava do Sul","RS","Rio Grande do Sul","South","Rio Grande do Sul"
430290,"Cacequi","Cacequi","RS","Rio Grande do Sul","South","Rio Grande do Sul"
430300,"Cachoeira do Sul","Cachoeira do Sul","RS","Rio Grande do Sul","South","Rio Grande do Sul"
430310,"Cachoeirinha","Cachoeirinha","RS","Rio Grande do Sul","South","Rio Grande do Sul"
430320,"Cacique Doble","Cacique Doble","RS","Rio Grande do Sul","South","Rio Grande do Sul"
430330,"Caibaté","Caibate","RS","Rio Grande do Sul","South","Rio Grande do Sul"
430340,"Caiçara","Caicara","RS","Rio Grande do Sul","South","Rio Grande do Sul"
430350,"Camaquã","Camaqua","RS","Rio Grande do Sul","South","Rio Grande do Sul"
430355,"Camargo","Camargo","RS","Rio Grande do Sul","South","Rio Grande do Sul"
430360,"Cambará do Sul","Cambara do Sul","RS","Rio Grande do Sul","South","Rio Grande do Sul"
430367,"Campestre da Serra","Campestre da Serra","RS","Rio Grande do Sul","South","Rio Grande do Sul"
430370,"Campina das Missões","Campina das Missoes","RS","Rio Grande do Sul","South","Rio Grande do Sul"
430380,"Campinas do Sul","Campinas do Sul","RS","Rio Grande do Sul","South","Rio Grande do Sul"
430390,"Campo Bom","Campo Bom","RS","Rio Grande do Sul","South","Rio Grande do Sul"
430400,"Campo Novo","Campo Novo","RS","Rio Grande do Sul","South","Rio Grande do Sul"
430410,"Campos Borges","Campos Borges","RS","Rio Grande do Sul","South","Rio Grande do Sul"
430420,"Candelária","Candelaria","RS","Rio Grande do Sul","South","Rio Grande do Sul"
430430,"Cândido Godói","Candido Godoi","RS","Rio Grande do Sul","South","Rio Grande do Sul"
430435,"Candiota","Candiota","RS","Rio Grande do Sul","South","Rio Grande do Sul"
430440,"Canela","Canela","RS","Rio Grande do Sul","South","Rio Grande do Sul"
430450,"Canguçu","Cangucu","RS","Rio Grande do Sul","South","Rio Grande do Sul"
430460,"Canoas","Canoas","RS","Rio Grande do Sul","South","Rio Grande do Sul"
430461,"Canudos do Vale","Canudos do Vale","RS","Rio Grande do Sul","South","Rio Grande do Sul"
430462,"Capão Bonito do Sul","Capao Bonito do Sul","RS","Rio Grande do Sul","South","Rio Grande do Sul"
430463,"Capão da Canoa","Capao da Canoa","RS","Rio Grande do Sul","South","Rio Grande do Sul"
430465,"Capão do Cipó","Capao do Cipo","RS","Rio Grande do Sul","South","Rio Grande do Sul"
430466,"Capão do Leão","Capao do Leao","RS","Rio Grande do Sul","South","Rio Grande do Sul"
430467,"Capivari do Sul","Capivari do Sul","RS","Rio Grande do Sul","South","Rio Grande do Sul"
430468,"Capela de Santana","Capela de Santana","RS","Rio Grande do Sul","South","Rio Grande do Sul"
430469,"Capitão","Capitao","RS","Rio Grande do Sul","South","Rio Grande do Sul"
430470,"Carazinho","Carazinho","RS","Rio Grande do Sul","South","Rio Grande do Sul"
430471,"Caraá","Caraa","RS","Rio Grande do Sul","South","Rio Grande do Sul"
430480,"Carlos Barbosa","Carlos Barbosa","RS","Rio Grande do Sul","South","Rio Grande do Sul"
430485,"Carlos Gomes","Carlos Gomes","RS","Rio Grande do Sul","South","Rio Grande do Sul"
430490,"Casca","Casca","RS","Rio Grande do Sul","South","Rio Grande do Sul"
430495,"Caseiros","Caseiros","RS","Rio Grande do Sul","South","Rio Grande do Sul"
430500,"Catuípe","Catuipe","RS","Rio Grande do Sul","South","Rio Grande do Sul"
430510,"Caxias do Sul","Caxias do Sul","RS","Rio Grande do Sul","South","Rio Grande do Sul"
430511,"Centenário","Centenario","RS","Rio Grande do Sul","South","Rio Grande do Sul"
430512,"Cerrito","Cerrito","RS","Rio Grande do Sul","South","Rio Grande do Sul"
430513,"Cerro Branco","Cerro Branco","RS","Rio Grande do Sul","South","Rio Grande do Sul"
430515,"Cerro Grande","Cerro Grande","RS","Rio Grande do Sul","South","Rio Grande do Sul"
430517,"Cerro Grande do Sul","Cerro Grande do Sul","RS","Rio Grande do Sul","South","Rio Grande do Sul"
430520,"Cerro Largo","Cerro Largo","RS","Rio Grande do Sul","South","Rio Grande do Sul"
430530,"Chapada","Chapada","RS","Rio Grande do Sul","South","Rio Grande do Sul"
430535,"Charqueadas","Charqueadas","RS","Rio Grande do Sul","South","Rio Grande do Sul"
430537,"Charrua","Charrua","RS","Rio Grande do Sul","South","Rio Grande do Sul"
430540,"Chiapetta","Chiapetta","RS","Rio Grande do Sul","South","Rio Grande do Sul"
430543,"Chuí","Chui","RS","Rio Grande do Sul","South","Rio Grande do Sul"
430544,"Chuvisca","Chuvisca","RS","Rio Grande do Sul","South","Rio Grande do Sul"
430545,"Cidreira","Cidreira","RS","Rio Grande do Sul","South","Rio Grande do Sul"
430550,"Ciríaco","Ciriaco","RS","Rio Grande do Sul","South","Rio Grande do Sul"
430558,"Colinas","Colinas","RS","Rio Grande do Sul","South","Rio Grande do Sul"
430560,"Colorado","Colorado","RS","Rio Grande do Sul","South","Rio Grande do Sul"
430570,"Condor","Condor","RS","Rio Grande do Sul","South","Rio Grande do Sul"
430580,"Constantina","Constantina","RS","Rio Grande do Sul","South","Rio Grande do Sul"
430583,"Coqueiro Baixo","Coqueiro Baixo","RS","Rio Grande do Sul","South","Rio Grande do Sul"
430585,"Coqueiros do Sul","Coqueiros do Sul","RS","Rio Grande do Sul","South","Rio Grande do Sul"
430587,"Coronel Barros","Coronel Barros","RS","Rio Grande do Sul","South","Rio Grande do Sul"
430590,"Coronel Bicaco","Coronel Bicaco","RS","Rio Grande do Sul","South","Rio Grande do Sul"
430593,"Coronel Pilar","Coronel Pilar","RS","Rio Grande do Sul","South","Rio Grande do Sul"
430595,"Cotiporã","Cotipora","RS","Rio Grande do Sul","South","Rio Grande do Sul"
430597,"Coxilha","Coxilha","RS","Rio Grande do Sul","South","Rio Grande do Sul"
430600,"Crissiumal","Crissiumal","RS","Rio Grande do Sul","South","Rio Grande do Sul"
430605,"Cristal","Cristal","RS","Rio Grande do Sul","South","Rio Grande do Sul"
430607,"Cristal do Sul","Cristal do Sul","RS","Rio Grande do Sul","South","Rio Grande do Sul"
430610,"Cruz Alta","Cruz Alta","RS","Rio Grande do Sul","South","Rio Grande do Sul"
430613,"Cruzaltense","Cruzaltense","RS","Rio Grande do Sul","South","Rio Grande do Sul"
430620,"Cruzeiro do Sul","Cruzeiro do Sul","RS","Rio Grande do Sul","South","Rio Grande do Sul"
430630,"David Canabarro","David Canabarro","RS","Rio Grande do Sul","South","Rio Grande do Sul"
430632,"Derrubadas","Derrubadas","RS","Rio Grande do Sul","South","Rio Grande do Sul"
430635,"Dezesseis de Novembro","Dezesseis de Novembro","RS","Rio Grande do Sul","South","Rio Grande do Sul"
430637,"Dilermando de Aguiar","Dilermando de Aguiar","RS","Rio Grande do Sul","South","Rio Grande do Sul"
430640,"Dois Irmãos","Dois Irmaos","RS","Rio Grande do Sul","South","Rio Grande do Sul"
430642,"Dois Irmãos das Missões","Dois Irmaos das Missoes","RS","Rio Grande do Sul","South","Rio Grande do Sul"
430645,"Dois Lajeados","Dois Lajeados","RS","Rio Grande do Sul","South","Rio Grande do Sul"
430650,"Dom Feliciano","Dom Feliciano","RS","Rio Grande do Sul","South","Rio Grande do Sul"
430655,"Dom Pedro de Alcântara","Dom Pedro de Alcantara","RS","Rio Grande do Sul","South","Rio Grande do Sul"
430660,"Dom Pedrito","Dom Pedrito","RS","Rio Grande do Sul","South","Rio Grande do Sul"
430670,"Dona Francisca","Dona Francisca","RS","Rio Grande do Sul","South","Rio Grande do Sul"
430673,"Doutor Maurício Cardoso","Doutor Mauricio Cardoso","RS","Rio Grande do Sul","South","Rio Grande do Sul"
430675,"Doutor Ricardo","Doutor Ricardo","RS","Rio Grande do Sul","South","Rio Grande do Sul"
430676,"Eldorado do Sul","Eldorado do Sul","RS","Rio Grande do Sul","South","Rio Grande do Sul"
430680,"Encantado","Encantado","RS","Rio Grande do Sul","South","Rio Grande do Sul"
430690,"Encruzilhada do Sul","Encruzilhada do Sul","RS","Rio Grande do Sul","South","Rio Grande do Sul"
430692,"Engenho Velho","Engenho Velho","RS","Rio Grande do Sul","South","Rio Grande do Sul"
430693,"Entre-Ijuís","Entre-Ijuis","RS","Rio Grande do Sul","South","Rio Grande do Sul"
430695,"Entre Rios do Sul","Entre Rios do Sul","RS","Rio Grande do Sul","South","Rio Grande do Sul"
430697,"Erebango","Erebango","RS","Rio Grande do Sul","South","Rio Grande do Sul"
430700,"Erechim","Erechim","RS","Rio Grande do Sul","South","Rio Grande do Sul"
430705,"Ernestina","Ernestina","RS","Rio Grande do Sul","South","Rio Grande do Sul"
430710,"Herval","Herval","RS","Rio Grande do Sul","South","Rio Grande do Sul"
430720,"Erval Grande","Erval Grande","RS","Rio Grande do Sul","South","Rio Grande do Sul"
430730,"Erval Seco","Erval Seco","RS","Rio Grande do Sul","South","Rio Grande do Sul"
430740,"Esmeralda","Esmeralda","RS","Rio Grande do Sul","South","Rio Grande do Sul"
430745,"Esperança do Sul","Esperanca do Sul","RS","Rio Grande do Sul","South","Rio Grande do Sul"
430750,"Espumoso","Espumoso","RS","Rio Grande do Sul","South","Rio Grande do Sul"
430755,"Estação","Estacao","RS","Rio Grande do Sul","South","Rio Grande do Sul"
430760,"Estância Velha","Estancia Velha","RS","Rio Grande do Sul","South","Rio Grande do Sul"
430770,"Esteio","Esteio","RS","Rio Grande do Sul","South","Rio Grande do Sul"
430780,"Estrela","Estrela","RS","Rio Grande do Sul","South","Rio Grande do Sul"
430781,"Estrela Velha","Estrela Velha","RS","Rio Grande do Sul","South","Rio Grande do Sul"
430783,"Eugênio de Castro","Eugenio de Castro","RS","Rio Grande do Sul","South","Rio Grande do Sul"
430786,"Fagundes Varela","Fagundes Varela","RS","Rio Grande do Sul","South","Rio Grande do Sul"
430790,"Farroupilha","Farroupilha","RS","Rio Grande do Sul","South","Rio Grande do Sul"
430800,"Faxinal do Soturno","Faxinal do Soturno","RS","Rio Grande do Sul","South","Rio Grande do Sul"
430805,"Faxinalzinho","Faxinalzinho","RS","Rio Grande do Sul","South","Rio Grande do Sul"
430807,"Fazenda Vilanova","Fazenda Vilanova","RS","Rio Grande do Sul","South","Rio Grande do Sul"
430810,"Feliz","Feliz","RS","Rio Grande do Sul","South","Rio Grande do Sul"
430820,"Flores da Cunha","Flores da Cunha","RS","Rio Grande do Sul","South","Rio Grande do Sul"
430825,"Floriano Peixoto","Floriano Peixoto","RS","Rio Grande do Sul","South","Rio Grande do Sul"
430830,"Fontoura Xavier","Fontoura Xavier","RS","Rio Grande do Sul","South","Rio Grande do Sul"
430840,"Formigueiro","Formigueiro","RS","Rio Grande do Sul","South","Rio Grande do Sul"
430843,"Forquetinha","Forquetinha","RS","Rio Grande do Sul","South","Rio Grande do Sul"
430845,"Fortaleza dos Valos","Fortaleza dos Valos","RS","Rio Grande do Sul","South","Rio Grande do Sul"
430850,"Frederico Westphalen","Frederico Westphalen","RS","Rio Grande do Sul","South","Rio Grande do Sul"
430860,"Garibaldi","Garibaldi","RS","Rio Grande do Sul","South","Rio Grande do Sul"
430865,"Garruchos","Garruchos","RS","Rio Grande do Sul","South","Rio Grande do Sul"
430870,"Gaurama","Gaurama","RS","Rio Grande do Sul","South","Rio Grande do Sul"
430880,"General Câmara","General Camara","RS","Rio Grande do Sul","South","Rio Grande do Sul"
430885,"Gentil","Gentil","RS","Rio Grande do Sul","South","Rio Grande do Sul"
430890,"Getúlio Vargas","Getulio Vargas","RS","Rio Grande do Sul","South","Rio Grande do Sul"
430900,"Giruá","Girua","RS","Rio Grande do Sul","South","Rio Grande do Sul"
430905,"Glorinha","Glorinha","RS","Rio Grande do Sul","South","Rio Grande do Sul"
430910,"Gramado","Gramado","RS","Rio Grande do Sul","South","Rio Grande do Sul"
430912,"Gramado dos Loureiros","Gramado dos Loureiros","RS","Rio Grande do Sul","South","Rio Grande do Sul"
430915,"Gramado Xavier","Gramado Xavier","RS","Rio Grande do Sul","South","Rio Grande do Sul"
430920,"Gravataí","Gravatai","RS","Rio Grande do Sul","South","Rio Grande do Sul"
430925,"Guabiju","Guabiju","RS","Rio Grande do Sul","South","Rio Grande do Sul"
430930,"Guaíba","Guaiba","RS","Rio Grande do Sul","South","Rio Grande do Sul"
430940,"Guaporé","Guapore","RS","Rio Grande do Sul","South","Rio Grande do Sul"
430950,"Guarani das Missões","Guarani das Missoes","RS","Rio Grande do Sul","South","Rio Grande do Sul"
430955,"Harmonia","Harmonia","RS","Rio Grande do Sul","South","Rio Grande do Sul"
430957,"Herveiras","Herveiras","RS","Rio Grande do Sul","South","Rio Grande do Sul"
430960,"Horizontina","Horizontina","RS","Rio Grande do Sul","South","Rio Grande do Sul"
430965,"Hulha Negra","Hulha Negra","RS","Rio Grande do Sul","South","Rio Grande do Sul"
430970,"Humaitá","Humaita","RS","Rio Grande do Sul","South","Rio Grande do Sul"
430975,"Ibarama","Ibarama","RS","Rio Grande do Sul","South","Rio Grande do Sul"
430980,"Ibiaçá","Ibiaca","RS","Rio Grande do Sul","South","Rio Grande do Sul"
430990,"Ibiraiaras","Ibiraiaras","RS","Rio Grande do Sul","South","Rio Grande do Sul"
430995,"Ibirapuitã","Ibirapuita","RS","Rio Grande do Sul","South","Rio Grande do Sul"
431000,"Ibirubá","Ibiruba","RS","Rio Grande do Sul","South","Rio Grande do Sul"
431010,"Igrejinha","Igrejinha","RS","Rio Grande do Sul","South","Rio Grande do Sul"
431020,"Ijuí","Ijui","RS","Rio Grande do Sul","South","Rio Grande do Sul"
431030,"Ilópolis","Ilopolis","RS","Rio Grande do Sul","South","Rio Grande do Sul"
431033,"Imbé","Imbe","RS","Rio Grande do Sul","South","Rio Grande do Sul"
431036,"Imigrante","Imigrante","RS","Rio Grande do Sul","South","Rio Grande do Sul"
431040,"Independência","Independencia","RS","Rio Grande do Sul","South","Rio Grande do Sul"
431041,"Inhacorá","Inhacora","RS","Rio Grande do Sul","South","Rio Grande do Sul"
431043,"Ipê","Ipe","RS","Rio Grande do Sul","South","Rio Grande do Sul"
431046,"Ipiranga do Sul","Ipiranga do Sul","RS","Rio Grande do Sul","South","Rio Grande do Sul"
431050,"Iraí","Irai","RS","Rio Grande do Sul","South","Rio Grande do Sul"
431053,"Itaara","Itaara","RS","Rio Grande do Sul","South","Rio Grande do Sul"
431055,"Itacurubi","Itacurubi","RS","Rio Grande do Sul","South","Rio Grande do Sul"
431057,"Itapuca","Itapuca","RS","Rio Grande do Sul","South","Rio Grande do Sul"
431060,"Itaqui","Itaqui","RS","Rio Grande do Sul","South","Rio Grande do Sul"
431065,"Itati","Itati","RS","Rio Grande do Sul","South","Rio Grande do Sul"
431070,"Itatiba do Sul","Itatiba do Sul","RS","Rio Grande do Sul","South","Rio Grande do Sul"
431075,"Ivorá","Ivora","RS","Rio Grande do Sul","South","Rio Grande do Sul"
431080,"Ivoti","Ivoti","RS","Rio Grande do Sul","South","Rio Grande do Sul"
431085,"Jaboticaba","Jaboticaba","RS","Rio Grande do Sul","South","Rio Grande do Sul"
431087,"Jacuizinho","Jacuizinho","RS","Rio Grande do Sul","South","Rio Grande do Sul"
431090,"Jacutinga","Jacutinga","RS","Rio Grande do Sul","South","Rio Grande do Sul"
431100,"Jaguarão","Jaguarao","RS","Rio Grande do Sul","South","Rio Grande do Sul"
431110,"Jaguari","Jaguari","RS","Rio Grande do Sul","South","Rio Grande do Sul"
431112,"Jaquirana","Jaquirana","RS","Rio Grande do Sul","South","Rio Grande do Sul"
431113,"Jari","Jari","RS","Rio Grande do Sul","South","Rio Grande do Sul"
431115,"Jóia","Joia","RS","Rio Grande do Sul","South","Rio Grande do Sul"
431120,"Júlio de Castilhos","Julio de Castilhos","RS","Rio Grande do Sul","South","Rio Grande do Sul"
431123,"Lagoa Bonita do Sul","Lagoa Bonita do Sul","RS","Rio Grande do Sul","South","Rio Grande do Sul"
431125,"Lagoão","Lagoao","RS","Rio Grande do Sul","South","Rio Grande do Sul"
431127,"Lagoa dos Três Cantos","Lagoa dos Tres Cantos","RS","Rio Grande do Sul","South","Rio Grande do Sul"
431130,"Lagoa Vermelha","Lagoa Vermelha","RS","Rio Grande do Sul","South","Rio Grande do Sul"
431140,"Lajeado","Lajeado","RS","Rio Grande do Sul","South","Rio Grande do Sul"
431142,"Lajeado do Bugre","Lajeado do Bugre","RS","Rio Grande do Sul","South","Rio Grande do Sul"
431150,"Lavras do Sul","Lavras do Sul","RS","Rio Grande do Sul","South","Rio Grande do Sul"
431160,"Liberato Salzano","Liberato Salzano","RS","Rio Grande do Sul","South","Rio Grande do Sul"
431162,"Lindolfo Collor","Lindolfo Collor","RS","Rio Grande do Sul","South","Rio Grande do Sul"
431164,"Linha Nova","Linha Nova","RS","Rio Grande do Sul","South","Rio Grande do Sul"
431170,"Machadinho","Machadinho","RS","Rio Grande do Sul","South","Rio Grande do Sul"
431171,"Maçambará","Macambara","RS","Rio Grande do Sul","South","Rio Grande do Sul"
431173,"Mampituba","Mampituba","RS","Rio Grande do Sul","South","Rio Grande do Sul"
431175,"Manoel Viana","Manoel Viana","RS","Rio Grande do Sul","South","Rio Grande do Sul"
431177,"Maquiné","Maquine","RS","Rio Grande do Sul","South","Rio Grande do Sul"
431179,"Maratá","Marata","RS","Rio Grande do Sul","South","Rio Grande do Sul"
431180,"Marau","Marau","RS","Rio Grande do Sul","South","Rio Grande do Sul"
431190,"Marcelino Ramos","Marcelino Ramos","RS","Rio Grande do Sul","South","Rio Grande do Sul"
431198,"Mariana Pimentel","Mariana Pimentel","RS","Rio Grande do Sul","South","Rio Grande do Sul"
431200,"Mariano Moro","Mariano Moro","RS","Rio Grande do Sul","South","Rio Grande do Sul"
431205,"Marques de Souza","Marques de Souza","RS","Rio Grande do Sul","South","Rio Grande do Sul"
431210,"Mata","Mata","RS","Rio Grande do Sul","South","Rio Grande do Sul"
431213,"Mato Castelhano","Mato Castelhano","RS","Rio Grande do Sul","South","Rio Grande do Sul"
431215,"Mato Leitão","Mato Leitao","RS","Rio Grande do Sul","South","Rio Grande do Sul"
431217,"Mato Queimado","Mato Queimado","RS","Rio Grande do Sul","South","Rio Grande do Sul"
431220,"Maximiliano de Almeida","Maximiliano de Almeida","RS","Rio Grande do Sul","South","Rio Grande do Sul"
431225,"Minas do Leão","Minas do Leao","RS","Rio Grande do Sul","South","Rio Grande do Sul"
431230,"Miraguaí","Miraguai","RS","Rio Grande do Sul","South","Rio Grande do Sul"
431235,"Montauri","Montauri","RS","Rio Grande do Sul","South","Rio Grande do Sul"
431237,"Monte Alegre dos Campos","Monte Alegre dos Campos","RS","Rio Grande do Sul","South","Rio Grande do Sul"
431238,"Monte Belo do Sul","Monte Belo do Sul","RS","Rio Grande do Sul","South","Rio Grande do Sul"
431240,"Montenegro","Montenegro","RS","Rio Grande do Sul","South","Rio Grande do Sul"
431242,"Mormaço","Mormaco","RS","Rio Grande do Sul","South","Rio Grande do Sul"
431244,"Morrinhos do Sul","Morrinhos do Sul","RS","Rio Grande do Sul","South","Rio Grande do Sul"
431245,"Morro Redondo","Morro Redondo","RS","Rio Grande do Sul","South","Rio Grande do Sul"
431247,"Morro Reuter","Morro Reuter","RS","Rio Grande do Sul","South","Rio Grande do Sul"
431250,"Mostardas","Mostardas","RS","Rio Grande do Sul","South","Rio Grande do Sul"
431260,"Muçum","Mucum","RS","Rio Grande do Sul","South","Rio Grande do Sul"
431261,"Muitos Capões","Muitos Capoes","RS","Rio Grande do Sul","South","Rio Grande do Sul"
431262,"Muliterno","Muliterno","RS","Rio Grande do Sul","South","Rio Grande do Sul"
431265,"Não-Me-Toque","Nao-Me-Toque","RS","Rio Grande do Sul","South","Rio Grande do Sul"
431267,"Nicolau Vergueiro","Nicolau Vergueiro","RS","Rio Grande do Sul","South","Rio Grande do Sul"
431270,"Nonoai","Nonoai","RS","Rio Grande do Sul","South","Rio Grande do Sul"
431275,"Nova Alvorada","Nova Alvorada","RS","Rio Grande do Sul","South","Rio Grande do Sul"
431280,"Nova Araçá","Nova Araca","RS","Rio Grande do Sul","South","Rio Grande do Sul"
431290,"Nova Bassano","Nova Bassano","RS","Rio Grande do Sul","South","Rio Grande do Sul"
431295,"Nova Boa Vista","Nova Boa Vista","RS","Rio Grande do Sul","South","Rio Grande do Sul"
431300,"Nova Bréscia","Nova Brescia","RS","Rio Grande do Sul","South","Rio Grande do Sul"
431301,"Nova Candelária","Nova Candelaria","RS","Rio Grande do Sul","South","Rio Grande do Sul"
431303,"Nova Esperança do Sul","Nova Esperanca do Sul","RS","Rio Grande do Sul","South","Rio Grande do Sul"
431306,"Nova Hartz","Nova Hartz","RS","Rio Grande do Sul","South","Rio Grande do Sul"
431308,"Nova Pádua","Nova Padua","RS","Rio Grande do Sul","South","Rio Grande do Sul"
431310,"Nova Palma","Nova Palma","RS","Rio Grande do Sul","South","Rio Grande do Sul"
431320,"Nova Petrópolis","Nova Petropolis","RS","Rio Grande do Sul","South","Rio Grande do Sul"
431330,"Nova Prata","Nova Prata","RS","Rio Grande do Sul","South","Rio Grande do Sul"
431333,"Nova Ramada","Nova Ramada","RS","Rio Grande do Sul","South","Rio Grande do Sul"
431335,"Nova Roma do Sul","Nova Roma do Sul","RS","Rio Grande do Sul","South","Rio Grande do Sul"
431337,"Nova Santa Rita","Nova Santa Rita","RS","Rio Grande do Sul","South","Rio Grande do Sul"
431339,"Novo Cabrais","Novo Cabrais","RS","Rio Grande do Sul","South","Rio Grande do Sul"
431340,"Novo Hamburgo","Novo Hamburgo","RS","Rio Grande do Sul","South","Rio Grande do Sul"
431342,"Novo Machado","Novo Machado","RS","Rio Grande do Sul","South","Rio Grande do Sul"
431344,"Novo Tiradentes","Novo Tiradentes","RS","Rio Grande do Sul","South","Rio Grande do Sul"
431346,"Novo Xingu","Novo Xingu","RS","Rio Grande do Sul","South","Rio Grande do Sul"
431349,"Novo Barreiro","Novo Barreiro","RS","Rio Grande do Sul","South","Rio Grande do Sul"
431350,"Osório","Osorio","RS","Rio Grande do Sul","South","Rio Grande do Sul"
431360,"Paim Filho","Paim Filho","RS","Rio Grande do Sul","South","Rio Grande do Sul"
431365,"Palmares do Sul","Palmares do Sul","RS","Rio Grande do Sul","South","Rio Grande do Sul"
431370,"Palmeira das Missões","Palmeira das Missoes","RS","Rio Grande do Sul","South","Rio Grande do Sul"
431380,"Palmitinho","Palmitinho","RS","Rio Grande do Sul","South","Rio Grande do Sul"
431390,"Panambi","Panambi","RS","Rio Grande do Sul","South","Rio Grande do Sul"
431395,"Pantano Grande","Pantano Grande","RS","Rio Grande do Sul","South","Rio Grande do Sul"
431400,"Paraí","Parai","RS","Rio Grande do Sul","South","Rio Grande do Sul"
431402,"Paraíso do Sul","Paraiso do Sul","RS","Rio Grande do Sul","South","Rio Grande do Sul"
431403,"Pareci Novo","Pareci Novo","RS","Rio Grande do Sul","South","Rio Grande do Sul"
431405,"Parobé","Parobe","RS","Rio Grande do Sul","South","Rio Grande do Sul"
431406,"Passa Sete","Passa Sete","RS","Rio Grande do Sul","South","Rio Grande do Sul"
431407,"Passo do Sobrado","Passo do Sobrado","RS","Rio Grande do Sul","South","Rio Grande do Sul"
431410,"Passo Fundo","Passo Fundo","RS","Rio Grande do Sul","South","Rio Grande do Sul"
431413,"Paulo Bento","Paulo Bento","RS","Rio Grande do Sul","South","Rio Grande do Sul"
431415,"Paverama","Paverama","RS","Rio Grande do Sul","South","Rio Grande do Sul"
431417,"Pedras Altas","Pedras Altas","RS","Rio Grande do Sul","South","Rio Grande do Sul"
431420,"Pedro Osório","Pedro Osorio","RS","Rio Grande do Sul","South","Rio Grande do Sul"
431430,"Pejuçara","Pejucara","RS","Rio Grande do Sul","South","Rio Grande do Sul"
431440,"Pelotas","Pelotas","RS","Rio Grande do Sul","South","Rio Grande do Sul"
431442,"Picada Café","Picada Cafe","RS","Rio Grande do Sul","South","Rio Grande do Sul"
431445,"Pinhal","Pinhal","RS","Rio Grande do Sul","South","Rio Grande do Sul"
431446,"Pinhal da Serra","Pinhal da Serra","RS","Rio Grande do Sul","South","Rio Grande do Sul"
431447,"Pinhal Grande","Pinhal Grande","RS","Rio Grande do Sul","South","Rio Grande do Sul"
431449,"Pinheirinho do Vale","Pinheirinho do Vale","RS","Rio Grande do Sul","South","Rio Grande do Sul"
431450,"Pinheiro Machado","Pinheiro Machado","RS","Rio Grande do Sul","South","Rio Grande do Sul"
431454,"Pinto Bandeira","Pinto Bandeira","RS","Rio Grande do Sul","South","Rio Grande do Sul"
431455,"Pirapó","Pirapo","RS","Rio Grande do Sul","South","Rio Grande do Sul"
431460,"Piratini","Piratini","RS","Rio Grande do Sul","South","Rio Grande do Sul"
431470,"Planalto","Planalto","RS","Rio Grande do Sul","South","Rio Grande do Sul"
431475,"Poço das Antas","Poco das Antas","RS","Rio Grande do Sul","South","Rio Grande do Sul"
431477,"Pontão","Pontao","RS","Rio Grande do Sul","South","Rio Grande do Sul"
431478,"Ponte Preta","Ponte Preta","RS","Rio Grande do Sul","South","Rio Grande do Sul"
431480,"Portão","Portao","RS","Rio Grande do Sul","South","Rio Grande do Sul"
431490,"Porto Alegre","Porto Alegre","RS","Rio Grande do Sul","South","Rio Grande do Sul"
431500,"Porto Lucena","Porto Lucena","RS","Rio Grande do Sul","South","Rio Grande do Sul"
431505,"Porto Mauá","Porto Maua","RS","Rio Grande do Sul","South","Rio Grande do Sul"
431507,"Porto Vera Cruz","Porto Vera Cruz","RS","Rio Grande do Sul","South","Rio Grande do Sul"
431510,"Porto Xavier","Porto Xavier","RS","Rio Grande do Sul","South","Rio Grande do Sul"
431513,"Pouso Novo","Pouso Novo","RS","Rio Grande do Sul","South","Rio Grande do Sul"
431514,"Presidente Lucena","Presidente Lucena","RS","Rio Grande do Sul","South","Rio Grande do Sul"
431515,"Progresso","Progresso","RS","Rio Grande do Sul","South","Rio Grande do Sul"
431517,"Protásio Alves","Protasio Alves","RS","Rio Grande do Sul","South","Rio Grande do Sul"
431520,"Putinga","Putinga","RS","Rio Grande do Sul","South","Rio Grande do Sul"
431530,"Quaraí","Quarai","RS","Rio Grande do Sul","South","Rio Grande do Sul"
431531,"Quatro Irmãos","Quatro Irmaos","RS","Rio Grande do Sul","South","Rio Grande do Sul"
431532,"Quevedos","Quevedos","RS","Rio Grande do Sul","South","Rio Grande do Sul"
431535,"Quinze de Novembro","Quinze de Novembro","RS","Rio Grande do Sul","South","Rio Grande do Sul"
431540,"Redentora","Redentora","RS","Rio Grande do Sul","South","Rio Grande do Sul"
431545,"Relvado","Relvado","RS","Rio Grande do Sul","South","Rio Grande do Sul"
431550,"Restinga Sêca","Restinga Seca","RS","Rio Grande do Sul","South","Rio Grande do Sul"
431555,"Rio dos Índios","Rio dos Indios","RS","Rio Grande do Sul","South","Rio Grande do Sul"
431560,"Rio Grande","Rio Grande","RS","Rio Grande do Sul","South","Rio Grande do Sul"
431570,"Rio Pardo","Rio Pardo","RS","Rio Grande do Sul","South","Rio Grande do Sul"
431575,"Riozinho","Riozinho","RS","Rio Grande do Sul","South","Rio Grande do Sul"
431580,"Roca Sales","Roca Sales","RS","Rio Grande do Sul","South","Rio Grande do Sul"
431590,"Rodeio Bonito","Rodeio Bonito","RS","Rio Grande do Sul","South","Rio Grande do Sul"
431595,"Rolador","Rolador","RS","Rio Grande do Sul","South","Rio Grande do Sul"
431600,"Rolante","Rolante","RS","Rio Grande do Sul","South","Rio Grande do Sul"
431610,"Ronda Alta","Ronda Alta","RS","Rio Grande do Sul","South","Rio Grande do Sul"
431620,"Rondinha","Rondinha","RS","Rio Grande do Sul","South","Rio Grande do Sul"
431630,"Roque Gonzales","Roque Gonzales","RS","Rio Grande do Sul","South","Rio Grande do Sul"
431640,"Rosário do Sul","Rosario do Sul","RS","Rio Grande do Sul","South","Rio Grande do Sul"
431642,"Sagrada Família","Sagrada Familia","RS","Rio Grande do Sul","South","Rio Grande do Sul"
431643,"Saldanha Marinho","Saldanha Marinho","RS","Rio Grande do Sul","South","Rio Grande do Sul"
431645,"Salto do Jacuí","Salto do Jacui","RS","Rio Grande do Sul","South","Rio Grande do Sul"
431647,"Salvador das Missões","Salvador das Missoes","RS","Rio Grande do Sul","South","Rio Grande do Sul"
431650,"Salvador do Sul","Salvador do Sul","RS","Rio Grande do Sul","South","Rio Grande do Sul"
431660,"Sananduva","Sananduva","RS","Rio Grande do Sul","South","Rio Grande do Sul"
431670,"Santa Bárbara do Sul","Santa Barbara do Sul","RS","Rio Grande do Sul","South","Rio Grande do Sul"
431673,"Santa Cecília do Sul","Santa Cecilia do Sul","RS","Rio Grande do Sul","South","Rio Grande do Sul"
431675,"Santa Clara do Sul","Santa Clara do Sul","RS","Rio Grande do Sul","South","Rio Grande do Sul"
431680,"Santa Cruz do Sul","Santa Cruz do Sul","RS","Rio Grande do Sul","South","Rio Grande do Sul"
431690,"Santa Maria","Santa Maria","RS","Rio Grande do Sul","South","Rio Grande do Sul"
431695,"Santa Maria do Herval","Santa Maria do Herval","RS","Rio Grande do Sul","South","Rio Grande do Sul"
431697,"Santa Margarida do Sul","Santa Margarida do Sul","RS","Rio Grande do Sul","South","Rio Grande do Sul"
431700,"Santana da Boa Vista","Santana da Boa Vista","RS","Rio Grande do Sul","South","Rio Grande do Sul"
431710,"Sant'Ana do Livramento","Sant'Ana do Livramento","RS","Rio Grande do Sul","South","Rio Grande do Sul"
431720,"Santa Rosa","Santa Rosa","RS","Rio Grande do Sul","South","Rio Grande do Sul"
431725,"Santa Tereza","Santa Tereza","RS","Rio Grande do Sul","South","Rio Grande do Sul"
431730,"Santa Vitória do Palmar","Santa Vitoria do Palmar","RS","Rio Grande do Sul","South","Rio Grande do Sul"
431740,"Santiago","Santiago","RS","Rio Grande do Sul","South","Rio Grande do Sul"
431750,"Santo Ângelo","Santo Angelo","RS","Rio Grande do Sul","South","Rio Grande do Sul"
431755,"Santo Antônio do Palma","Santo Antonio do Palma","RS","Rio Grande do Sul","South","Rio Grande do Sul"
431760,"Santo Antônio da Patrulha","Santo Antonio da Patrulha","RS","Rio Grande do Sul","South","Rio Grande do Sul"
431770,"Santo Antônio das Missões","Santo Antonio das Missoes","RS","Rio Grande do Sul","South","Rio Grande do Sul"
431775,"Santo Antônio do Planalto","Santo Antonio do Planalto","RS","Rio Grande do Sul","South","Rio Grande do Sul"
431780,"Santo Augusto","Santo Augusto","RS","Rio Grande do Sul","South","Rio Grande do Sul"
431790,"Santo Cristo","Santo Cristo","RS","Rio Grande do Sul","South","Rio Grande do Sul"
431795,"Santo Expedito do Sul","Santo Expedito do Sul","RS","Rio Grande do Sul","South","Rio Grande do Sul"
431800,"São Borja","Sao Borja","RS","Rio Grande do Sul","South","Rio Grande do Sul"
431805,"São Domingos do Sul","Sao Domingos do Sul","RS","Rio Grande do Sul","South","Rio Grande do Sul"
431810,"São Francisco de Assis","Sao Francisco de Assis","RS","Rio Grande do Sul","South","Rio Grande do Sul"
431820,"São Francisco de Paula","Sao Francisco de Paula","RS","Rio Grande do Sul","South","Rio Grande do Sul"
431830,"São Gabriel","Sao Gabriel","RS","Rio Grande do Sul","South","Rio Grande do Sul"
431840,"São Jerônimo","Sao Jeronimo","RS","Rio Grande do Sul","South","Rio Grande do Sul"
431842,"São João da Urtiga","Sao Joao da Urtiga","RS","Rio Grande do Sul","South","Rio Grande do Sul"
431843,"São João do Polêsine","Sao Joao do Polesine","RS","Rio Grande do Sul","South","Rio Grande do Sul"
431844,"São Jorge","Sao Jorge","RS","Rio Grande do Sul","South","Rio Grande do Sul"
431845,"São José das Missões","Sao Jose das Missoes","RS","Rio Grande do Sul","South","Rio Grande do Sul"
431846,"São José do Herval","Sao Jose do Herval","RS","Rio Grande do Sul","South","Rio Grande do Sul"
431848,"São José do Hortêncio","Sao Jose do Hortencio","RS","Rio Grande do Sul","South","Rio Grande do Sul"
431849,"São José do Inhacorá","Sao Jose do Inhacora","RS","Rio Grande do Sul","South","Rio Grande do Sul"
431850,"São José do Norte","Sao Jose do Norte","RS","Rio Grande do Sul","South","Rio Grande do Sul"
431860,"São José do Ouro","Sao Jose do Ouro","RS","Rio Grande do Sul","South","Rio Grande do Sul"
431861,"São José do Sul","Sao Jose do Sul","RS","Rio Grande do Sul","South","Rio Grande do Sul"
431862,"São José dos Ausentes","Sao Jose dos Ausentes","RS","Rio Grande do Sul","South","Rio Grande do Sul"
431870,"São Leopoldo","Sao Leopoldo","RS","Rio Grande do Sul","South","Rio Grande do Sul"
431880,"São Lourenço do Sul","Sao Lourenco do Sul","RS","Rio Grande do Sul","South","Rio Grande do Sul"
431890,"São Luiz Gonzaga","Sao Luiz Gonzaga","RS","Rio Grande do Sul","South","Rio Grande do Sul"
431900,"São Marcos","Sao Marcos","RS","Rio Grande do Sul","South","Rio Grande do Sul"
431910,"São Martinho","Sao Martinho","RS","Rio Grande do Sul","South","Rio Grande do Sul"
431912,"São Martinho da Serra","Sao Martinho da Serra","RS","Rio Grande do Sul","South","Rio Grande do Sul"
431915,"São Miguel das Missões","Sao Miguel das Missoes","RS","Rio Grande do Sul","South","Rio Grande do Sul"
431920,"São Nicolau","Sao Nicolau","RS","Rio Grande do Sul","South","Rio Grande do Sul"
431930,"São Paulo das Missões","Sao Paulo das Missoes","RS","Rio Grande do Sul","South","Rio Grande do Sul"
431935,"São Pedro da Serra","Sao Pedro da Serra","RS","Rio Grande do Sul","South","Rio Grande do Sul"
431936,"São Pedro das Missões","Sao Pedro das Missoes","RS","Rio Grande do Sul","South","Rio Grande do Sul"
431937,"São Pedro do Butiá","Sao Pedro do Butia","RS","Rio Grande do Sul","South","Rio Grande do Sul"
431940,"São Pedro do Sul","Sao Pedro do Sul","RS","Rio Grande do Sul","South","Rio Grande do Sul"
431950,"São Sebastião do Caí","Sao Sebastiao do Cai","RS","Rio Grande do Sul","South","Rio Grande do Sul"
431960,"São Sepé","Sao Sepe","RS","Rio Grande do Sul","South","Rio Grande do Sul"
431970,"São Valentim","Sao Valentim","RS","Rio Grande do Sul","South","Rio Grande do Sul"
431971,"São Valentim do Sul","Sao Valentim do Sul","RS","Rio Grande do Sul","South","Rio Grande do Sul"
431973,"São Valério do Sul","Sao Valerio do Sul","RS","Rio Grande do Sul","South","Rio Grande do Sul"
431975,"São Vendelino","Sao Vendelino","RS","Rio Grande do Sul","South","Rio Grande do Sul"
431980,"São Vicente do Sul","Sao Vicente do Sul","RS","Rio Grande do Sul","South","Rio Grande do Sul"
431990,"Sapiranga","Sapiranga","RS","Rio Grande do Sul","South","Rio Grande do Sul"
432000,"Sapucaia do Sul","Sapucaia do Sul","RS","Rio Grande do Sul","South","Rio Grande do Sul"
432010,"Sarandi","Sarandi","RS","Rio Grande do Sul","South","Rio Grande do Sul"
432020,"Seberi","Seberi","RS","Rio Grande do Sul","South","Rio Grande do Sul"
432023,"Sede Nova","Sede Nova","RS","Rio Grande do Sul","South","Rio Grande do Sul"
432026,"Segredo","Segredo","RS","Rio Grande do Sul","South","Rio Grande do Sul"
432030,"Selbach","Selbach","RS","Rio Grande do Sul","South","Rio Grande do Sul"
432032,"Senador Salgado Filho","Senador Salgado Filho","RS","Rio Grande do Sul","South","Rio Grande do Sul"
432035,"Sentinela do Sul","Sentinela do Sul","RS","Rio Grande do Sul","South","Rio Grande do Sul"
432040,"Serafina Corrêa","Serafina Correa","RS","Rio Grande do Sul","South","Rio Grande do Sul"
432045,"Sério","Serio","RS","Rio Grande do Sul","South","Rio Grande do Sul"
432050,"Sertão","Sertao","RS","Rio Grande do Sul","South","Rio Grande do Sul"
432055,"Sertão Santana","Sertao Santana","RS","Rio Grande do Sul","South","Rio Grande do Sul"
432057,"Sete de Setembro","Sete de Setembro","RS","Rio Grande do Sul","South","Rio Grande do Sul"
432060,"Severiano de Almeida","Severiano de Almeida","RS","Rio Grande do Sul","South","Rio Grande do Sul"
432065,"Silveira Martins","Silveira Martins","RS","Rio Grande do Sul","South","Rio Grande do Sul"
432067,"Sinimbu","Sinimbu","RS","Rio Grande do Sul","South","Rio Grande do Sul"
432070,"Sobradinho","Sobradinho","RS","Rio Grande do Sul","South","Rio Grande do Sul"
432080,"Soledade","Soledade","RS","Rio Grande do Sul","South","Rio Grande do Sul"
432085,"Tabaí","Tabai","RS","Rio Grande do Sul","South","Rio Grande do Sul"
432090,"Tapejara","Tapejara","RS","Rio Grande do Sul","South","Rio Grande do Sul"
432100,"Tapera","Tapera","RS","Rio Grande do Sul","South","Rio Grande do Sul"
432110,"Tapes","Tapes","RS","Rio Grande do Sul","South","Rio Grande do Sul"
432120,"Taquara","Taquara","RS","Rio Grande do Sul","South","Rio Grande do Sul"
432130,"Taquari","Taquari","RS","Rio Grande do Sul","South","Rio Grande do Sul"
432132,"Taquaruçu do Sul","Taquarucu do Sul","RS","Rio Grande do Sul","South","Rio Grande do Sul"
432135,"Tavares","Tavares","RS","Rio Grande do Sul","South","Rio Grande do Sul"
432140,"Tenente Portela","Tenente Portela","RS","Rio Grande do Sul","South","Rio Grande do Sul"
432143,"Terra de Areia","Terra de Areia","RS","Rio Grande do Sul","South","Rio Grande do Sul"
432145,"Teutônia","Teutonia","RS","Rio Grande do Sul","South","Rio Grande do Sul"
432146,"Tio Hugo","Tio Hugo","RS","Rio Grande do Sul","South","Rio Grande do Sul"
432147,"Tiradentes do Sul","Tiradentes do Sul","RS","Rio Grande do Sul","South","Rio Grande do Sul"
432149,"Toropi","Toropi","RS","Rio Grande do Sul","South","Rio Grande do Sul"
432150,"Torres","Torres","RS","Rio Grande do Sul","South","Rio Grande do Sul"
432160,"Tramandaí","Tramandai","RS","Rio Grande do Sul","South","Rio Grande do Sul"
432162,"Travesseiro","Travesseiro","RS","Rio Grande do Sul","South","Rio Grande do Sul"
432163,"Três Arroios","Tres Arroios","RS","Rio Grande do Sul","South","Rio Grande do Sul"
432166,"Três Cachoeiras","Tres Cachoeiras","RS","Rio Grande do Sul","South","Rio Grande do Sul"
432170,"Três Coroas","Tres Coroas","RS","Rio Grande do Sul","South","Rio Grande do Sul"
432180,"Três de Maio","Tres de Maio","RS","Rio Grande do Sul","South","Rio Grande do Sul"
432183,"Três Forquilhas","Tres Forquilhas","RS","Rio Grande do Sul","South","Rio Grande do Sul"
432185,"Três Palmeiras","Tres Palmeiras","RS","Rio Grande do Sul","South","Rio Grande do Sul"
432190,"Três Passos","Tres Passos","RS","Rio Grande do Sul","South","Rio Grande do Sul"
432195,"Trindade do Sul","Trindade do Sul","RS","Rio Grande do Sul","South","Rio Grande do Sul"
432200,"Triunfo","Triunfo","RS","Rio Grande do Sul","South","Rio Grande do Sul"
432210,"Tucunduva","Tucunduva","RS","Rio Grande do Sul","South","Rio Grande do Sul"
432215,"Tunas","Tunas","RS","Rio Grande do Sul","South","Rio Grande do Sul"
432218,"Tupanci do Sul","Tupanci do Sul","RS","Rio Grande do Sul","South","Rio Grande do Sul"
432220,"Tupanciretã","Tupancireta","RS","Rio Grande do Sul","South","Rio Grande do Sul"
432225,"Tupandi","Tupandi","RS","Rio Grande do Sul","South","Rio Grande do Sul"
432230,"Tuparendi","Tuparendi","RS","Rio Grande do Sul","South","Rio Grande do Sul"
432232,"Turuçu","Turucu","RS","Rio Grande do Sul","South","Rio Grande do Sul"
432234,"Ubiretama","Ubiretama","RS","Rio Grande do Sul","South","Rio Grande do Sul"
432235,"União da Serra","Uniao da Serra","RS","Rio Grande do Sul","South","Rio Grande do Sul"
432237,"Unistalda","Unistalda","RS","Rio Grande do Sul","South","Rio Grande do Sul"
432240,"Uruguaiana","Uruguaiana","RS","Rio Grande do Sul","South","Rio Grande do Sul"
432250,"Vacaria","Vacaria","RS","Rio Grande do Sul","South","Rio Grande do Sul"
432252,"Vale Verde","Vale Verde","RS","Rio Grande do Sul","South","Rio Grande do Sul"
432253,"Vale do Sol","Vale do Sol","RS","Rio Grande do Sul","South","Rio Grande do Sul"
432254,"Vale Real","Vale Real","RS","Rio Grande do Sul","South","Rio Grande do Sul"
432255,"Vanini","Vanini","RS","Rio Grande do Sul","South","Rio Grande do Sul"
432260,"Venâncio Aires","Venancio Aires","RS","Rio Grande do Sul","South","Rio Grande do Sul"
432270,"Vera Cruz","Vera Cruz","RS","Rio Grande do Sul","South","Rio Grande do Sul"
432280,"Veranópolis","Veranopolis","RS","Rio Grande do Sul","South","Rio Grande do Sul"
432285,"Vespasiano Corrêa","Vespasiano Correa","RS","Rio Grande do Sul","South","Rio Grande do Sul"
432290,"Viadutos","Viadutos","RS","Rio Grande do Sul","South","Rio Grande do Sul"
432300,"Viamão","Viamao","RS","Rio Grande do Sul","South","Rio Grande do Sul"
432310,"Vicente Dutra","Vicente Dutra","RS","Rio Grande do Sul","South","Rio Grande do Sul"
432320,"Victor Graeff","Victor Graeff","RS","Rio Grande do Sul","South","Rio Grande do Sul"
432330,"Vila Flores","Vila Flores","RS","Rio Grande do Sul","South","Rio Grande do Sul"
432335,"Vila Lângaro","Vila Langaro","RS","Rio Grande do Sul","South","Rio Grande do Sul"
432340,"Vila Maria","Vila Maria","RS","Rio Grande do Sul","South","Rio Grande do Sul"
432345,"Vila Nova do Sul","Vila Nova do Sul","RS","Rio Grande do Sul","South","Rio Grande do Sul"
432350,"Vista Alegre","Vista Alegre","RS","Rio Grande do Sul","South","Rio Grande do Sul"
432360,"Vista Alegre do Prata","Vista Alegre do Prata","RS","Rio Grande do Sul","South","Rio Grande do Sul"
432370,"Vista Gaúcha","Vista Gaucha","RS","Rio Grande do Sul","South","Rio Grande do Sul"
432375,"Vitória das Missões","Vitoria das Missoes","RS","Rio Grande do Sul","South","Rio Grande do Sul"
432377,"Westfália","Westfalia","RS","Rio Grande do Sul","South","Rio Grande do Sul"
432380,"Xangri-lá","Xangri-la","RS","Rio Grande do Sul","South","Rio Grande do Sul"
500020,"Água Clara","Agua Clara","MS","Mato Grosso do Sul","Central-West","Mato Grosso do Sul"
500025,"Alcinópolis","Alcinopolis","MS","Mato Grosso do Sul","Central-West","Mato Grosso do Sul"
500060,"Amambai","Amambai","MS","Mato Grosso do Sul","Central-West","Mato Grosso do Sul"
500070,"Anastácio","Anastacio","MS","Mato Grosso do Sul","Central-West","Mato Grosso do Sul"
500080,"Anaurilândia","Anaurilandia","MS","Mato Grosso do Sul","Central-West","Mato Grosso do Sul"
500085,"Angélica","Angelica","MS","Mato Grosso do Sul","Central-West","Mato Grosso do Sul"
500090,"Antônio João","Antonio Joao","MS","Mato Grosso do Sul","Central-West","Mato Grosso do Sul"
500100,"Aparecida do Taboado","Aparecida do Taboado","MS","Mato Grosso do Sul","Central-West","Mato Grosso do Sul"
500110,"Aquidauana","Aquidauana","MS","Mato Grosso do Sul","Central-West","Mato Grosso do Sul"
500124,"Aral Moreira","Aral Moreira","MS","Mato Grosso do Sul","Central-West","Mato Grosso do Sul"
500150,"Bandeirantes","Bandeirantes","MS","Mato Grosso do Sul","Central-West","Mato Grosso do Sul"
500190,"Bataguassu","Bataguassu","MS","Mato Grosso do Sul","Central-West","Mato Grosso do Sul"
500200,"Batayporã","Bataypora","MS","Mato Grosso do Sul","Central-West","Mato Grosso do Sul"
500210,"Bela Vista","Bela Vista","MS","Mato Grosso do Sul","Central-West","Mato Grosso do Sul"
500215,"Bodoquena","Bodoquena","MS","Mato Grosso do Sul","Central-West","Mato Grosso do Sul"
500220,"Bonito","Bonito","MS","Mato Grosso do Sul","Central-West","Mato Grosso do Sul"
500230,"Brasilândia","Brasilandia","MS","Mato Grosso do Sul","Central-West","Mato Grosso do Sul"
500240,"Caarapó","Caarapo","MS","Mato Grosso do Sul","Central-West","Mato Grosso do Sul"
500260,"Camapuã","Camapua","MS","Mato Grosso do Sul","Central-West","Mato Grosso do Sul"
500270,"Campo Grande","Campo Grande","MS","Mato Grosso do Sul","Central-West","Mato Grosso do Sul"
500280,"Caracol","Caracol","MS","Mato Grosso do Sul","Central-West","Mato Grosso do Sul"
500290,"Cassilândia","Cassilandia","MS","Mato Grosso do Sul","Central-West","Mato Grosso do Sul"
500295,"Chapadão do Sul","Chapadao do Sul","MS","Mato Grosso do Sul","Central-West","Mato Grosso do Sul"
500310,"Corguinho","Corguinho","MS","Mato Grosso do Sul","Central-West","Mato Grosso do Sul"
500315,"Coronel Sapucaia","Coronel Sapucaia","MS","Mato Grosso do Sul","Central-West","Mato Grosso do Sul"
500320,"Corumbá","Corumba","MS","Mato Grosso do Sul","Central-West","Mato Grosso do Sul"
500325,"Costa Rica","Costa Rica","MS","Mato Grosso do Sul","Central-West","Mato Grosso do Sul"
500330,"Coxim","Coxim","MS","Mato Grosso do Sul","Central-West","Mato Grosso do Sul"
500345,"Deodápolis","Deodapolis","MS","Mato Grosso do Sul","Central-West","Mato Grosso do Sul"
500348,"Dois Irmãos do Buriti","Dois Irmaos do Buriti","MS","Mato Grosso do Sul","Central-West","Mato Grosso do Sul"
500350,"Douradina","Douradina","MS","Mato Grosso do Sul","Central-West","Mato Grosso do Sul"
500370,"Dourados","Dourados","MS","Mato Grosso do Sul","Central-West","Mato Grosso do Sul"
500375,"Eldorado","Eldorado","MS","Mato Grosso do Sul","Central-West","Mato Grosso do Sul"
500380,"Fátima do Sul","Fatima do Sul","MS","Mato Grosso do Sul","Central-West","Mato Grosso do Sul"
500390,"Figueirão","Figueirao","MS","Mato Grosso do Sul","Central-West","Mato Grosso do Sul"
500400,"Glória de Dourados","Gloria de Dourados","MS","Mato Grosso do Sul","Central-West","Mato Grosso do Sul"
500410,"Guia Lopes da Laguna","Guia Lopes da Laguna","MS","Mato Grosso do Sul","Central-West","Mato Grosso do Sul"
500430,"Iguatemi","Iguatemi","MS","Mato Grosso do Sul","Central-West","Mato Grosso do Sul"
500440,"Inocência","Inocencia","MS","Mato Grosso do Sul","Central-West","Mato Grosso do Sul"
500450,"Itaporã","Itapora","MS","Mato Grosso do Sul","Central-West","Mato Grosso do Sul"
500460,"Itaquiraí","Itaquirai","MS","Mato Grosso do Sul","Central-West","Mato Grosso do Sul"
500470,"Ivinhema","Ivinhema","MS","Mato Grosso do Sul","Central-West","Mato Grosso do Sul"
500480,"Japorã","Japora","MS","Mato Grosso do Sul","Central-West","Mato Grosso do Sul"
500490,"Jaraguari","Jaraguari","MS","Mato Grosso do Sul","Central-West","Mato Grosso do Sul"
500500,"Jardim","Jardim","MS","Mato Grosso do Sul","Central-West","Mato Grosso do Sul"
500510,"Jateí","Jatei","MS","Mato Grosso do Sul","Central-West","Mato Grosso do Sul"
500515,"Juti","Juti","MS","Mato Grosso do Sul","Central-West","Mato Grosso do Sul"
500520,"Ladário","Ladario","MS","Mato Grosso do Sul","Central-West","Mato Grosso do Sul"
500525,"Laguna Carapã","Laguna Carapa","MS","Mato Grosso do Sul","Central-West","Mato Grosso do Sul"
500540,"Maracaju","Maracaju","MS","Mato Grosso do Sul","Central-West","Mato Grosso do Sul"
500560,"Miranda","Miranda","MS","Mato Grosso do Sul","Central-West","Mato Grosso do Sul"
500568,"Mundo Novo","Mundo Novo","MS","Mato Grosso do Sul","Central-West","Mato Grosso do Sul"
500570,"Naviraí","Navirai","MS","Mato Grosso do Sul","Central-West","Mato Grosso do Sul"
500580,"Nioaque","Nioaque","MS","Mato Grosso do Sul","Central-West","Mato Grosso do Sul"
500600,"Nova Alvorada do Sul","Nova Alvorada do Sul","MS","Mato Grosso do Sul","Central-West","Mato Grosso do Sul"
500620,"Nova Andradina","Nova Andradina","MS","Mato Grosso do Sul","Central-West","Mato Grosso do Sul"
500625,"Novo Horizonte do Sul","Novo Horizonte do Sul","MS","Mato Grosso do Sul","Central-West","Mato Grosso do Sul"
500627,"Paraíso das Águas","Paraiso das Aguas","MS","Mato Grosso do Sul","Central-West","Mato Grosso do Sul"
500630,"Paranaíba","Paranaiba","MS","Mato Grosso do Sul","Central-West","Mato Grosso do Sul"
500635,"Paranhos","Paranhos","MS","Mato Grosso do Sul","Central-West","Mato Grosso do Sul"
500640,"Pedro Gomes","Pedro Gomes","MS","Mato Grosso do Sul","Central-West","Mato Grosso do Sul"
500660,"Ponta Porã","Ponta Pora","MS","Mato Grosso do Sul","Central-West","Mato Grosso do Sul"
500690,"Porto Murtinho","Porto Murtinho","MS","Mato Grosso do Sul","Central-West","Mato Grosso do Sul"
500710,"Ribas do Rio Pardo","Ribas do Rio Pardo","MS","Mato Grosso do Sul","Central-West","Mato Grosso do Sul"
500720,"Rio Brilhante","Rio Brilhante","MS","Mato Grosso do Sul","Central-West","Mato Grosso do Sul"
500730,"Rio Negro","Rio Negro","MS","Mato Grosso do Sul","Central-West","Mato Grosso do Sul"
500740,"Rio Verde de Mato Grosso","Rio Verde de Mato Grosso","MS","Mato Grosso do Sul","Central-West","Mato Grosso do Sul"
500750,"Rochedo","Rochedo","MS","Mato Grosso do Sul","Central-West","Mato Grosso do Sul"
500755,"Santa Rita do Pardo","Santa Rita do Pardo","MS","Mato Grosso do Sul","Central-West","Mato Grosso do Sul"
500769,"São Gabriel do Oeste","Sao Gabriel do Oeste","MS","Mato Grosso do Sul","Central-West","Mato Grosso do Sul"
500770,"Sete Quedas","Sete Quedas","MS","Mato Grosso do Sul","Central-West","Mato Grosso do Sul"
500780,"Selvíria","Selviria","MS","Mato Grosso do Sul","Central-West","Mato Grosso do Sul"
500790,"Sidrolândia","Sidrolandia","MS","Mato Grosso do Sul","Central-West","Mato Grosso do Sul"
500793,"Sonora","Sonora","MS","Mato Grosso do Sul","Central-West","Mato Grosso do Sul"
500795,"Tacuru","Tacuru","MS","Mato Grosso do Sul","Central-West","Mato Grosso do Sul"
500797,"Taquarussu","Taquarussu","MS","Mato Grosso do Sul","Central-West","Mato Grosso do Sul"
500800,"Terenos","Terenos","MS","Mato Grosso do Sul","Central-West","Mato Grosso do Sul"
500830,"Três Lagoas","Tres Lagoas","MS","Mato Grosso do Sul","Central-West","Mato Grosso do Sul"
500840,"Vicentina","Vicentina","MS","Mato Grosso do Sul","Central-West","Mato Grosso do Sul"
510010,"Acorizal","Acorizal","MT","Mato Grosso","Central-West","Mato Grosso"
510020,"Água Boa","Agua Boa","MT","Mato Grosso","Central-West","Mato Grosso"
510025,"Alta Floresta","Alta Floresta","MT","Mato Grosso","Central-West","Mato Grosso"
510030,"Alto Araguaia","Alto Araguaia","MT","Mato Grosso","Central-West","Mato Grosso"
510035,"Alto Boa Vista","Alto Boa Vista","MT","Mato Grosso","Central-West","Mato Grosso"
510040,"Alto Garças","Alto Garcas","MT","Mato Grosso","Central-West","Mato Grosso"
510050,"Alto Paraguai","Alto Paraguai","MT","Mato Grosso","Central-West","Mato Grosso"
510060,"Alto Taquari","Alto Taquari","MT","Mato Grosso","Central-West","Mato Grosso"
510080,"Apiacás","Apiacas","MT","Mato Grosso","Central-West","Mato Grosso"
510100,"Araguaiana","Araguaiana","MT","Mato Grosso","Central-West","Mato Grosso"
510120,"Araguainha","Araguainha","MT","Mato Grosso","Central-West","Mato Grosso"
510125,"Araputanga","Araputanga","MT","Mato Grosso","Central-West","Mato Grosso"
510130,"Arenápolis","Arenapolis","MT","Mato Grosso","Central-West","Mato Grosso"
510140,"Aripuanã","Aripuana","MT","Mato Grosso","Central-West","Mato Grosso"
510160,"Barão de Melgaço","Barao de Melgaco","MT","Mato Grosso","Central-West","Mato Grosso"
510170,"Barra do Bugres","Barra do Bugres","MT","Mato Grosso","Central-West","Mato Grosso"
510180,"Barra do Garças","Barra do Garcas","MT","Mato Grosso","Central-West","Mato Grosso"
510185,"Bom Jesus do Araguaia","Bom Jesus do Araguaia","MT","Mato Grosso","Central-West","Mato Grosso"
510190,"Brasnorte","Brasnorte","MT","Mato Grosso","Central-West","Mato Grosso"
510250,"Cáceres","Caceres","MT","Mato Grosso","Central-West","Mato Grosso"
510260,"Campinápolis","Campinapolis","MT","Mato Grosso","Central-West","Mato Grosso"
510263,"Campo Novo do Parecis","Campo Novo do Parecis","MT","Mato Grosso","Central-West","Mato Grosso"
510267,"Campo Verde","Campo Verde","MT","Mato Grosso","Central-West","Mato Grosso"
510268,"Campos de Júlio","Campos de Julio","MT","Mato Grosso","Central-West","Mato Grosso"
510269,"Canabrava do Norte","Canabrava do Norte","MT","Mato Grosso","Central-West","Mato Grosso"
510270,"Canarana","Canarana","MT","Mato Grosso","Central-West","Mato Grosso"
510279,"Carlinda","Carlinda","MT","Mato Grosso","Central-West","Mato Grosso"
510285,"Castanheira","Castanheira","MT","Mato Grosso","Central-West","Mato Grosso"
510300,"Chapada dos Guimarães","Chapada dos Guimaraes","MT","Mato Grosso","Central-West","Mato Grosso"
510305,"Cláudia","Claudia","MT","Mato Grosso","Central-West","Mato Grosso"
510310,"Cocalinho","Cocalinho","MT","Mato Grosso","Central-West","Mato Grosso"
510320,"Colíder","Colider","MT","Mato Grosso","Central-West","Mato Grosso"
510325,"Colniza","Colniza","MT","Mato Grosso","Central-West","Mato Grosso"
510330,"Comodoro","Comodoro","MT","Mato Grosso","Central-West","Mato Grosso"
510335,"Confresa","Confresa","MT","Mato Grosso","Central-West","Mato Grosso"
510336,"Conquista D'Oeste","Conquista D'Oeste","MT","Mato Grosso","Central-West","Mato Grosso"
510337,"Cotriguaçu","Cotriguacu","MT","Mato Grosso","Central-West","Mato Grosso"
510340,"Cuiabá","Cuiaba","MT","Mato Grosso","Central-West","Mato Grosso"
510343,"Curvelândia","Curvelandia","MT","Mato Grosso","Central-West","Mato Grosso"
510345,"Denise","Denise","MT","Mato Grosso","Central-West","Mato Grosso"
510350,"Diamantino","Diamantino","MT","Mato Grosso","Central-West","Mato Grosso"
510360,"Dom Aquino","Dom Aquino","MT","Mato Grosso","Central-West","Mato Grosso"
510370,"Feliz Natal","Feliz Natal","MT","Mato Grosso","Central-West","Mato Grosso"
510380,"Figueirópolis D'Oeste","Figueiropolis D'Oeste","MT","Mato Grosso","Central-West","Mato Grosso"
510385,"Gaúcha do Norte","Gaucha do Norte","MT","Mato Grosso","Central-West","Mato Grosso"
510390,"General Carneiro","General Carneiro","MT","Mato Grosso","Central-West","Mato Grosso"
510395,"Glória D'Oeste","Gloria D'Oeste","MT","Mato Grosso","Central-West","Mato Grosso"
510410,"Guarantã do Norte","Guaranta do Norte","MT","Mato Grosso","Central-West","Mato Grosso"
510420,"Guiratinga","Guiratinga","MT","Mato Grosso","Central-West","Mato Grosso"
510450,"Indiavaí","Indiavai","MT","Mato Grosso","Central-West","Mato Grosso"
510452,"Ipiranga do Norte","Ipiranga do Norte","MT","Mato Grosso","Central-West","Mato Grosso"
510454,"Itanhangá","Itanhanga","MT","Mato Grosso","Central-West","Mato Grosso"
510455,"Itaúba","Itauba","MT","Mato Grosso","Central-West","Mato Grosso"
510460,"Itiquira","Itiquira","MT","Mato Grosso","Central-West","Mato Grosso"
510480,"Jaciara","Jaciara","MT","Mato Grosso","Central-West","Mato Grosso"
510490,"Jangada","Jangada","MT","Mato Grosso","Central-West","Mato Grosso"
510500,"Jauru","Jauru","MT","Mato Grosso","Central-West","Mato Grosso"
510510,"Juara","Juara","MT","Mato Grosso","Central-West","Mato Grosso"
510515,"Juína","Juina","MT","Mato Grosso","Central-West","Mato Grosso"
510517,"Juruena","Juruena","MT","Mato Grosso","Central-West","Mato Grosso"
510520,"Juscimeira","Juscimeira","MT","Mato Grosso","Central-West","Mato Grosso"
510523,"Lambari D'Oeste","Lambari D'Oeste","MT","Mato Grosso","Central-West","Mato Grosso"
510525,"Lucas do Rio Verde","Lucas do Rio Verde","MT","Mato Grosso","Central-West","Mato Grosso"
510530,"Luciara","Luciara","MT","Mato Grosso","Central-West","Mato Grosso"
510550,"Vila Bela da Santíssima Trindade","Vila Bela da Santissima Trindade","MT","Mato Grosso","Central-West","Mato Grosso"
510558,"Marcelândia","Marcelandia","MT","Mato Grosso","Central-West","Mato Grosso"
510560,"Matupá","Matupa","MT","Mato Grosso","Central-West","Mato Grosso"
510562,"Mirassol d'Oeste","Mirassol d'Oeste","MT","Mato Grosso","Central-West","Mato Grosso"
510590,"Nobres","Nobres","MT","Mato Grosso","Central-West","Mato Grosso"
510600,"Nortelândia","Nortelandia","MT","Mato Grosso","Central-West","Mato Grosso"
510610,"Nossa Senhora do Livramento","Nossa Senhora do Livramento","MT","Mato Grosso","Central-West","Mato Grosso"
510615,"Nova Bandeirantes","Nova Bandeirantes","MT","Mato Grosso","Central-West","Mato Grosso"
510617,"Nova Nazaré","Nova Nazare","MT","Mato Grosso","Central-West","Mato Grosso"
510618,"Nova Lacerda","Nova Lacerda","MT","Mato Grosso","Central-West","Mato Grosso"
510619,"Nova Santa Helena","Nova Santa Helena","MT","Mato Grosso","Central-West","Mato Grosso"
510620,"Nova Brasilândia","Nova Brasilandia","MT","Mato Grosso","Central-West","Mato Grosso"
510621,"Nova Canaã do Norte","Nova Canaa do Norte","MT","Mato Grosso","Central-West","Mato Grosso"
510622,"Nova Mutum","Nova Mutum","MT","Mato Grosso","Central-West","Mato Grosso"
510623,"Nova Olímpia","Nova Olimpia","MT","Mato Grosso","Central-West","Mato Grosso"
510624,"Nova Ubiratã","Nova Ubirata","MT","Mato Grosso","Central-West","Mato Grosso"
510625,"Nova Xavantina","Nova Xavantina","MT","Mato Grosso","Central-West","Mato Grosso"
510626,"Novo Mundo","Novo Mundo","MT","Mato Grosso","Central-West","Mato Grosso"
510627,"Novo Horizonte do Norte","Novo Horizonte do Norte","MT","Mato Grosso","Central-West","Mato Grosso"
510628,"Novo São Joaquim","Novo Sao Joaquim","MT","Mato Grosso","Central-West","Mato Grosso"
510629,"Paranaíta","Paranaita","MT","Mato Grosso","Central-West","Mato Grosso"
510630,"Paranatinga","Paranatinga","MT","Mato Grosso","Central-West","Mato Grosso"
510631,"Novo Santo Antônio","Novo Santo Antonio","MT","Mato Grosso","Central-West","Mato Grosso"
510637,"Pedra Preta","Pedra Preta","MT","Mato Grosso","Central-West","Mato Grosso"
510642,"Peixoto de Azevedo","Peixoto de Azevedo","MT","Mato Grosso","Central-West","Mato Grosso"
510645,"Planalto da Serra","Planalto da Serra","MT","Mato Grosso","Central-West","Mato Grosso"
510650,"Poconé","Pocone","MT","Mato Grosso","Central-West","Mato Grosso"
510665,"Pontal do Araguaia","Pontal do Araguaia","MT","Mato Grosso","Central-West","Mato Grosso"
510670,"Ponte Branca","Ponte Branca","MT","Mato Grosso","Central-West","Mato Grosso"
510675,"Pontes e Lacerda","Pontes e Lacerda","MT","Mato Grosso","Central-West","Mato Grosso"
510677,"Porto Alegre do Norte","Porto Alegre do Norte","MT","Mato Grosso","Central-West","Mato Grosso"
510680,"Porto dos Gaúchos","Porto dos Gauchos","MT","Mato Grosso","Central-West","Mato Grosso"
510682,"Porto Esperidião","Porto Esperidiao","MT","Mato Grosso","Central-West","Mato Grosso"
510685,"Porto Estrela","Porto Estrela","MT","Mato Grosso","Central-West","Mato Grosso"
510700,"Poxoréu","Poxoreu","MT","Mato Grosso","Central-West","Mato Grosso"
510704,"Primavera do Leste","Primavera do Leste","MT","Mato Grosso","Central-West","Mato Grosso"
510706,"Querência","Querencia","MT","Mato Grosso","Central-West","Mato Grosso"
510710,"São José dos Quatro Marcos","Sao Jose dos Quatro Marcos","MT","Mato Grosso","Central-West","Mato Grosso"
510715,"Reserva do Cabaçal","Reserva do Cabacal","MT","Mato Grosso","Central-West","Mato Grosso"
510718,"Ribeirão Cascalheira","Ribeirao Cascalheira","MT","Mato Grosso","Central-West","Mato Grosso"
510719,"Ribeirãozinho","Ribeiraozinho","MT","Mato Grosso","Central-West","Mato Grosso"
510720,"Rio Branco","Rio Branco","MT","Mato Grosso","Central-West","Mato Grosso"
510724,"Santa Carmem","Santa Carmem","MT","Mato Grosso","Central-West","Mato Grosso"
510726,"Santo Afonso","Santo Afonso","MT","Mato Grosso","Central-West","Mato Grosso"
510729,"São José do Povo","Sao Jose do Povo","MT","Mato Grosso","Central-West","Mato Grosso"
510730,"São José do Rio Claro","Sao Jose do Rio Claro","MT","Mato Grosso","Central-West","Mato Grosso"
510735,"São José do Xingu","Sao Jose do Xingu","MT","Mato Grosso","Central-West","Mato Grosso"
510740,"São Pedro da Cipa","Sao Pedro da Cipa","MT","Mato Grosso","Central-West","Mato Grosso"
510757,"Rondolândia","Rondolandia","MT","Mato Grosso","Central-West","Mato Grosso"
510760,"Rondonópolis","Rondonopolis","MT","Mato Grosso","Central-West","Mato Grosso"
510770,"Rosário Oeste","Rosario Oeste","MT","Mato Grosso","Central-West","Mato Grosso"
510774,"Santa Cruz do Xingu","Santa Cruz do Xingu","MT","Mato Grosso","Central-West","Mato Grosso"
510775,"Salto do Céu","Salto do Ceu","MT","Mato Grosso","Central-West","Mato Grosso"
510776,"Santa Rita do Trivelato","Santa Rita do Trivelato","MT","Mato Grosso","Central-West","Mato Grosso"
510777,"Santa Terezinha","Santa Terezinha","MT","Mato Grosso","Central-West","Mato Grosso"
510779,"Santo Antônio do Leste","Santo Antonio do Leste","MT","Mato Grosso","Central-West","Mato Grosso"
510780,"Santo Antônio de Leverger","Santo Antonio de Leverger","MT","Mato Grosso","Central-West","Mato Grosso"
510785,"São Félix do Araguaia","Sao Felix do Araguaia","MT","Mato Grosso","Central-West","Mato Grosso"
510787,"Sapezal","Sapezal","MT","Mato Grosso","Central-West","Mato Grosso"
510788,"Serra Nova Dourada","Serra Nova Dourada","MT","Mato Grosso","Central-West","Mato Grosso"
510790,"Sinop","Sinop","MT","Mato Grosso","Central-West","Mato Grosso"
510792,"Sorriso","Sorriso","MT","Mato Grosso","Central-West","Mato Grosso"
510794,"Tabaporã","Tabapora","MT","Mato Grosso","Central-West","Mato Grosso"
510795,"Tangará da Serra","Tangara da Serra","MT","Mato Grosso","Central-West","Mato Grosso"
510800,"Tapurah","Tapurah","MT","Mato Grosso","Central-West","Mato Grosso"
510805,"Terra Nova do Norte","Terra Nova do Norte","MT","Mato Grosso","Central-West","Mato Grosso"
510810,"Tesouro","Tesouro","MT","Mato Grosso","Central-West","Mato Grosso"
510820,"Torixoréu","Torixoreu","MT","Mato Grosso","Central-West","Mato Grosso"
510830,"União do Sul","Uniao do Sul","MT","Mato Grosso","Central-West","Mato Grosso"
510835,"Vale de São Domingos","Vale de Sao Domingos","MT","Mato Grosso","Central-West","Mato Grosso"
510840,"Várzea Grande","Varzea Grande","MT","Mato Grosso","Central-West","Mato Grosso"
510850,"Vera","Vera","MT","Mato Grosso","Central-West","Mato Grosso"
510860,"Vila Rica","Vila Rica","MT","Mato Grosso","Central-West","Mato Grosso"
510880,"Nova Guarita","Nova Guarita","MT","Mato Grosso","Central-West","Mato Grosso"
510885,"Nova Marilândia","Nova Marilandia","MT","Mato Grosso","Central-West","Mato Grosso"
510890,"Nova Maringá","Nova Maringa","MT","Mato Grosso","Central-West","Mato Grosso"
510895,"Nova Monte Verde","Nova Monte Verde","MT","Mato Grosso","Central-West","Mato Grosso"
520005,"Abadia de Goiás","Abadia de Goias","GO","Goiás","Central-West","Goias"
520010,"Abadiânia","Abadiania","GO","Goiás","Central-West","Goias"
520013,"Acreúna","Acreuna","GO","Goiás","Central-West","Goias"
520015,"Adelândia","Adelandia","GO","Goiás","Central-West","Goias"
520017,"Água Fria de Goiás","Agua Fria de Goias","GO","Goiás","Central-West","Goias"
520020,"Água Limpa","Agua Limpa","GO","Goiás","Central-West","Goias"
520025,"Águas Lindas de Goiás","Aguas Lindas de Goias","GO","Goiás","Central-West","Goias"
520030,"Alexânia","Alexania","GO","Goiás","Central-West","Goias"
520050,"Aloândia","Aloandia","GO","Goiás","Central-West","Goias"
520055,"Alto Horizonte","Alto Horizonte","GO","Goiás","Central-West","Goias"
520060,"Alto Paraíso de Goiás","Alto Paraiso de Goias","GO","Goiás","Central-West","Goias"
520080,"Alvorada do Norte","Alvorada do Norte","GO","Goiás","Central-West","Goias"
520082,"Amaralina","Amaralina","GO","Goiás","Central-West","Goias"
520085,"Americano do Brasil","Americano do Brasil","GO","Goiás","Central-West","Goias"
520090,"Amorinópolis","Amorinopolis","GO","Goiás","Central-West","Goias"
520110,"Anápolis","Anapolis","GO","Goiás","Central-West","Goias"
520120,"Anhanguera","Anhanguera","GO","Goiás","Central-West","Goias"
520130,"Anicuns","Anicuns","GO","Goiás","Central-West","Goias"
520140,"Aparecida de Goiânia","Aparecida de Goiania","GO","Goiás","Central-West","Goias"
520145,"Aparecida do Rio Doce","Aparecida do Rio Doce","GO","Goiás","Central-West","Goias"
520150,"Aporé","Apore","GO","Goiás","Central-West","Goias"
520160,"Araçu","Aracu","GO","Goiás","Central-West","Goias"
520170,"Aragarças","Aragarcas","GO","Goiás","Central-West","Goias"
520180,"Aragoiânia","Aragoiania","GO","Goiás","Central-West","Goias"
520215,"Araguapaz","Araguapaz","GO","Goiás","Central-West","Goias"
520235,"Arenópolis","Arenopolis","GO","Goiás","Central-West","Goias"
520250,"Aruanã","Aruana","GO","Goiás","Central-West","Goias"
520260,"Aurilândia","Aurilandia","GO","Goiás","Central-West","Goias"
520280,"Avelinópolis","Avelinopolis","GO","Goiás","Central-West","Goias"
520310,"Baliza","Baliza","GO","Goiás","Central-West","Goias"
520320,"Barro Alto","Barro Alto","GO","Goiás","Central-West","Goias"
520330,"Bela Vista de Goiás","Bela Vista de Goias","GO","Goiás","Central-West","Goias"
520340,"Bom Jardim de Goiás","Bom Jardim de Goias","GO","Goiás","Central-West","Goias"
520350,"Bom Jesus de Goiás","Bom Jesus de Goias","GO","Goiás","Central-West","Goias"
520355,"Bonfinópolis","Bonfinopolis","GO","Goiás","Central-West","Goias"
520357,"Bonópolis","Bonopolis","GO","Goiás","Central-West","Goias"
520360,"Brazabrantes","Brazabrantes","GO","Goiás","Central-West","Goias"
520380,"Britânia","Britania","GO","Goiás","Central-West","Goias"
520390,"Buriti Alegre","Buriti Alegre","GO","Goiás","Central-West","Goias"
520393,"Buriti de Goiás","Buriti de Goias","GO","Goiás","Central-West","Goias"
520396,"Buritinópolis","Buritinopolis","GO","Goiás","Central-West","Goias"
520400,"Cabeceiras","Cabeceiras","GO","Goiás","Central-West","Goias"
520410,"Cachoeira Alta","Cachoeira Alta","GO","Goiás","Central-West","Goias"
520420,"Cachoeira de Goiás","Cachoeira de Goias","GO","Goiás","Central-West","Goias"
520425,"Cachoeira Dourada","Cachoeira Dourada","GO","Goiás","Central-West","Goias"
520430,"Caçu","Cacu","GO","Goiás","Central-West","Goias"
520440,"Caiapônia","Caiaponia","GO","Goiás","Central-West","Goias"
520450,"Caldas Novas","Caldas Novas","GO","Goiás","Central-West","Goias"
520455,"Caldazinha","Caldazinha","GO","Goiás","Central-West","Goias"
520460,"Campestre de Goiás","Campestre de Goias","GO","Goiás","Central-West","Goias"
520465,"Campinaçu","Campinacu","GO","Goiás","Central-West","Goias"
520470,"Campinorte","Campinorte","GO","Goiás","Central-West","Goias"
520480,"Campo Alegre de Goiás","Campo Alegre de Goias","GO","Goiás","Central-West","Goias"
520485,"Campo Limpo de Goiás","Campo Limpo de Goias","GO","Goiás","Central-West","Goias"
520490,"Campos Belos","Campos Belos","GO","Goiás","Central-West","Goias"
520495,"Campos Verdes","Campos Verdes","GO","Goiás","Central-West","Goias"
520500,"Carmo do Rio Verde","Carmo do Rio Verde","GO","Goiás","Central-West","Goias"
520505,"Castelândia","Castelandia","GO","Goiás","Central-West","Goias"
520510,"Catalão","Catalao","GO","Goiás","Central-West","Goias"
520520,"Caturaí","Caturai","GO","Goiás","Central-West","Goias"
520530,"Cavalcante","Cavalcante","GO","Goiás","Central-West","Goias"
520540,"Ceres","Ceres","GO","Goiás","Central-West","Goias"
520545,"Cezarina","Cezarina","GO","Goiás","Central-West","Goias"
520547,"Chapadão do Céu","Chapadao do Ceu","GO","Goiás","Central-West","Goias"
520549,"Cidade Ocidental","Cidade Ocidental","GO","Goiás","Central-West","Goias"
520551,"Cocalzinho de Goiás","Cocalzinho de Goias","GO","Goiás","Central-West","Goias"
520552,"Colinas do Sul","Colinas do Sul","GO","Goiás","Central-West","Goias"
520570,"Córrego do Ouro","Corrego do Ouro","GO","Goiás","Central-West","Goias"
520580,"Corumbá de Goiás","Corumba de Goias","GO","Goiás","Central-West","Goias"
520590,"Corumbaíba","Corumbaiba","GO","Goiás","Central-West","Goias"
520620,"Cristalina","Cristalina","GO","Goiás","Central-West","Goias"
520630,"Cristianópolis","Cristianopolis","GO","Goiás","Central-West","Goias"
520640,"Crixás","Crixas","GO","Goiás","Central-West","Goias"
520650,"Cromínia","Crominia","GO","Goiás","Central-West","Goias"
520660,"Cumari","Cumari","GO","Goiás","Central-West","Goias"
520670,"Damianópolis","Damianopolis","GO","Goiás","Central-West","Goias"
520680,"Damolândia","Damolandia","GO","Goiás","Central-West","Goias"
520690,"Davinópolis","Davinopolis","GO","Goiás","Central-West","Goias"
520710,"Diorama","Diorama","GO","Goiás","Central-West","Goias"
520725,"Doverlândia","Doverlandia","GO","Goiás","Central-West","Goias"
520735,"Edealina","Edealina","GO","Goiás","Central-West","Goias"
520740,"Edéia","Edeia","GO","Goiás","Central-West","Goias"
520750,"Estrela do Norte","Estrela do Norte","GO","Goiás","Central-West","Goias"
520753,"Faina","Faina","GO","Goiás","Central-West","Goias"
520760,"Fazenda Nova","Fazenda Nova","GO","Goiás","Central-West","Goias"
520780,"Firminópolis","Firminopolis","GO","Goiás","Central-West","Goias"
520790,"Flores de Goiás","Flores de Goias","GO","Goiás","Central-West","Goias"
520800,"Formosa","Formosa","GO","Goiás","Central-West","Goias"
520810,"Formoso","Formoso","GO","Goiás","Central-West","Goias"
520815,"Gameleira de Goiás","Gameleira de Goias","GO","Goiás","Central-West","Goias"
520830,"Divinópolis de Goiás","Divinopolis de Goias","GO","Goiás","Central-West","Goias"
520840,"Goianápolis","Goianapolis","GO","Goiás","Central-West","Goias"
520850,"Goiandira","Goiandira","GO","Goiás","Central-West","Goias"
520860,"Goianésia","Goianesia","GO","Goiás","Central-West","Goias"
520870,"Goiânia","Goiania","GO","Goiás","Central-West","Goias"
520880,"Goianira","Goianira","GO","Goiás","Central-West","Goias"
520890,"Goiás","Goias","GO","Goiás","Central-West","Goias"
520910,"Goiatuba","Goiatuba","GO","Goiás","Central-West","Goias"
520915,"Gouvelândia","Gouvelandia","GO","Goiás","Central-West","Goias"
520920,"Guapó","Guapo","GO","Goiás","Central-West","Goias"
520929,"Guaraíta","Guaraita","GO","Goiás","Central-West","Goias"
520940,"Guarani de Goiás","Guarani de Goias","GO","Goiás","Central-West","Goias"
520945,"Guarinos","Guarinos","GO","Goiás","Central-West","Goias"
520960,"Heitoraí","Heitorai","GO","Goiás","Central-West","Goias"
520970,"Hidrolândia","Hidrolandia","GO","Goiás","Central-West","Goias"
520980,"Hidrolina","Hidrolina","GO","Goiás","Central-West","Goias"
520990,"Iaciara","Iaciara","GO","Goiás","Central-West","Goias"
520993,"Inaciolândia","Inaciolandia","GO","Goiás","Central-West","Goias"
520995,"Indiara","Indiara","GO","Goiás","Central-West","Goias"
521000,"Inhumas","Inhumas","GO","Goiás","Central-West","Goias"
521010,"Ipameri","Ipameri","GO","Goiás","Central-West","Goias"
521015,"Ipiranga de Goiás","Ipiranga de Goias","GO","Goiás","Central-West","Goias"
521020,"Iporá","Ipora","GO","Goiás","Central-West","Goias"
521030,"Israelândia","Israelandia","GO","Goiás","Central-West","Goias"
521040,"Itaberaí","Itaberai","GO","Goiás","Central-West","Goias"
521056,"Itaguari","Itaguari","GO","Goiás","Central-West","Goias"
521060,"Itaguaru","Itaguaru","GO","Goiás","Central-West","Goias"
521080,"Itajá","Itaja","GO","Goiás","Central-West","Goias"
521090,"Itapaci","Itapaci","GO","Goiás","Central-West","Goias"
521100,"Itapirapuã","Itapirapua","GO","Goiás","Central-West","Goias"
521120,"Itapuranga","Itapuranga","GO","Goiás","Central-West","Goias"
521130,"Itarumã","Itaruma","GO","Goiás","Central-West","Goias"
521140,"Itauçu","Itaucu","GO","Goiás","Central-West","Goias"
521150,"Itumbiara","Itumbiara","GO","Goiás","Central-West","Goias"
521160,"Ivolândia","Ivolandia","GO","Goiás","Central-West","Goias"
521170,"Jandaia","Jandaia","GO","Goiás","Central-West","Goias"
521180,"Jaraguá","Jaragua","GO","Goiás","Central-West","Goias"
521190,"Jataí","Jatai","GO","Goiás","Central-West","Goias"
521200,"Jaupaci","Jaupaci","GO","Goiás","Central-West","Goias"
521205,"Jesúpolis","Jesupolis","GO","Goiás","Central-West","Goias"
521210,"Joviânia","Joviania","GO","Goiás","Central-West","Goias"
521220,"Jussara","Jussara","GO","Goiás","Central-West","Goias"
521225,"Lagoa Santa","Lagoa Santa","GO","Goiás","Central-West","Goias"
521230,"Leopoldo de Bulhões","Leopoldo de Bulhoes","GO","Goiás","Central-West","Goias"
521250,"Luziânia","Luziania","GO","Goiás","Central-West","Goias"
521260,"Mairipotaba","Mairipotaba","GO","Goiás","Central-West","Goias"
521270,"Mambaí","Mambai","GO","Goiás","Central-West","Goias"
521280,"Mara Rosa","Mara Rosa","GO","Goiás","Central-West","Goias"
521290,"Marzagão","Marzagao","GO","Goiás","Central-West","Goias"
521295,"Matrinchã","Matrincha","GO","Goiás","Central-West","Goias"
521300,"Maurilândia","Maurilandia","GO","Goiás","Central-West","Goias"
521305,"Mimoso de Goiás","Mimoso de Goias","GO","Goiás","Central-West","Goias"
521308,"Minaçu","Minacu","GO","Goiás","Central-West","Goias"
521310,"Mineiros","Mineiros","GO","Goiás","Central-West","Goias"
521340,"Moiporá","Moipora","GO","Goiás","Central-West","Goias"
521350,"Monte Alegre de Goiás","Monte Alegre de Goias","GO","Goiás","Central-West","Goias"
521370,"Montes Claros de Goiás","Montes Claros de Goias","GO","Goiás","Central-West","Goias"
521375,"Montividiu","Montividiu","GO","Goiás","Central-West","Goias"
521377,"Montividiu do Norte","Montividiu do Norte","GO","Goiás","Central-West","Goias"
521380,"Morrinhos","Morrinhos","GO","Goiás","Central-West","Goias"
521385,"Morro Agudo de Goiás","Morro Agudo de Goias","GO","Goiás","Central-West","Goias"
521390,"Mossâmedes","Mossamedes","GO","Goiás","Central-West","Goias"
521400,"Mozarlândia","Mozarlandia","GO","Goiás","Central-West","Goias"
521405,"Mundo Novo","Mundo Novo","GO","Goiás","Central-West","Goias"
521410,"Mutunópolis","Mutunopolis","GO","Goiás","Central-West","Goias"
521440,"Nazário","Nazario","GO","Goiás","Central-West","Goias"
521450,"Nerópolis","Neropolis","GO","Goiás","Central-West","Goias"
521460,"Niquelândia","Niquelandia","GO","Goiás","Central-West","Goias"
521470,"Nova América","Nova America","GO","Goiás","Central-West","Goias"
521480,"Nova Aurora","Nova Aurora","GO","Goiás","Central-West","Goias"
521483,"Nova Crixás","Nova Crixas","GO","Goiás","Central-West","Goias"
521486,"Nova Glória","Nova Gloria","GO","Goiás","Central-West","Goias"
521487,"Nova Iguaçu de Goiás","Nova Iguacu de Goias","GO","Goiás","Central-West","Goias"
521490,"Nova Roma","Nova Roma","GO","Goiás","Central-West","Goias"
521500,"Nova Veneza","Nova Veneza","GO","Goiás","Central-West","Goias"
521520,"Novo Brasil","Novo Brasil","GO","Goiás","Central-West","Goias"
521523,"Novo Gama","Novo Gama","GO","Goiás","Central-West","Goias"
521525,"Novo Planalto","Novo Planalto","GO","Goiás","Central-West","Goias"
521530,"Orizona","Orizona","GO","Goiás","Central-West","Goias"
521540,"Ouro Verde de Goiás","Ouro Verde de Goias","GO","Goiás","Central-West","Goias"
521550,"Ouvidor","Ouvidor","GO","Goiás","Central-West","Goias"
521560,"Padre Bernardo","Padre Bernardo","GO","Goiás","Central-West","Goias"
521565,"Palestina de Goiás","Palestina de Goias","GO","Goiás","Central-West","Goias"
521570,"Palmeiras de Goiás","Palmeiras de Goias","GO","Goiás","Central-West","Goias"
521580,"Palmelo","Palmelo","GO","Goiás","Central-West","Goias"
521590,"Palminópolis","Palminopolis","GO","Goiás","Central-West","Goias"
521600,"Panamá","Panama","GO","Goiás","Central-West","Goias"
521630,"Paranaiguara","Paranaiguara","GO","Goiás","Central-West","Goias"
521640,"Paraúna","Parauna","GO","Goiás","Central-West","Goias"
521645,"Perolândia","Perolandia","GO","Goiás","Central-West","Goias"
521680,"Petrolina de Goiás","Petrolina de Goias","GO","Goiás","Central-West","Goias"
521690,"Pilar de Goiás","Pilar de Goias","GO","Goiás","Central-West","Goias"
521710,"Piracanjuba","Piracanjuba","GO","Goiás","Central-West","Goias"
521720,"Piranhas","Piranhas","GO","Goiás","Central-West","Goias"
521730,"Pirenópolis","Pirenopolis","GO","Goiás","Central-West","Goias"
521740,"Pires do Rio","Pires do Rio","GO","Goiás","Central-West","Goias"
521760,"Planaltina","Planaltina","GO","Goiás","Central-West","Goias"
521770,"Pontalina","Pontalina","GO","Goiás","Central-West","Goias"
521800,"Porangatu","Porangatu","GO","Goiás","Central-West","Goias"
521805,"Porteirão","Porteirao","GO","Goiás","Central-West","Goias"
521810,"Portelândia","Portelandia","GO","Goiás","Central-West","Goias"
521830,"Posse","Posse","GO","Goiás","Central-West","Goias"
521839,"Professor Jamil","Professor Jamil","GO","Goiás","Central-West","Goias"
521850,"Quirinópolis","Quirinopolis","GO","Goiás","Central-West","Goias"
521860,"Rialma","Rialma","GO","Goiás","Central-West","Goias"
521870,"Rianápolis","Rianapolis","GO","Goiás","Central-West","Goias"
521878,"Rio Quente","Rio Quente","GO","Goiás","Central-West","Goias"
521880,"Rio Verde","Rio Verde","GO","Goiás","Central-West","Goias"
521890,"Rubiataba","Rubiataba","GO","Goiás","Central-West","Goias"
521900,"Sanclerlândia","Sanclerlandia","GO","Goiás","Central-West","Goias"
521910,"Santa Bárbara de Goiás","Santa Barbara de Goias","GO","Goiás","Central-West","Goias"
521920,"Santa Cruz de Goiás","Santa Cruz de Goias","GO","Goiás","Central-West","Goias"
521925,"Santa Fé de Goiás","Santa Fe de Goias","GO","Goiás","Central-West","Goias"
521930,"Santa Helena de Goiás","Santa Helena de Goias","GO","Goiás","Central-West","Goias"
521935,"Santa Isabel","Santa Isabel","GO","Goiás","Central-West","Goias"
521940,"Santa Rita do Araguaia","Santa Rita do Araguaia","GO","Goiás","Central-West","Goias"
521945,"Santa Rita do Novo Destino","Santa Rita do Novo Destino","GO","Goiás","Central-West","Goias"
521950,"Santa Rosa de Goiás","Santa Rosa de Goias","GO","Goiás","Central-West","Goias"
521960,"Santa Tereza de Goiás","Santa Tereza de Goias","GO","Goiás","Central-West","Goias"
521970,"Santa Terezinha de Goiás","Santa Terezinha de Goias","GO","Goiás","Central-West","Goias"
521971,"Santo Antônio da Barra","Santo Antonio da Barra","GO","Goiás","Central-West","Goias"
521973,"Santo Antônio de Goiás","Santo Antonio de Goias","GO","Goiás","Central-West","Goias"
521975,"Santo Antônio do Descoberto","Santo Antonio do Descoberto","GO","Goiás","Central-West","Goias"
521980,"São Domingos","Sao Domingos","GO","Goiás","Central-West","Goias"
521990,"São Francisco de Goiás","Sao Francisco de Goias","GO","Goiás","Central-West","Goias"
522000,"São João d'Aliança","Sao Joao d'Alianca","GO","Goiás","Central-West","Goias"
522005,"São João da Paraúna","Sao Joao da Parauna","GO","Goiás","Central-West","Goias"
522010,"São Luís de Montes Belos","Sao Luis de Montes Belos","GO","Goiás","Central-West","Goias"
522015,"São Luiz do Norte","Sao Luiz do Norte","GO","Goiás","Central-West","Goias"
522020,"São Miguel do Araguaia","Sao Miguel do Araguaia","GO","Goiás","Central-West","Goias"
522026,"São Miguel do Passa Quatro","Sao Miguel do Passa Quatro","GO","Goiás","Central-West","Goias"
522028,"São Patrício","Sao Patricio","GO","Goiás","Central-West","Goias"
522040,"São Simão","Sao Simao","GO","Goiás","Central-West","Goias"
522045,"Senador Canedo","Senador Canedo","GO","Goiás","Central-West","Goias"
522050,"Serranópolis","Serranopolis","GO","Goiás","Central-West","Goias"
522060,"Silvânia","Silvania","GO","Goiás","Central-West","Goias"
522068,"Simolândia","Simolandia","GO","Goiás","Central-West","Goias"
522070,"Sítio d'Abadia","Sitio d'Abadia","GO","Goiás","Central-West","Goias"
522100,"Taquaral de Goiás","Taquaral de Goias","GO","Goiás","Central-West","Goias"
522108,"Teresina de Goiás","Teresina de Goias","GO","Goiás","Central-West","Goias"
522119,"Terezópolis de Goiás","Terezopolis de Goias","GO","Goiás","Central-West","Goias"
522130,"Três Ranchos","Tres Ranchos","GO","Goiás","Central-West","Goias"
522140,"Trindade","Trindade","GO","Goiás","Central-West","Goias"
522145,"Trombas","Trombas","GO","Goiás","Central-West","Goias"
522150,"Turvânia","Turvania","GO","Goiás","Central-West","Goias"
522155,"Turvelândia","Turvelandia","GO","Goiás","Central-West","Goias"
522157,"Uirapuru","Uirapuru","GO","Goiás","Central-West","Goias"
522160,"Uruaçu","Uruacu","GO","Goiás","Central-West","Goias"
522170,"Uruana","Uruana","GO","Goiás","Central-West","Goias"
522180,"Urutaí","Urutai","GO","Goiás","Central-West","Goias"
522185,"Valparaíso de Goiás","Valparaiso de Goias","GO","Goiás","Central-West","Goias"
522190,"Varjão","Varjao","GO","Goiás","Central-West","Goias"
522200,"Vianópolis","Vianopolis","GO","Goiás","Central-West","Goias"
522205,"Vicentinópolis","Vicentinopolis","GO","Goiás","Central-West","Goias"
522220,"Vila Boa","Vila Boa","GO","Goiás","Central-West","Goias"
522230,"Vila Propício","Vila Propicio","GO","Goiás","Central-West","Goias"
530010,"Brasília","Brasilia","DF","Distrito Federal","Central-West","Distrito Federal"
