state,year_not,ncase,pop,meanmaternalage,meanpopage,ir,statecode,infantcases,infantpop,infantir,irr,infantcases_0month,infantbirths_1month,infantcases_1month,infantbirths_2month,infantcases_2month,infantbirths_3month,infantcases_3month,infantbirths_4month,infantcases_4month,infantbirths_5month,infantcases_5month,infantbirths_6month,infantcases_6month,infantbirths_7month,infantcases_7month,infantbirths_8month,infantcases_8month,infantbirths_9month,infantcases_9month,infantbirths_10month,infantcases_10month,infantbirths_11month,infantcases_11month,infantbirths_12month,infantcases_2weeks,infantcases_2to4weeks,nsevere,severe_ir,meanage,region,infantseverecases,infantseverecases_0month,infantseverecases_1month,infantseverecases_2month,infantseverecases_3month,infantseverecases_4month,infantseverecases_5month,infantseverecases_6month,infantseverecases_7month,infantseverecases_8month,infantseverecases_9month,infantseverecases_10month,infantseverecases_11month,infantseverecases_2weeks,infantseverecases_2to4weeks,infantcases_5to9,pop_5to9,ncase_noage,nsevcase_noage,meaninfantcaseage,meaninfantsevcaseage,propinfcasegt1,propinfsevcasegt4,mean5to9caseage,mean1to5caseage,mean1to5sevcaseage,mean6pluscaseage,cases1to5,agediff,logir,loginfantir,loginfantsevir,proppos,ncaseunder18,nseverecaseunder18,mode6pluscaseage
11,2000,2792,1408967,22.94823212,24.90238522,198.1593607,RO,8,31307,25.55339062,0.12895374,0,2458,0,2424,0,2644,0,2605,1,2778,0,2611,1,2696,1,2666,1,2691,2,2800,1,2480,1,2454,0,0,38,2.697011357,32.14971347,North,0,0,0,0,0,0,0,0,0,0,0,0,0,0,0,125,164490,0,0,240,NA,1,NA,2130.865922,1034.166667,NA,33.01881225,73,7.24732825,5.289071559,3.240770013,#NAME?,0.874412778,568,2,22
11,2001,1664,1432731,23.0348411,25.20028952,116.1418298,RO,9,28236,31.87420314,0.274442061,0,2432,0,2259,0,2448,0,2302,0,2437,1,2075,0,2292,1,2438,4,2358,1,2537,1,2474,1,2184,0,0,2,0.139593545,31.86778846,North,0,0,0,0,0,0,0,0,0,0,0,0,0,0,0,80,163087,0,0,246.6666667,NA,1,NA,2164.385965,944.7058824,NA,32.84782609,45,6.66749894,4.754812115,3.461797004,#NAME?,0.998201439,378,NA,27
11,2002,1232,1454641,23.21398597,25.52935948,84.69443663,RO,11,29236,37.62484608,0.444242238,1,2435,0,2219,1,2567,2,2563,1,2570,2,2430,2,2474,1,2410,1,2466,0,2482,0,2367,0,2253,1,0,15,1.031182264,31.05275974,North,0,0,0,0,0,0,0,0,0,0,0,0,0,0,0,62,161949,0,0,134.2727273,NA,0.909090909,NA,2014.94898,942.9166667,NA,32.43744681,46,5.52340026,4.439049916,3.627664632,#NAME?,0.819499341,310,5,25
11,2003,2966,1474909,23.29369477,25.88229511,201.0971524,RO,16,28809,55.53819987,0.276175964,4,2216,0,2013,2,2510,1,2581,0,2503,1,2449,0,2406,2,2426,2,2518,0,2446,3,2321,1,2420,2,2,31,2.101824587,31.21645314,North,0,0,0,0,0,0,0,0,0,0,0,0,0,0,0,123,161009,0,0,159.6875,NA,0.75,NA,2100.245902,894.25,NA,32.18403625,81,5.33415803,5.303788137,4.01707107,#NAME?,0.980547313,666,3,20
11,2004,3012,1494459,23.39266669,26.24516564,201.5445054,RO,18,28927,62.22560238,0.30874373,6,2384,1,2257,2,2511,1,2504,0,2668,2,2509,3,2434,1,2421,0,2379,0,2249,0,2384,2,2227,5,1,19,1.271363082,32.98074369,North,0,0,0,0,0,0,0,0,0,0,0,0,0,0,0,101,160161,0,0,111.7777778,NA,0.611111111,NA,2044.462025,1011.754386,1460,33.93664384,74,6.73557805,5.306010227,4.130766529,#NAME?,0.950504414,641,5,22
11,2005,4609,1513634,23.54823818,26.61027104,304.498974,RO,19,28081,67.66140807,0.222205701,3,2210,0,2340,1,2668,1,2444,0,2628,2,2459,4,2198,1,2428,2,2411,2,2240,1,2085,2,1970,2,1,65,4.294301,31.85267954,North,0,0,0,0,0,0,0,0,0,0,0,0,0,0,0,190,159336,0,0,178.6842105,NA,0.842105263,NA,2148.092593,944.4375,912.5,32.70873353,113,5.2424085,5.718667718,4.214515974,#NAME?,0.766423358,1028,13,20
11,2006,3063,1532206,23.70130391,26.98644569,199.9078453,RO,21,24925,84.25275827,0.421457988,8,2001,1,1900,0,2282,0,2041,1,2313,2,2104,3,2066,4,1984,0,2054,1,2061,1,2020,0,2099,4,4,48,3.132738026,32.90401567,North,0,0,0,0,0,0,0,0,0,0,0,0,0,0,0,114,159827,0,0,120.3333333,NA,0.571428571,NA,2142.485207,1028.636364,1277.5,33.80504202,67,5.91756998,5.297856487,4.433821308,#NAME?,0.69251578,694,6,18
11,2007,3004,1549700,23.9138111,27.3737575,193.8439698,RO,29,22996,126.1088885,0.650569056,5,2294,2,2102,2,2343,1,2016,7,2092,1,1933,3,1836,2,1790,0,1610,4,1631,1,1602,1,1747,5,0,15,0.967929277,31.57723036,North,0,0,0,0,0,0,0,0,0,0,0,0,0,0,0,108,158652,7,0,136.9655172,NA,0.75862069,NA,2119.212121,947.7192982,NA,32.56105951,68,4.20347286,5.267053556,4.837145728,#NAME?,0.571474053,696,NA,22
11,2008,5825,1566536,24.0685678,27.76631817,371.8395236,RO,48,26791,179.1646448,0.481833246,13,2222,2,2066,6,2435,3,2323,4,2228,2,2149,5,2219,1,2338,7,2260,2,2241,1,2077,2,2233,8,5,55,3.510931124,31.97390558,North,1,0,0,0,1,0,0,0,0,0,0,0,0,0,0,304,156138,13,0,123.5,90,0.6875,0,2098.75,952.421875,NA,33.20554562,187,4.20758741,5.918462373,5.188305187,1.317104176,0.699444351,1407,12,25
11,2009,17538,1582820,24.17233447,28.16331547,1108.02239,RO,211,26083,808.956025,0.730089962,42,2305,7,2141,13,2426,12,2379,17,2248,19,2096,21,2083,22,2165,15,2233,13,2105,16,1900,14,2002,27,15,312,19.71165388,30.90135705,North,10,0,0,2,0,2,0,0,1,3,1,0,1,0,0,964,153283,60,0,153.2417062,189,0.767772512,0.6,1977.498376,952.8086957,1095,32.55774801,755,2.73804158,7.010332075,6.695744558,3.646471518,0.757073222,4616,91,28
11,2010,21611,1602760,24.35339656,28.72235893,1348.361576,RO,260,25835,1006.386685,0.746377457,33,2059,8,1863,19,2317,20,2266,12,2316,17,2150,28,2221,21,2101,25,2120,25,2159,23,2097,29,2166,15,18,432,26.9535052,30.12345565,North,8,1,0,0,2,0,0,1,2,0,1,1,0,1,0,1273,150565,60,0,178.2692308,170.125,0.842307692,0.625,1936.269803,929.6234568,1260.909091,31.90655633,1050,1.40109672,7.206645487,6.914121655,3.432881566,0.840052966,6067,107,18
11,2011,3089,1622413,24.54866585,29.08173505,190.3954172,RO,33,27658,119.3144841,0.626666785,4,2185,1,2061,4,2435,2,2402,2,2479,3,2297,4,2251,1,2395,3,2298,1,2366,3,2331,5,2158,2,2,35,2.157280544,29.67335707,North,0,0,0,0,0,0,0,0,0,0,0,0,0,0,0,216,146626,17,0,171.2121212,NA,0.848484848,NA,1886.002786,893.3566434,NA,31.79678771,192,0.59162202,5.249103053,4.78176273,#NAME?,0.601128881,989,10,17
11,2012,3217,1642108,24.72240033,29.42889505,195.9067248,RO,54,26513,203.6736695,1.039646136,10,2188,4,2180,3,2291,4,2248,6,2286,5,2216,4,2130,4,2026,3,2049,3,2367,5,2276,3,2256,7,3,24,1.461536026,30.91265154,North,1,0,0,0,0,0,0,1,0,0,0,0,0,0,0,163,143478,14,0,145.0185185,180,0.740740741,1,1991.816406,890.9139785,NA,32.5612882,120,1.48375649,5.277638652,5.316519054,1.327535007,0.647287983,910,5,24
11,2013,8690,1661863,24.93940289,29.7677131,522.9071229,RO,80,27097,295.2356349,0.564604348,20,2272,3,2069,9,2202,4,2336,5,2397,6,2161,7,2358,4,2286,5,2422,4,2333,3,2189,10,2072,11,9,40,2.406937275,32.45604143,North,0,0,0,0,0,0,0,0,0,0,0,0,0,0,0,466,141279,28,0,141.875,NA,0.7125,NA,1958.451569,922.752809,1460,34.03889495,356,2.68832833,6.259403863,5.6877738,#NAME?,0.721202567,2207,8,16
11,2014,1983,1682099,25.05558781,30.09710784,117.8884239,RO,36,27560,130.6240929,1.108031548,4,2212,3,2032,1,2323,0,2346,2,2400,3,2258,3,2411,4,2289,4,2294,6,2426,4,2359,2,2210,4,0,11,0.653944863,31.28542612,North,0,0,0,0,0,0,0,0,0,0,0,0,0,0,0,133,139288,0,0,185.7777778,NA,0.805555556,NA,1881.526549,855.5913978,NA,33.70070999,116,1.18831828,4.769738617,4.872323678,#NAME?,0.809547739,574,NA,31
11,2015,2227,1702825,25.32004442,30.42066566,130.78267,RO,33,27918,118.2033097,0.903814777,3,2237,2,2087,3,2334,1,2376,2,2462,2,2240,2,2262,3,2373,4,2447,5,2373,1,2328,5,2399,2,1,20,1.174518814,32.93309385,North,2,0,1,0,0,0,0,0,0,0,0,0,1,0,0,124,137133,0,0,186.4545455,180,0.848484848,0.5,2008.435897,1012.746479,NA,34.74785918,92,2.51242819,4.873536938,4.772406105,1.969045724,0.838926174,585,5,16
11,2016,7826,1722800,25.33862116,30.7604928,454.2605062,RO,125,26602,469.889482,1.034405315,18,2186,4,2156,8,2325,5,2348,11,2332,12,2263,9,2178,11,2115,12,2333,17,2184,6,2042,12,2140,13,5,24,1.393081031,31.58510095,North,1,0,0,0,0,0,0,0,0,0,0,1,0,0,0,427,135035,0,0,172.2,300,0.824,1,1864.537649,904.7575758,NA,33.70420606,402,0.82460815,6.118670836,6.152497522,1.324183785,0.645423385,2046,7,21
11,2017,2163,1742832,25.66043704,31.09233248,124.1083478,RO,31,27503,112.7149765,0.908198188,5,2095,1,2035,1,2416,1,2339,2,2462,4,2422,1,2257,3,2299,2,2256,6,2359,3,2324,2,2239,3,2,5,0.286889385,31.62644475,North,0,0,0,0,0,0,0,0,0,0,0,0,0,0,0,143,134054,0,0,178.9032258,NA,0.806451613,NA,1890.284553,942.6213592,NA,33.92618454,127,0.53411227,4.821154957,4.724862301,#NAME?,0.826721386,592,NA,38
11,2018,536,1763167,25.87561853,31.40880983,30.39984301,RO,12,28091,42.71830835,1.405214768,1,2318,1,2113,1,2432,1,2456,0,2492,1,2207,2,2287,1,2283,0,2390,1,2494,3,2240,0,2379,0,1,4,0.2268645,30.41791045,North,0,0,0,0,0,0,0,0,0,0,0,0,0,0,0,48,133775,0,0,174,NA,0.833333333,NA,1774.069767,816.4473684,NA,33.72708333,44,-0.99089938,3.414437444,3.754627595,#NAME?,0.964814815,165,1,19
11,2019,986,1782968,26.09371763,31.72103425,55.30104859,RO,26,27028,96.19653692,1.739506562,3,2263,1,2125,0,2456,0,2373,1,2365,2,2176,3,2160,5,2199,6,2357,3,2270,0,2148,2,2136,2,1,3,0.168258769,32.95638945,North,0,0,0,0,0,0,0,0,0,0,0,0,0,0,0,55,134420,0,0,191.7307692,NA,0.846153846,NA,1909.79798,937.3863636,NA,35.41794311,46,1.2353552,4.01279187,4.566393358,#NAME?,0.885743175,262,NA,36
11,2020,3891,1802093,26.26835414,32.02603195,215.9156048,RO,44,25798,170.555857,0.789919085,11,2191,5,2018,1,2167,2,2290,5,2321,5,2089,3,2137,2,2251,4,2152,2,2100,4,2009,0,2073,6,5,20,1.109820636,33.19455153,North,0,0,0,0,0,0,0,0,0,0,0,0,0,0,0,251,135938,0,0,126,NA,0.636363636,NA,2008.87218,959.3581081,NA,35.17127223,192,1.16851958,5.374887613,5.13906285,#NAME?,0.883903676,938,5,32
11,2021,2472,1820510,26.30080623,32.32400316,135.7861259,RO,30,25324,118.4646975,0.872435949,9,2122,0,1995,0,2184,1,2202,2,2222,1,1996,1,2126,3,2044,1,2186,3,2114,4,2026,5,2107,4,5,3,0.164788988,33.64360841,North,0,0,0,0,0,0,0,0,0,0,0,0,0,0,0,111,137135,0,0,177.4666667,NA,0.7,NA,1834.311224,901.7647059,NA,35.45442875,105,1.31960525,4.911081044,4.774615005,#NAME?,0.891619662,577,2,39
11,2022,14184,1830679,26.59329072,32.37593811,774.7944888,RO,158,24739,638.6676907,0.824305929,25,2056,10,1957,10,2236,7,2178,12,2223,12,1950,10,2035,13,2044,12,1914,18,1849,15,2157,14,2140,19,6,29,1.584111688,32.94536097,North,2,0,1,0,0,0,0,1,0,0,0,0,0,0,0,1101,138287,0,0,167.0822785,105,0.778481013,0.5,2061.816799,952.9059041,730,34.93254207,714,0.56942286,6.652597818,6.459384273,2.089936421,0.961667835,3980,5,33
11,2023,10685,1848373,26.82571111,32.68431751,578.0759619,RO,111,25512.06719,435.0882238,0.752648877,24,2100.770092,8,1973.422266,6,2257.770092,3,2212.81357,8,2269.509223,11,2096.378788,7,2108.422266,4,2119.465744,10,2138.030962,14,2137.509223,8,2052.726614,8,2045.248353,17,7,10,0.541016342,33.05400094,North,0,0,0,0,0,0,0,0,0,0,0,0,0,0,0,757,139753,0,0,154.0810811,NA,0.711711712,NA,2032.645816,968.1924883,NA,35.05306204,548,0.36968343,6.359705282,6.075548824,#NAME?,0.96790446,2942,1,19
11,2024,5211,1865509,26.99505337,32.99455859,279.3339512,RO,37,25390.73123,145.7224673,0.521678323,8,2090.658762,4,1963.310935,2,2247.658762,1,2202.70224,3,2259.397892,3,2086.267457,3,2098.310935,3,2109.354414,3,2127.919631,1,2127.397892,3,2042.615283,3,2035.137022,6,2,6,0.321628038,35.20955671,North,0,0,0,0,0,0,0,0,0,0,0,0,0,0,0,249,140485,0,0,142.7837838,NA,0.675675676,NA,1991.692913,884.8484848,365,36.5894,174,2.21499812,5.632408024,4.981703903,#NAME?,0.800227877,1078,1,28
12,2000,1425,582124,23.25253328,23.01069016,244.7932056,AC,10,15228,65.66850538,0.268261144,1,1247,1,1262,0,1289,2,1277,1,1428,0,1258,0,1224,1,1328,1,1276,0,1282,0,1274,3,1083,1,0,0,0,30.23649123,North,0,0,0,0,0,0,0,0,0,0,0,0,0,0,0,59,77213,0,0,177.3,NA,0.8,NA,1960.904255,907.2857143,NA,31.27365357,41,7.22580107,5.500413795,4.18461944,#NAME?,1,313,NA,19
12,2001,2059,600561,23.37352565,23.1794622,342.8461056,AC,14,14899,93.96603799,0.274076434,4,1240,0,1067,0,1262,4,1360,0,1360,2,1189,0,1248,0,1219,2,1215,0,1406,1,1178,1,1155,1,3,0,0,29.53181156,North,0,0,0,0,0,0,0,0,0,0,0,0,0,0,0,122,79200,0,0,131.2857143,NA,0.714285714,NA,2129.166667,1032.068966,NA,30.71348884,73,6.35234936,5.837281675,4.542933419,#NAME?,1,516,NA,25
12,2002,890,619212,23.4356836,23.36481367,143.7310646,AC,14,15841,88.37825895,0.614886275,5,1343,3,1261,2,1389,0,1155,0,1408,0,1437,0,1346,0,1246,2,1404,0,1345,1,1269,1,1238,4,1,0,0,28.8011236,North,0,0,0,0,0,0,0,0,0,0,0,0,0,0,0,57,81433,0,0,98.85714286,NA,0.428571429,NA,2208.717949,869.047619,NA,30.12735849,28,5.43630993,4.967943946,4.481626,#NAME?,1,302,NA,17
12,2003,953,637908,23.5598823,23.56523041,149.3945835,AC,10,15986,62.55473539,0.418721576,6,1428,0,1231,0,1513,0,1430,1,1552,0,1395,0,1294,1,1336,0,1289,0,1211,0,1187,2,1120,6,0,0,0,32.19727177,North,0,0,0,0,0,0,0,0,0,0,0,0,0,0,0,53,83752,0,0,102.5,NA,0.4,NA,1958.117647,1015.15625,NA,33.93333333,43,8.63204136,5.006591017,4.13604194,#NAME?,0.997916667,216,NA,22
12,2004,4447,656262,23.69625294,23.79145219,677.6257044,AC,22,16584,132.6579836,0.195768819,3,1470,1,1348,0,1452,1,1490,1,1606,2,1414,1,1386,4,1309,2,1252,2,1341,2,1333,3,1183,2,1,15,2.285672491,30.87249831,North,0,0,0,0,0,0,0,0,0,0,0,0,0,0,0,188,85924,0,0,191.2727273,NA,0.818181818,NA,2123.27957,1026.813187,NA,31.83507793,126,7.08104612,6.518595077,4.887774264,#NAME?,1,997,3,21
12,2005,2515,674940,23.86731948,24.01735858,372.6257149,AC,7,17482,40.04118522,0.107456849,0,1385,0,1328,0,1720,1,1584,0,1632,0,1538,0,1417,2,1458,1,1461,1,1467,1,1308,1,1184,0,0,0,0,31.90258449,North,0,0,0,0,0,0,0,0,0,0,0,0,0,0,0,84,87788,0,0,235.7142857,NA,1,NA,2180.641026,1095,NA,32.55632371,49,7.88522591,5.920574471,3.689908555,#NAME?,0.999205719,489,NA,20
12,2006,269,693665,23.98674611,24.25195447,38.77952614,AC,4,16448,24.31906615,0.627110967,0,1300,0,1292,0,1478,2,1563,0,1599,1,1482,0,1422,0,1473,0,1402,0,1198,1,1064,0,1175,0,0,3,0.432485422,29.27137546,North,0,0,0,0,0,0,0,0,0,0,0,0,0,0,0,16,89566,0,0,157.5,NA,1,NA,2346.428571,584,NA,30.35135135,6,5.01942099,3.657892431,3.191260658,#NAME?,0.996309963,74,NA,20
12,2007,512,712017,24.12556386,24.5094148,71.90839545,AC,2,16183,12.35864796,0.171866552,1,1440,0,1452,0,1557,0,1406,0,1435,0,1283,0,1267,1,1305,0,1313,0,1194,0,1166,0,1365,1,0,0,0,30.25195313,North,0,0,0,0,0,0,0,0,0,0,0,0,0,0,0,40,91068,0,0,109.5,NA,0.5,NA,2299.5,1241,NA,31.22469636,16,5.74253833,4.275393024,2.514356058,#NAME?,0.975047985,133,NA,29
12,2008,1937,730475,24.26742247,24.7759937,265.1699237,AC,16,17994,88.9185284,0.335326598,4,1388,0,1457,1,1554,2,1542,1,1617,1,1501,2,1465,1,1494,2,1491,1,1496,1,1476,0,1513,4,0,13,1.779663917,29.98399587,North,0,0,0,0,0,0,0,0,0,0,0,0,0,0,0,146,92231,4,0,135.1875,NA,0.75,NA,2303.941799,1018.604651,NA,31.08431794,59,5.20800217,5.580370842,4.487720539,#NAME?,0.807494145,541,2,32
12,2009,18299,748542,24.39273029,25.0652081,2444.619006,AC,107,16892,633.435946,0.259114383,7,1453,3,1369,4,1542,7,1482,11,1489,6,1390,6,1338,16,1333,7,1405,11,1381,12,1379,17,1331,3,4,137,18.30224623,29.8239248,North,2,1,0,0,0,0,0,0,0,0,0,0,1,1,0,1261,92783,11,0,201.8504673,171.5,0.906542056,0.5,2037.871336,1009.574468,NA,31.4775522,951,4.7587167,7.801644564,6.451158883,2.471477229,0.9055216,4846,25,27
12,2010,34232,767310,24.55380418,25.56992089,4461.299866,AC,342,16495,2073.355562,0.46474248,52,1303,12,1185,20,1534,20,1530,25,1410,26,1355,29,1372,33,1373,30,1386,33,1475,35,1296,27,1276,23,29,90,11.72928803,29.58585534,North,1,0,0,0,1,0,0,0,0,0,0,0,0,0,0,2362,93501,61,0,171.9093567,90,0.812865497,0,1940.278139,938.9225589,365,31.5597717,2002,4.01593445,8.403195452,7.636923618,1.802112881,0.956989853,9886,21,26
12,2011,18698,780585,24.5592973,25.85818457,2395.38295,AC,111,17817,623.0005051,0.260083886,20,1409,4,1306,8,1514,3,1522,6,1742,12,1473,7,1485,10,1455,10,1427,13,1540,7,1494,11,1450,12,8,35,4.483816625,29.02791742,North,0,0,0,0,0,0,0,0,0,0,0,0,0,0,0,1421,93418,34,0,168.1351351,NA,0.783783784,NA,2040.385144,964.3684211,NA,30.63726158,970,3.16973285,7.781298393,6.43454733,#NAME?,0.984675338,5560,10,21
12,2012,2280,794166,24.67946108,26.13425908,287.0936303,AC,22,16700,131.7365269,0.458862591,2,1462,0,1275,0,1495,2,1379,1,1406,2,1353,3,1374,3,1257,5,1391,0,1458,1,1428,3,1422,1,1,4,0.503673036,32.3504386,North,0,0,0,0,0,0,0,0,0,0,0,0,0,0,0,100,92835,3,0,194.5,NA,0.909090909,NA,2179.185185,980.2857143,NA,33.31598008,49,6.21617952,5.659808401,4.88080392,#NAME?,0.918566775,512,NA,22
12,2013,2537,807130,24.59080527,26.43080792,314.323591,AC,14,17075,81.99121523,0.260849703,0,1429,1,1353,1,1500,2,1450,2,1554,0,1366,1,1417,0,1458,3,1453,0,1458,2,1293,2,1344,0,0,3,0.371687337,31.56602286,North,0,0,0,0,0,0,0,0,0,0,0,0,0,0,0,130,92365,2,0,190.7142857,NA,0.928571429,NA,2095.440415,973.3333333,NA,32.72242722,84,5.13521494,5.750423,4.40661211,#NAME?,0.911111111,633,1,23
12,2014,27907,820387,24.76397479,26.7185365,3401.687252,AC,523,17139,3051.519925,0.897060693,90,1382,35,1305,28,1446,30,1428,39,1592,46,1487,42,1458,44,1433,57,1407,40,1402,36,1378,36,1421,65,25,21,2.559767524,29.34407138,North,0,0,0,0,0,0,0,0,0,0,0,0,0,0,0,1869,91870,0,0,156.6902486,NA,0.760994264,NA,1850.0882,892.8224101,1460,31.76591841,1769,2.62553488,8.132026838,8.023395082,#NAME?,0.971177454,9071,6,16
12,2015,5759,833826,24.84392485,27.00454891,690.6716749,AC,92,16980,541.8138987,0.784473895,3,1370,4,1333,2,1528,2,1470,7,1516,10,1397,10,1328,9,1369,14,1442,11,1422,15,1401,5,1404,2,1,4,0.479716392,28.55235284,North,0,0,0,0,0,0,0,0,0,0,0,0,0,0,0,417,89829,0,0,206.2391304,NA,0.923913043,NA,1820.700262,850.9654179,NA,31.09483908,416,1.54780393,6.537664566,6.294922582,#NAME?,0.86663216,1994,1,16
12,2016,2180,846387,24.93055996,27.32796463,257.5653927,AC,30,15773,190.1984404,0.73844719,3,1394,1,1369,1,1336,2,1383,3,1338,2,1273,3,1288,4,1297,4,1370,3,1292,2,1197,2,1236,3,0,0,0,30.22844037,North,0,0,0,0,0,0,0,0,0,0,0,0,0,0,0,112,87963,0,0,178.6666667,NA,0.866666667,NA,1947.324324,885,NA,31.82307319,87,2.90047574,5.55127364,5.24806795,#NAME?,0.617244526,622,NA,15
12,2017,1846,858836,25.11617521,27.66223121,214.9420844,AC,28,16358,171.1700697,0.796354377,7,1323,0,1232,1,1487,2,1383,2,1494,3,1341,0,1398,5,1319,2,1372,2,1381,3,1328,1,1300,2,5,1,0.116436665,31.40303359,North,0,0,0,0,0,0,0,0,0,0,0,0,0,0,0,82,86896,0,0,155.0357143,NA,0.75,NA,2055.368852,930.75,NA,32.70248869,50,3.74080238,5.370368617,5.142657622,#NAME?,0.873854447,477,NA,22
12,2018,7243,871782,25.23870851,27.98208268,830.8269728,AC,112,16543,677.0235145,0.814879074,18,1289,6,1217,9,1425,10,1554,2,1483,13,1342,14,1352,8,1504,7,1347,10,1436,7,1299,8,1295,12,6,14,1.605906064,30.54507801,North,0,0,0,0,0,0,0,0,0,0,0,0,0,0,0,400,85208,0,0,154.7767857,NA,0.785714286,NA,2003.105939,952.6008969,NA,32.18609407,285,2.56299533,6.722421558,6.517706006,#NAME?,0.887727023,2105,2,16
12,2019,10078,884548,25.39191597,28.30158115,1139.338962,AC,153,16280,939.8034398,0.824867288,36,1395,13,1222,11,1420,6,1396,12,1529,10,1349,14,1282,18,1399,7,1359,17,1380,5,1305,4,1244,21,15,79,8.931115101,31.7488589,North,1,0,0,0,0,0,0,1,0,0,0,0,0,0,0,516,84300,0,0,133.0718954,180,0.679738562,1,2003.683887,952.4410774,NA,33.45968081,401,3.44727775,7.038203515,6.845670747,1.815232825,0.96547302,2580,8,21
12,2020,7659,897087,25.48698811,28.61567273,853.7633474,AC,78,15142,515.1234976,0.603356304,8,1244,5,1163,1,1279,6,1304,7,1340,11,1218,5,1321,11,1283,6,1291,8,1248,7,1153,3,1298,6,2,100,11.14719085,33.5015015,North,1,0,0,0,0,0,0,0,0,1,0,0,0,0,0,337,84864,0,0,169.6410256,240,0.833333333,1,2006.436893,926.8539326,NA,34.83267529,236,4.88582877,6.749654045,6.244406673,1.887697846,0.865339578,1668,18,23
12,2021,15332,909365,25.68044731,28.92378858,1686.011667,AC,160,14783,1082.324291,0.641943536,26,1265,12,1168,17,1366,4,1300,10,1366,13,1260,8,1149,15,1198,19,1268,16,1151,9,1156,11,1136,13,13,3,0.329900535,33.48943386,North,0,0,0,0,0,0,0,0,0,0,0,0,0,0,0,782,84343,1,0,156.64375,NA,0.7625,NA,1987.647059,915.2832244,NA,35.08599054,589,4.56564528,7.430121058,6.986866129,#NAME?,0.934455959,3449,NA,20
12,2022,3467,917336,25.86071044,28.96048558,377.9422153,AC,30,13955,214.9767109,0.568808411,5,1253,3,1091,3,1287,3,1306,4,1255,1,1102,1,1133,2,1130,2,1039,2,1042,1,1136,3,1181,3,2,3,0.327033933,34.07758869,North,0,0,0,0,0,0,0,0,0,0,0,0,0,0,0,179,83323,0,0,138.7333333,NA,0.733333333,NA,2126.45749,912.5,NA,35.3517407,105,5.11710311,5.934741314,5.370529701,#NAME?,0.830576155,764,NA,40
12,2023,7105,929382,25.95535991,29.28642151,764.4865082,AC,76,15922.23913,477.3198002,0.624366545,19,1326.733696,5,1242.994565,4,1420.690217,7,1391.168478,5,1454.516304,4,1326.342391,5,1307.255435,6,1316.472826,7,1320.125,2,1317.777174,6,1252.211957,6,1245.951087,9,10,2,0.215196765,32.113019,North,0,0,0,0,0,0,0,0,0,0,0,0,0,0,0,331,83389,0,0,140.4078947,NA,0.684210526,NA,2062.725451,927.7083333,NA,33.41648303,222,2.82659749,6.639204377,6.168186707,#NAME?,0.742183138,1708,NA,24
12,2024,5869,941265,26.06679418,29.61231853,623.5225999,AC,63,15894.26087,396.3694853,0.635693855,10,1324.402174,12,1240.663043,2,1418.358696,3,1388.836957,3,1452.184783,6,1324.01087,7,1304.923913,5,1314.141304,2,1317.793478,4,1315.445652,6,1249.880435,3,1243.619565,6,4,5,0.531200034,32.49446243,North,0,0,0,0,0,0,0,0,0,0,0,0,0,0,0,321,83061,0,0,139.3650794,NA,0.650793651,NA,2071.684322,933.0463576,NA,33.97353835,213,2.8821439,6.435385011,5.98234682,#NAME?,0.681463274,1391,1,25
13,2000,6343,2868146,23.44457064,23.07557739,221.1533165,AM,26,67646,38.43538421,0.173795197,1,5671,3,5320,1,5828,1,5452,0,5584,4,5353,1,5595,8,5733,3,5929,2,6096,2,5723,0,5362,0,1,0,0,31.76651427,North,0,0,0,0,0,0,0,0,0,0,0,0,0,0,0,192,371508,0,0,176.0769231,NA,0.846153846,NA,1967.67101,933.1304348,NA,32.5881018,148,8.69093688,5.398856201,3.648978499,#NAME?,0.999842371,1083,NA,25
13,2001,19402,2939915,23.56850657,23.28826922,659.951053,AM,159,70252,226.3280761,0.342946761,7,5701,9,5306,8,5808,12,5766,15,5998,12,5612,16,5743,17,5724,19,5945,6,6255,15,6371,23,6023,4,3,69,2.347006631,28.57236367,North,5,1,1,0,0,1,0,1,0,1,0,0,0,1,0,1096,378756,0,0,190.2578616,115.6,0.899371069,0.4,1866.632813,906.2985437,1003.75,30.24243089,1011,5.28409445,6.49216567,5.421985611,1.962519321,0.998867381,5273,24,21
13,2002,2169,3008779,23.58864052,23.53845065,72.08904343,AM,18,70671,25.47013627,0.353314943,1,6208,0,5464,0,6087,1,5966,1,5953,1,5611,1,5827,5,5693,3,5686,4,6096,0,6032,1,6048,0,1,1,0.033236074,30.53434763,North,0,0,0,0,0,0,0,0,0,0,0,0,0,0,0,79,387400,0,0,207.7777778,NA,0.944444444,NA,2055.042017,1003.75,NA,31.47165317,52,6.99589698,4.277902069,3.237506639,#NAME?,0.985020427,445,NA,26
13,2003,3968,3075784,23.61612757,23.81321933,129.0077587,AM,56,70751,79.15082472,0.613535384,7,6163,1,5445,3,6173,6,5711,5,5985,7,5796,6,6008,5,6009,3,6202,3,5803,5,5811,5,5645,3,4,80,2.600962876,27.67943548,North,0,0,0,0,0,0,0,0,0,0,0,0,0,0,0,313,396040,0,0,166.6607143,NA,0.857142857,NA,1946.898855,942.7725118,938.5714286,29.8922402,265,3.86621615,4.859872548,4.371355206,#NAME?,0.979295046,1219,30,20
13,2004,916,3140947,23.72076791,24.10889487,29.16317913,AM,20,71345,28.03279837,0.961239454,4,6232,2,5591,1,6102,0,5850,1,5908,1,5905,3,5932,1,5896,2,6280,4,5987,0,5965,1,5697,4,0,8,0.254700254,24.45960699,North,0,0,0,0,0,0,0,0,0,0,0,0,0,0,0,106,402503,0,0,152.8,NA,0.7,NA,1866.606218,1082.413793,730,27.82723834,103,0.35071212,3.372906925,3.333375195,#NAME?,0.989212513,389,3,6
13,2005,1001,3207700,23.80254612,24.39880912,31.20616018,AM,9,73488,12.24689745,0.392451278,1,5886,0,5696,1,6769,0,6369,0,6385,1,6156,1,5949,2,6098,2,6149,0,6161,1,5991,0,5879,0,1,5,0.155874926,27.92007992,North,0,0,0,0,0,0,0,0,0,0,0,0,0,0,0,99,405515,0,0,179.1111111,NA,0.888888889,NA,2029.4,994.8039216,NA,30.14036997,73,3.5212708,3.440615517,2.505272636,#NAME?,0.991097923,318,NA,22
13,2006,593,3276463,24.00762066,24.68383223,18.09878518,AM,52,75584,68.79762913,3.801229112,3,6196,0,5753,0,6327,3,6239,2,6216,9,6133,9,6193,4,6426,8,6710,4,6884,6,6341,4,6166,2,1,11,0.335727887,23.35919056,North,1,0,0,0,0,0,0,0,0,0,0,0,1,0,0,67,407512,0,0,201.3461538,330,0.942307692,1,1742.945736,853.6290323,NA,29.32688172,76,-1.32464167,2.895844819,4.231169284,0.279925565,0.920930233,278,9,11
13,2007,1910,3345460,24.07585512,24.97052633,57.09229822,AM,104,73469,141.5563027,2.479429049,4,6510,5,5797,6,6531,5,6008,7,6106,15,5930,11,5869,13,6267,13,6443,10,6295,7,5734,8,5979,3,1,160,4.782600898,17.91623037,North,6,0,0,1,0,0,0,1,2,1,1,0,0,0,0,390,404695,3,0,186.2692308,195,0.913461538,0.833333333,1964.385113,893.2894737,1199.285714,22,290,-7.05429596,4.044669225,4.952697537,2.100066107,0.796201232,1209,117,7
13,2008,8788,3415065,24.18723177,25.26058303,257.3303876,AM,226,75030,301.2128482,1.170529649,13,6073,5,5716,14,6429,6,6182,8,6224,27,5780,29,6162,30,6320,26,6850,28,6601,15,6231,25,6462,3,10,493,14.43603562,21.49806554,North,12,1,0,1,1,0,5,0,2,1,1,0,0,0,1,1530,399169,6,0,198.3539823,154.3333333,0.920353982,0.75,1970.79066,938.3424808,973.3333333,25.15873879,1204,-3.76251749,5.550360814,5.707817152,2.772188802,0.974884037,4684,247,10
13,2009,1655,3485119,24.18892366,25.55253637,47.48761807,AM,31,75729,40.93544085,0.86202346,6,6360,1,5654,3,6507,2,6115,4,5987,1,6121,6,6264,1,6379,2,6801,1,6751,1,6422,3,6368,3,3,131,3.758838651,27.81873112,North,4,1,1,0,1,0,0,0,0,1,0,0,0,0,1,147,392535,3,0,144.0322581,96.5,0.774193548,0.25,2104.719626,898.880597,973.3333333,29.74983756,85,2.26619475,3.860469005,3.711996212,1.664303369,0.83254717,572,54,16
13,2010,7587,3561382,24.38678762,26.01014157,213.0352768,AM,147,74188,198.1452526,0.930105359,11,6453,4,5981,9,6527,8,6207,7,5904,12,5656,14,5965,15,6050,14,6491,21,6719,14,6188,18,6047,9,2,302,8.479854169,26.49083959,North,8,0,0,1,0,2,0,1,2,0,1,1,0,0,0,922,389220,21,0,197.1020408,183.75,0.897959184,0.625,2141.408669,907.5675676,886.4285714,28.84223477,529,0.48069802,5.361457771,5.289000361,2.378009316,0.828218466,3083,177,10
13,2011,61836,3626529,24.38365135,26.28151133,1705.10149,AM,1078,76202,1414.661033,0.82966383,120,6362,45,5696,50,6503,42,6104,71,6342,86,5986,107,6175,108,6510,114,6482,111,6772,115,6647,109,6623,73,47,296,8.162074535,26.51630118,North,6,1,1,0,0,1,0,1,0,1,0,1,0,1,0,5980,386900,186,1,186.2820037,146.3333333,0.846938776,0.5,1890.445549,896.0680077,929.0909091,29.30322173,5349,0.23478985,7.441379913,7.254645228,2.063541946,0.937526138,23327,150,10
13,2012,5338,3692948,24.45618204,26.54324892,144.5457667,AM,141,77434,182.0905545,1.259743254,13,6611,4,6309,3,6375,8,6091,1,6286,14,6089,23,6289,16,6648,9,6491,15,6929,16,6616,19,6700,6,7,31,0.839437761,26.11689771,North,0,0,0,0,0,0,0,0,0,0,0,0,0,0,0,448,387963,21,0,200.4326241,NA,0.879432624,NA,1777.16647,871.7919799,851.6666667,29.23650222,474,-0.42635121,4.973596182,5.204504116,#NAME?,0.741000554,1986,16,21
13,2013,17983,3759954,24.44118019,26.80105102,478.2771279,AM,376,79041,475.7024835,0.994616836,30,6800,7,6004,21,6672,17,6485,30,6687,25,6292,42,6532,46,6473,50,6909,40,6897,31,6737,37,6553,13,17,96,2.553222726,27.9042985,North,5,0,1,0,0,2,0,0,1,0,1,0,0,0,0,1272,391512,38,0,192.4361702,150,0.901595745,0.4,1869.313099,853.1229597,730,30.26833414,1134,1.10324748,6.17019033,6.164792624,1.844641393,0.880860452,5895,59,30
13,2014,6594,3828375,24.57306834,27.05066249,172.2401802,AM,146,81145,179.9248259,1.044615871,14,6699,6,6186,7,6831,9,6558,8,6890,18,6595,14,6678,13,6837,20,6969,17,7162,8,6849,12,6891,10,4,15,0.391811147,29.44813467,North,2,0,0,0,1,0,0,0,0,0,1,0,0,0,0,437,397358,0,0,179.5547945,180,0.863013699,0.5,1850.73107,877.5531915,NA,31.96620838,411,2.39747218,5.148889899,5.19253913,0.902079689,0.586455982,1991,6,19
13,2015,3903,3896778,24.6303813,27.30577031,100.1596704,AM,75,80097,93.63646579,0.934871944,4,6876,3,6099,3,6680,2,6691,4,6784,12,6368,5,6634,10,6720,11,6908,5,6947,4,6668,12,6722,4,0,12,0.307946719,30.74481168,North,0,0,0,0,0,0,0,0,0,0,0,0,0,0,0,208,399759,0,0,198.9866667,NA,0.906666667,NA,1865.211864,850,NA,32.78457739,184,3.43904137,4.606765617,4.539419899,#NAME?,0.718510964,1064,2,22
13,2016,7466,3961723,24.8447788,27.5928938,188.4533573,AM,183,76703,238.5825848,1.266003367,16,6767,10,6245,6,6523,8,6237,14,6308,16,6064,19,6311,20,6572,21,6508,19,6404,17,6319,17,6445,6,10,13,0.328140054,29.07179212,North,0,0,0,0,0,0,0,0,0,0,0,0,0,0,0,452,399254,0,0,187.010929,NA,0.857923497,NA,1844.82716,848.2681564,NA,31.4983219,430,1.47889832,5.238850535,5.474715518,#NAME?,0.263443709,2276,6,30
13,2017,3891,4026054,24.95461416,27.88854819,96.64549954,AM,100,78066,128.0967387,1.325428905,5,6447,6,5901,5,6554,5,6360,5,6737,8,6474,7,6377,15,6489,10,6778,16,6902,8,6525,10,6522,3,2,16,0.39741146,28.87098432,North,0,0,0,0,0,0,0,0,0,0,0,0,0,0,0,274,399915,0,0,196.19,NA,0.89,NA,1818.084211,860.7462687,365,31.5066328,248,0.98243613,4.57104964,4.852785749,#NAME?,0.419428863,1241,7,21
13,2018,2316,4091589,25.05571423,28.17739832,56.60392576,AM,59,78087,75.5567508,1.334832342,2,6583,0,5679,0,6475,1,6562,8,6565,4,6147,6,6637,5,6678,12,6825,6,6798,8,6632,7,6506,1,1,14,0.342165354,29.34326425,North,0,0,0,0,0,0,0,0,0,0,0,0,0,0,0,122,400870,0,0,220.8135593,NA,0.966101695,NA,1760.39823,807.2115385,NA,31.78138223,130,1.16586593,4.036078343,4.32488404,#NAME?,0.297320289,607,5,27
13,2019,3978,4156109,25.1445229,28.46753129,95.71452529,AM,57,77622,73.43278967,0.76720633,4,6597,8,6036,3,6573,1,6269,6,6312,7,6000,7,6269,6,6700,4,7168,5,6955,3,6424,3,6319,2,2,9,0.2165487,29.72423328,North,0,0,0,0,0,0,0,0,0,0,0,0,0,0,0,267,402987,0,0,158.6491228,NA,0.789473684,NA,1971.502294,928.6982249,NA,31.66298789,206,1.25670199,4.561370066,4.296370562,#NAME?,0.742080319,1267,2,24
13,2020,6063,4219246,25.28422765,28.75315329,143.6986609,AM,73,75635,96.51616315,0.671656664,7,6458,5,6226,2,6576,5,6055,11,6292,7,6018,8,6432,6,6414,9,6471,3,6455,7,6083,3,6155,5,2,43,1.019139439,31.43097476,North,0,0,0,0,0,0,0,0,0,0,0,0,0,0,0,400,406968,0,0,163.1506849,NA,0.835616438,NA,2099.83816,931.0427807,NA,33.05678453,249,2.67782147,4.967718474,4.569710488,#NAME?,0.717763158,1771,14,14
13,2021,8804,4280850,25.65535359,29.03222561,205.6600909,AM,167,70850,235.7092449,1.146110769,21,5865,20,5624,5,6323,7,5957,6,6109,14,5808,22,6036,14,6116,17,6006,11,5832,10,5632,20,5542,8,13,9,0.210238621,27.01056338,North,0,0,0,0,0,0,0,0,0,0,0,0,0,0,0,989,408397,0,0,169.251497,NA,0.754491018,NA,2064.515689,901.4046122,NA,29.483996,639,-2.02166223,5.326224762,5.462599032,#NAME?,0.937393864,3630,3,11
13,2022,5418,4324367,25.84404457,29.07317487,125.2900135,AM,93,67714,137.3423517,1.096195521,6,6360,4,5379,6,5999,5,5786,4,5834,8,5412,9,5562,11,5418,14,5196,11,5281,9,5739,6,5748,5,1,8,0.184998174,30.52731635,North,0,0,0,0,0,0,0,0,0,0,0,0,0,0,0,374,407743,0,0,189.2043011,NA,0.892473118,NA,2026.37931,946.1650485,1095,32.55599525,271,1.45414148,4.830631158,4.922476726,#NAME?,0.957736126,1659,3,26
13,2023,6314,4384581,25.70206053,29.37127812,144.0046381,AM,114,77741.68379,146.6394789,1.018296916,10,6600.890316,11,6045.629447,1,6657.151186,8,6389.672925,7,6492.977273,12,6228.194664,12,6407.890316,14,6526.629447,11,6701.716403,7,6735.846838,9,6505.325099,12,6449.759881,6,4,13,0.296493553,31.34922395,North,0,0,0,0,0,0,0,0,0,0,0,0,0,0,0,393,407663,0,0,176.9824561,NA,0.815789474,NA,1937.350689,919.5192308,NA,33.5540978,331,1.97794583,4.969845508,4.98797705,#NAME?,0.822372561,1778,3,20
13,2024,8800,4443843,25.8000274,29.67174605,198.026798,AM,128,77980.17787,164.1442781,0.828899319,15,6620.764822,9,6065.503953,7,6677.025692,7,6409.547431,10,6512.851779,12,6248.06917,14,6427.764822,5,6546.503953,9,6721.590909,19,6755.721344,7,6525.199605,14,6469.634387,12,3,15,0.337545678,32.92477273,North,0,0,0,0,0,0,0,0,0,0,0,0,0,0,0,455,405494,0,0,172.2890625,NA,0.8125,NA,1958.123342,959.4983278,912.5,34.82701593,388,3.25302668,5.288402365,5.100745785,#NAME?,0.917576849,2144,5,28
14,2000,4105,333315,23.56287918,22.94302387,1231.567736,RR,21,9744,215.5172414,0.174994225,5,803,0,824,1,869,0,813,2,828,4,780,1,786,4,767,1,838,1,823,1,790,1,823,2,3,0,0,32.63264312,North,0,0,0,0,0,0,0,0,0,0,0,0,0,0,0,119,42612,0,0,149.3333333,NA,0.761904762,NA,2015.611111,945.4098361,NA,33.421,84,9.68961925,7.116043219,5.373040913,#NAME?,0.999756454,730,NA,20
14,2001,3329,345807,23.67789364,23.16259359,962.6757122,RR,27,9600,281.25,0.292154457,6,855,5,700,1,756,3,745,3,812,1,753,0,766,0,805,4,843,1,884,1,902,2,779,2,4,0,0,31.02102734,North,0,0,0,0,0,0,0,0,0,0,0,0,0,0,0,115,43956,0,0,121.3333333,NA,0.592592593,NA,2079.196429,943.490566,NA,31.89322191,70,7.85843375,6.869716608,5.639243954,#NAME?,0.844888664,692,NA,25
14,2002,1251,358021,23.52097474,23.42687719,349.420844,RR,14,8990,155.7285873,0.445676295,4,725,1,717,0,770,1,729,0,808,0,713,2,738,3,683,2,730,0,777,0,830,1,770,3,1,0,0,31.07913669,North,0,0,0,0,0,0,0,0,0,0,0,0,0,0,0,69,45545,0,0,139.8571429,NA,0.642857143,NA,2142.070707,924.6666667,NA,32.33027523,38,7.6522595,5.856277052,5.048114667,#NAME?,0.997626582,297,NA,20
14,2003,4943,370302,23.68819006,23.70485172,1334.856414,RR,69,10160,679.1338583,0.508769221,11,868,2,790,3,856,5,847,4,857,10,806,5,804,5,819,7,885,6,919,6,891,5,818,8,3,7,1.890348958,29.78960146,North,0,0,0,0,0,0,0,0,0,0,0,0,0,0,0,238,47192,0,0,166.6956522,NA,0.811594203,NA,1963.776042,935,730,31.30437567,189,6.08474974,7.19657901,6.520818248,#NAME?,0.995789052,1208,1,20
14,2004,562,383033,23.79010695,23.96930552,146.7236504,RR,18,9742,184.7669883,1.259285655,4,863,0,801,1,875,0,786,2,795,3,695,1,763,1,785,1,826,1,894,3,831,1,828,3,1,7,1.827518778,27.9430605,North,0,0,0,0,0,0,0,0,0,0,0,0,0,0,0,45,48615,0,0,161.7777778,NA,0.777777778,NA,2078.913043,882.0833333,NA,30.28294574,28,3.97375498,4.988550888,5.219095508,#NAME?,0.991197183,179,2,22
14,2005,2311,395369,23.94825984,24.26374855,584.5172484,RR,25,9694,257.8914793,0.441204224,6,823,0,756,4,867,2,876,0,909,2,788,2,745,1,781,3,789,0,806,3,778,2,776,3,3,55,13.91105524,28.89398529,North,0,0,0,0,0,0,0,0,0,0,0,0,0,0,0,126,49651,0,0,146,NA,0.76,NA,1989.898477,956.1971831,NA,30.29066059,91,4.63023674,6.37078629,5.552538873,#NAME?,0.973916702,630,9,23
14,2006,816,407643,24.17889908,24.57093094,200.1751533,RR,9,9592,93.82819016,0.468730452,1,813,0,741,0,834,0,725,0,845,1,758,1,747,1,793,1,837,1,833,2,803,1,863,1,0,11,2.698439566,29.70098039,North,0,0,0,0,0,0,0,0,0,0,0,0,0,0,0,46,50337,0,0,220.6666667,NA,0.888888889,NA,1913.910256,935.3125,1095,31.37061118,38,5.13004945,5.29919275,4.541465346,#NAME?,0.836065574,224,5,20
14,2007,899,420283,24.044354,24.86349674,213.9034888,RR,17,9582,177.4159883,0.829420732,1,890,1,802,1,895,0,764,2,760,3,768,1,738,2,763,2,791,2,833,0,776,2,802,1,0,5,1.189674576,29.40378198,North,0,0,0,0,0,0,0,0,0,0,0,0,0,0,0,71,50339,2,0,180.1176471,NA,0.882352941,NA,2074.90991,958.125,1460,31.61732852,51,4.54028524,5.365524926,5.178497192,#NAME?,0.664122137,278,1,11
14,2008,4351,433133,24.31178858,25.15084281,1004.54133,RR,63,10103,623.5771553,0.620758088,7,838,1,753,3,822,2,805,8,837,10,825,8,832,4,839,7,923,6,903,3,838,4,888,3,4,251,57.94986759,29.7446564,North,12,0,0,0,0,3,3,1,1,1,3,0,0,0,0,295,50153,11,0,170.8412698,187.5,0.873015873,0.75,2067.249443,955.1623377,1119.333333,31.47104813,195,4.59381359,6.912286328,6.435472503,4.777244426,0.743926722,1254,107,21
14,2009,3165,446039,24.36741445,25.44791823,709.5792072,RR,42,9673,434.1982839,0.611909537,1,910,4,718,2,853,1,776,7,797,6,774,5,808,3,813,4,862,3,844,4,805,2,713,1,0,169,37.88906351,30.26034755,North,6,0,1,1,0,2,0,1,0,0,1,0,0,0,0,208,50374,3,1,172.1904762,130,0.880952381,0.333333333,2039.56869,973.3333333,790.8333333,32.03564223,149,4.81242932,6.564672128,6.073501305,4.127591156,0.972117794,857,71,27
14,2010,7564,459756,24.49075786,25.88499552,1645.220508,RR,88,9738,903.6763196,0.549273678,11,841,0,719,2,826,13,781,4,743,8,792,10,841,9,831,9,867,6,911,8,804,8,782,6,5,283,61.55438972,29.92133792,North,5,0,0,0,3,0,1,1,0,0,0,0,0,0,0,491,50303,12,0,177.7159091,120,0.875,0.4,1985.134804,931.0307692,969.137931,31.82609925,403,4.0363424,7.405629702,6.806471243,3.938572341,0.915430072,2355,116,28
14,2011,1387,470561,24.53775767,26.15276234,294.7545589,RR,12,9945,120.6636501,0.40936992,0,877,0,716,0,777,0,803,1,832,1,786,0,816,2,785,4,884,1,852,2,887,1,930,0,0,7,1.487586094,32.04758472,North,0,0,0,0,0,0,0,0,0,0,0,0,0,0,0,53,49830,2,0,237.5,NA,1,NA,1855.736842,912.5,NA,33.48072562,52,5.89482238,5.686143006,4.793006923,#NAME?,0.944723618,316,2,26
14,2012,1894,481325,24.61579096,26.41791929,393.4971173,RR,29,10601,273.5590982,0.695199752,5,935,1,812,3,889,1,851,3,922,0,784,3,861,1,899,2,893,5,907,2,923,3,925,4,1,2,0.415519659,30.30042239,North,0,0,0,0,0,0,0,0,0,0,0,0,0,0,0,96,50119,1,0,168.7586207,NA,0.793103448,NA,1993.843537,944.7058824,NA,31.75569128,64,3.8825031,5.975073742,5.61151768,#NAME?,0.947313511,529,1,25
14,2013,978,492061,24.68334875,26.68191545,198.7558453,RR,28,10814,258.9236175,1.302722026,1,934,1,801,2,920,2,886,1,915,3,915,1,863,3,843,4,886,6,996,2,948,2,907,1,0,5,1.016134178,29.00511247,North,0,0,0,0,0,0,0,0,0,0,0,0,0,0,0,59,50663,1,0,198.4285714,NA,0.928571429,NA,1725.745614,869.3636364,NA,31.90939977,67,2.32319702,5.292077163,5.556533105,#NAME?,0.902636917,329,1,18
14,2014,1133,502908,24.7084346,26.94469963,225.289715,RR,55,11120,494.6043165,2.195414542,7,917,2,859,5,890,5,856,3,967,3,881,8,865,3,913,6,989,3,988,1,1065,9,930,4,3,8,1.590748208,27.31332745,North,0,0,0,0,0,0,0,0,0,0,0,0,0,0,0,92,50893,0,0,169.4909091,NA,0.836363636,NA,1740.926966,908.255814,NA,31.51440329,106,0.36862782,5.417387196,6.203758082,#NAME?,0.77260755,421,1,19
14,2015,1116,514241,24.95203017,27.21407667,217.0188686,RR,23,11412,201.5422362,0.928685315,2,996,3,873,0,961,1,904,2,972,3,930,2,955,4,898,3,1022,1,1045,2,932,0,924,0,2,10,1.944613518,29.71236559,North,0,0,0,0,0,0,0,0,0,0,0,0,0,0,0,81,51490,0,0,161.173913,NA,0.782608696,NA,1889.411765,849.4545455,365,32.24168297,71,2.49828892,5.379984302,5.305998969,#NAME?,0.879248658,344,5,20
14,2016,215,526906,25.03755167,27.49899603,40.80424212,RR,8,11376,70.32348805,1.723435711,0,1012,1,933,1,957,1,850,0,914,0,837,1,863,2,988,1,1015,0,1051,1,966,0,990,0,0,5,0.948935863,28.79534884,North,0,0,0,0,0,0,0,0,0,0,0,0,0,0,0,14,52265,0,0,165,NA,0.875,NA,2108.888889,1095,NA,30.69154229,6,1.29635281,3.70878605,4.253105855,#NAME?,0.906976744,73,NA,15
14,2017,279,547914,25.28811248,27.83416376,50.92039992,RR,13,11737,110.7608418,2.175176196,0,989,2,921,1,1011,1,931,2,917,1,956,1,874,0,1016,1,1050,2,1005,1,1039,1,1028,0,0,1,0.182510394,22.30107527,North,0,0,0,0,0,0,0,0,0,0,0,0,0,0,0,43,52953,0,0,168.4615385,NA,0.846153846,NA,1955.357143,959.8148148,NA,26.73684211,38,-5.53308849,3.930263628,4.707373298,#NAME?,0.706293706,154,1,12
14,2018,107,577738,25.21682313,28.22526993,18.52050583,RR,12,13344,89.92805755,4.855594029,2,1045,0,885,0,1044,0,1026,0,1060,0,1116,0,1094,1,1176,3,1156,2,1263,3,1260,1,1219,2,0,2,0.346177679,21.07476636,North,1,0,0,0,0,0,0,0,0,0,0,1,0,0,0,11,53732,0,0,225.75,300,0.833333333,1,1842.380952,949,NA,26.73493976,12,-7.15050357,2.918878541,4.49900999,2.01410334,0.95412844,54,2,13
14,2019,1593,607081,25.34525277,28.60729293,262.4032048,RR,28,14620,191.5184679,0.729863296,5,1289,2,1078,4,1218,2,1209,1,1180,1,1115,5,1153,1,1244,0,1374,1,1337,1,1250,5,1173,4,1,40,6.588906587,25.27432517,North,0,0,0,0,0,0,0,0,0,0,0,0,0,0,0,169,54614,0,0,147.5714286,NA,0.75,NA,1992.738971,960.3398058,730,27.86983905,136,-3.33296776,5.56988227,5.254984242,#NAME?,0.991255465,695,16,10
14,2020,491,632576,25.51559887,28.94969616,77.61913193,RR,15,13760,109.0116279,1.40444276,4,1219,3,1171,0,1262,1,1085,0,1148,2,1050,1,1097,1,1093,1,1120,1,1187,1,1147,0,1181,3,1,20,3.161675435,23.96537678,North,0,0,0,0,0,0,0,0,0,0,0,0,0,0,0,71,55499,0,0,115.6,NA,0.533333333,NA,2041.415929,903.8095238,NA,27.28403756,50,-4.98431938,4.351813942,4.691454555,#NAME?,1,228,5,8
14,2021,147,654060,25.86106695,29.26267162,22.47500229,RR,5,11568,43.22268326,1.923144777,0,945,0,833,0,1007,0,980,0,997,2,932,0,963,0,965,1,1062,1,1031,1,934,0,919,0,0,0,0,28.68027211,North,0,0,0,0,0,0,0,0,0,0,0,0,0,0,0,12,56319,0,0,222,NA,1,NA,1517.03125,657,NA,34.50413223,21,-0.58239951,3.112403682,3.766365433,#NAME?,0.993288591,56,NA,17
14,2022,58,669684,25.95601587,29.39849541,8.660801214,RR,2,11538,17.33402669,2.00143454,0,1123,0,947,0,985,0,986,0,919,1,934,0,888,0,982,1,885,0,928,0,1008,0,953,0,0,1,0.149324159,28.0862069,North,0,0,0,0,0,0,0,0,0,0,0,0,0,0,0,9,57306,0,0,195,NA,1,NA,1955.357143,803,NA,32.81632653,7,-1.31228851,2.158807237,2.852671431,#NAME?,1,21,NA,7
14,2023,230,683159,25.95609298,29.70756881,33.66712581,RR,3,13087.99209,22.92177424,0.680835494,0,1125.69137,0,1023.082675,0,1109.778327,0,1060.647892,1,1091.95224,0,1046.473979,0,1053.95224,0,1080.95224,0,1126.430501,1,1147.734848,0,1121.213109,1,1100.082675,0,0,0,0,30.30869565,North,0,0,0,0,0,0,0,0,0,0,0,0,0,0,0,17,58374,0,0,240,NA,1,NA,1946.666667,1026.5625,NA,33.22596154,19,0.60112684,3.516521866,3.132087299,#NAME?,0.836909871,72,NA,32
14,2024,699,694475,26.0620824,30.01896541,100.6515713,RR,5,13263.81423,37.69654726,0.374525174,0,1140.343215,0,1037.734519,1,1124.430171,0,1075.299736,0,1106.604084,0,1061.125823,0,1068.604084,0,1095.604084,0,1141.082345,2,1162.386693,1,1135.864954,1,1114.734519,0,0,1,0.143993664,30.07153076,North,0,0,0,0,0,0,0,0,0,0,0,0,0,0,0,48,59423,0,0,246,NA,1,NA,2076.901408,793.4782609,NA,31.4887218,29,0.05256535,4.611664763,3.629568506,#NAME?,0.760168303,182,NA,22
15,2000,8391,6371161,23.08165871,24.04381321,131.7028403,PA,53,126340,41.95029286,0.318522309,5,9347,4,9403,2,10409,2,10520,1,11248,9,10973,3,10823,6,11537,4,11548,5,11256,8,9882,4,9394,4,1,3,0.047087179,31.52663568,North,0,0,0,0,0,0,0,0,0,0,0,0,0,0,0,372,800809,0,0,184.5283019,NA,0.830188679,NA,2057.508897,954.7631579,NA,32.61600297,252,7.48282247,4.880548175,3.736485414,#NAME?,0.986253084,1908,NA,20
15,2001,15737,6517763,23.0304154,24.27842068,241.447871,PA,104,134742,77.18454528,0.319673746,13,10413,5,9785,6,11498,1,11146,12,12036,6,11522,7,11441,11,10954,12,11692,9,12003,13,11281,9,10971,7,6,20,0.306853747,29.89902777,North,0,0,0,0,0,0,0,0,0,0,0,0,0,0,0,907,810132,0,0,181.4134615,NA,0.826923077,NA,2054.087273,967.0940171,NA,31.22865142,632,5.62060709,5.486653595,4.346199246,#NAME?,0.948126801,4376,4,19
15,2002,10572,6661700,23.20261178,24.53265983,158.6982302,PA,69,136000,50.73529412,0.31969666,7,11607,3,10094,3,11485,5,11617,7,12112,4,11351,7,11722,11,11367,7,11409,5,11210,5,11249,5,10777,4,3,60,0.900671,30.76579644,North,0,0,0,0,0,0,0,0,0,0,0,0,0,0,0,572,821275,0,0,173.7101449,NA,0.855072464,NA,2117.879518,971.9186047,NA,31.93044335,353,6.23313661,5.067004476,3.926621805,#NAME?,0.92416318,2672,13,24
15,2003,8675,6804844,23.19011281,24.79547496,127.4827167,PA,74,144812,51.10073751,0.400844435,10,11957,0,10717,7,12490,5,12053,7,12917,8,12549,5,12846,11,12544,8,12183,3,11999,5,11706,5,10851,5,5,151,2.219007519,30.72680115,North,1,0,0,0,0,0,0,0,1,0,0,0,0,0,0,482,832494,0,0,164.0405405,210,0.864864865,1,2077.849162,1017.008547,949,32.06462133,322,5.93132619,4.8479808,3.93379893,-0.370266163,0.890368852,2320,32,20
15,2004,5015,6947187,23.19979126,25.06567363,72.18749114,PA,45,142894,31.4918751,0.436251137,5,11705,0,10824,2,12257,5,12334,4,12646,3,12105,8,12398,6,12577,6,12502,2,11713,3,11506,1,10327,4,1,101,1.453825843,30.87278166,North,0,0,0,0,0,0,0,0,0,0,0,0,0,0,0,264,841085,0,0,165.8666667,NA,0.888888889,NA,2042.197531,986.2765957,973.3333333,32.21976186,183,5.80710803,4.279266778,3.449729579,#NAME?,0.855610421,1254,22,20
15,2005,6247,7087632,23.20667625,25.34571885,88.13945194,PA,37,145540,25.42256424,0.288435697,6,12130,2,10709,2,12992,5,13101,2,13332,7,12691,3,12381,1,12794,3,12408,2,11765,2,11195,2,10042,5,1,53,0.747781488,30.26268609,North,0,0,0,0,0,0,0,0,0,0,0,0,0,0,0,362,845417,0,0,141.4594595,NA,0.783783784,NA,2076.197719,970.3658537,1338.333333,31.49907981,233,4.91696724,4.478920241,3.235637136,#NAME?,0.770992366,1684,17,21
15,2006,5198,7228640,23.31978269,25.62777009,71.90840877,PA,34,150202,22.63618327,0.314791881,5,12051,2,10833,1,12749,1,12475,2,13082,2,12475,8,12547,3,12713,3,13030,3,13215,2,12253,2,12779,4,1,44,0.608689878,30.37687572,North,0,0,0,0,0,0,0,0,0,0,0,0,0,0,0,305,845162,0,0,166.2647059,NA,0.794117647,NA,2012.558635,939.2073171,730,31.77384802,216,4.74910563,4.275393209,3.119549656,#NAME?,0.775003715,1457,8,17
15,2007,13659,7367264,23.42568283,25.92136796,185.4012562,PA,256,150147,170.4995771,0.919624714,42,13178,9,11289,22,12624,17,12120,16,12848,19,12393,25,12722,26,12696,25,12820,23,12571,18,12334,14,12552,27,15,673,9.135005885,28.95204627,North,17,3,0,0,3,0,3,2,1,3,1,1,0,0,3,1147,840347,69,2,158.6171875,155.8235294,0.80078125,0.647058824,2041.068102,940.9457093,1040.25,31.12467327,778,3.03067831,5.222522429,5.138732816,2.426768716,0.702193014,4309,263,23
15,2008,15742,7504019,23.5256773,26.23016573,209.7809187,PA,222,151262,146.7652153,0.699611844,30,12220,8,11019,12,12398,15,12790,21,12870,15,12436,22,12804,18,12803,21,13213,24,13409,19,12417,17,12883,18,12,746,9.941339434,28.75028586,North,16,0,0,0,0,5,2,1,4,1,1,0,2,0,0,1322,834200,65,2,171.3108108,193.125,0.828828829,0.6875,1964.656745,939.1195795,964.1509434,30.99931006,1026,2.52012013,5.346063742,4.988834135,2.358745476,0.796461802,5099,293,24
15,2009,7267,7636961,23.62765125,26.55835325,95.15565157,PA,137,143140,95.71049322,1.005830885,19,12290,10,10501,17,12372,9,12063,6,11778,11,11788,16,11725,12,11974,8,12603,11,12152,7,11699,11,12195,12,7,365,4.779388031,29.66134581,North,8,0,1,0,1,0,1,1,1,1,1,1,0,0,0,483,828519,27,0,151.4744526,183.75,0.788321168,0.75,1985.768246,954.1442953,1128.181818,31.72140849,371,3.10299256,4.555513988,4.56132794,1.720788555,0.711090766,2157,108,26
15,2010,14952,7782198,23.76237321,27.06391652,192.1308093,PA,210,140687,149.2675229,0.776905711,42,12018,9,10744,17,12352,11,11540,11,11962,10,11602,17,11852,18,11690,24,12478,20,12317,14,11271,17,10861,28,14,401,5.152785884,29.50996522,North,7,2,1,1,0,0,0,1,0,1,1,0,0,2,0,1088,823378,60,2,159.2285714,114.2857143,0.757142857,0.428571429,2058.298969,970.7308378,1199.285714,31.36991492,755,2.4460487,5.258176438,5.005740152,1.60454277,0.807315355,4709,145,24
15,2011,18873,7883303,23.87215969,27.38031508,239.4047267,PA,238,141974,167.6363278,0.700221462,27,11335,23,10365,13,11992,12,11717,24,12246,18,11865,21,11837,18,12090,25,12132,20,12440,16,12167,21,11788,17,10,220,2.790708412,28.74630424,North,5,0,1,0,0,1,0,2,0,0,1,0,0,0,0,1435,819406,42,1,164.5336134,156,0.789915966,0.6,1988.184014,974.4893112,1168,30.74388227,1104,1.36598916,5.478155537,5.121796917,1.258964156,0.802102852,6215,75,18
15,2012,16370,7981230,23.94163396,27.7034397,205.1062305,PA,176,137837,127.6870506,0.622541062,42,11710,12,10381,13,11394,12,11474,8,11646,14,10913,16,11295,11,11709,16,11688,11,12095,11,11735,10,11797,25,17,98,1.227880916,30.37354918,North,2,1,0,0,0,1,0,0,0,0,0,0,0,0,1,898,816291,43,1,138.6022727,69.5,0.693181818,0,2104.580238,1020.859375,973.3333333,31.72850737,584,2.67010948,5.323528042,4.849582353,0.372245539,0.809558335,4538,31,25
15,2013,9196,8075997,24.00291217,28.03463548,113.8682939,PA,107,139416,76.74872325,0.674013113,18,11377,1,10272,12,11586,9,11975,10,12259,8,11496,8,11799,10,11684,9,12320,6,12254,11,11287,5,11107,10,8,43,0.532442001,29.30100043,North,0,0,0,0,0,0,0,0,0,0,0,0,0,0,0,610,812055,21,0,153.9345794,NA,0.822429907,NA,2013.873016,956.6268657,730,31.02801899,452,1.26636495,4.735042464,4.340536751,#NAME?,0.845264848,2814,10,20
15,2014,4470,8171545,24.08781307,28.36220225,54.70201779,PA,54,143503,37.62987533,0.687906532,8,11226,5,10545,4,11699,7,12102,3,12313,0,11546,3,12357,3,12189,6,12721,6,12491,5,11979,4,12335,4,4,36,0.440553163,29.65838926,North,2,1,0,0,0,0,0,0,0,1,0,0,0,0,1,260,804764,12,0,158.0740741,131.5,0.759259259,0.5,1898.986486,948.2065217,730,31.49510389,229,1.29618701,4.001900597,3.627798292,0.331961426,0.715608466,1366,10,17
15,2015,7820,8267693,24.24769231,28.68738667,94.58503116,PA,84,143657,58.47261185,0.618201539,12,12193,11,10895,6,11883,5,12077,3,12130,6,11834,5,11962,8,12040,9,12285,6,12610,1,11934,12,11814,8,4,53,0.641049444,31.28554987,North,1,0,1,0,0,0,0,0,0,0,0,0,0,0,0,440,793031,0,0,156.547619,30,0.726190476,0,2017.133431,948.6983471,730,32.85248112,320,2.5981632,4.549499231,4.068558471,-0.362258328,0.734623711,2056,15,21
15,2016,10825,8358893,24.37809511,29.03159844,129.5027942,PA,126,137681,91.51589544,0.706671203,25,11628,6,10910,8,11515,8,11681,9,11708,6,11454,12,11401,12,11725,11,11815,14,11614,10,11003,5,11227,16,9,47,0.562275411,31.00369515,North,0,0,0,0,0,0,0,0,0,0,0,0,0,0,0,620,778195,0,0,153.7936508,NA,0.753968254,NA,2030.265073,965.8625731,1095,32.60513221,450,1.97209671,4.863702458,4.516512678,#NAME?,0.609222855,2941,15,20
15,2017,7783,8448884,24.63988838,29.37917671,92.11867508,PA,90,138684,64.89573419,0.704479674,15,11059,6,9736,5,11784,8,11328,5,12095,3,11660,8,11688,13,11967,7,12106,6,12029,7,11662,7,11570,8,7,12,0.142030592,29.52177823,North,0,0,0,0,0,0,0,0,0,0,0,0,0,0,0,566,762734,0,0,159.2111111,NA,0.766666667,NA,2047.986348,1011.038339,NA,31.34842871,406,0.14260152,4.523077692,4.172781893,#NAME?,0.64447556,2422,2,20
15,2018,3750,8541357,24.79484269,29.71456924,43.90403071,PA,49,141819,34.55108272,0.786968353,9,11545,5,10217,4,11492,1,11788,4,12201,5,11321,7,12073,3,12180,5,12419,1,12713,2,12061,3,11809,5,4,12,0.140492898,31.11093333,North,2,0,0,0,0,0,0,0,1,0,1,0,0,0,0,213,746554,0,0,138.4081633,240,0.714285714,1,2033.892308,951.6071429,1095,32.73429135,152,1.39636409,3.782006132,3.542438887,0.34376577,0.476781003,995,6,23
15,2019,5403,8631696,24.9958652,30.0471942,62.59488286,PA,82,138341,59.27382338,0.946943595,8,11735,7,10499,1,11816,7,11628,5,11887,10,10923,4,11315,9,11478,10,12298,10,12237,5,11187,6,11338,5,3,10,0.115852087,28.07606885,North,0,0,0,0,0,0,0,0,0,0,0,0,0,0,0,436,735268,0,0,174.0731707,NA,0.817073171,NA,1943.873745,928.5823755,1460,30.24718876,341,-1.97112535,4.136683531,4.082167782,#NAME?,0.412131208,1848,4,17
15,2020,3533,8719293,25.12457497,30.36977448,40.51934027,PA,45,132938,33.85036634,0.835412574,10,11168,2,10110,2,11081,1,11169,4,11201,2,10722,0,11221,8,11142,4,11450,6,11639,2,10797,4,11238,7,3,21,0.240845215,31.47693179,North,0,0,0,0,0,0,0,0,0,0,0,0,0,0,0,177,730890,0,0,163.1111111,NA,0.733333333,NA,2023.843284,882.4175824,NA,32.91062945,120,1.10715731,3.701779398,3.521949822,#NAME?,0.541725204,833,7,21
15,2021,5384,8803671,25.41611794,30.67996407,61.15630627,PA,98,126673,77.36455282,1.265029848,22,10050,8,9153,4,10861,7,10801,6,10928,9,10545,8,10867,4,10875,12,11175,8,10826,8,10435,2,10157,13,9,6,0.068153387,31.12890045,North,1,0,0,0,1,0,0,0,0,0,0,0,0,0,0,354,723935,0,0,141.1836735,90,0.693877551,0,1987.14808,913.4455959,NA,33.15543629,255,0.44893638,4.113432985,4.348528702,-0.236438777,0.824930748,1533,3,23
15,2022,6092,8844764,25.5867575,30.71183075,68.87690842,PA,94,122220,76.91048928,1.116636781,16,10856,6,9685,10,10371,5,10377,2,10694,8,10203,8,10154,8,10129,7,9086,12,9658,8,10271,4,10736,6,10,7,0.079142869,28.6641497,North,0,0,0,0,0,0,0,0,0,0,0,0,0,0,0,499,718509,0,0,156.2765957,NA,0.765957447,NA,1955.454545,906.4967105,NA,30.90823236,386,-2.04768105,4.232320976,4.342642269,#NAME?,0.792788383,2054,1,19
15,2023,5843,8927239,25.45118429,31.03745772,65.45136744,PA,95,134755.5484,70.49802484,1.077105454,17,11110.30657,4,9975.002223,7,11384.30657,8,11331.08918,4,11690.35005,3,11178.52396,8,11389.95875,8,11460.69788,6,11657.39353,9,11606.74135,12,11045.6544,9,10925.52396,10,7,5,0.056008358,29.04706486,North,0,0,0,0,0,0,0,0,0,0,0,0,0,0,0,447,718752,0,0,167.7473684,NA,0.778947368,NA,2063.590705,934.0681818,NA,30.97155441,299,-1.99039286,4.181307385,4.255584693,#NAME?,0.799012934,1909,1,19
15,2024,21153,9007970,25.56394834,31.36332126,234.8253824,PA,213,134383.8715,158.5011635,0.674974579,53,11079.3335,16,9944.02915,10,11353.3335,8,11300.11611,17,11659.37698,13,11147.55089,17,11358.98567,20,11429.7248,19,11626.42045,19,11575.76828,11,11014.68132,10,10894.55089,28,25,39,0.432949932,30.96979152,North,0,0,0,0,0,0,0,0,0,0,0,0,0,0,0,1325,716995,0,0,141.3568075,NA,0.676056338,NA,2127.412166,958.2817869,1460,32.37305288,782,-0.39352974,5.458842184,5.065761935,#NAME?,0.838351088,6048,5,17
16,2000,0,495144,23.69651286,22.17842082,0,AP,0,14238,0,NA,0,1236,0,1148,0,1200,0,1157,0,1135,0,1089,0,1077,0,1216,0,1304,0,1325,0,1151,0,1200,0,0,0,0,NA,North,0,0,0,0,0,0,0,0,0,0,0,0,0,0,0,0,66182,0,0,NA,NA,NA,NA,NA,NA,NA,NA,0,NA,#NAME?,#NAME?,#NAME?,0,NA,NA,NA
16,2001,2882,515637,23.72879962,22.363145,558.9203257,AP,31,14609,212.1979602,0.379656903,8,1197,3,1102,7,1175,2,1172,1,1165,1,1159,4,1198,3,1189,0,1301,2,1366,0,1275,0,1310,3,5,10,1.939348805,33.06557946,North,0,0,0,0,0,0,0,0,0,0,0,0,0,0,0,108,68730,0,0,96.19354839,NA,0.64516129,NA,2199.798658,1050.487805,NA,34.03614889,57,10.70243446,6.326006933,5.357519613,#NAME?,0.90485133,589,1,26
16,2002,737,535863,23.96058662,22.58182968,137.5351536,AP,9,14196,63.39814032,0.460959534,1,1281,1,1029,1,1155,0,1098,1,1177,0,1119,3,1183,1,1185,0,1283,0,1314,0,1235,1,1137,0,1,0,0,30.6119403,North,0,0,0,0,0,0,0,0,0,0,0,0,0,0,0,38,71217,0,0,145.5555556,NA,0.777777778,NA,1983.166667,995.4545455,NA,32.14020029,29,8.03011062,4.923879547,4.149434529,#NAME?,0.865339578,189,NA,23
16,2003,3791,556160,23.85923714,22.81640715,681.6383774,AP,26,14764,176.1040368,0.258354052,9,1280,2,1082,4,1250,2,1246,2,1203,0,1185,0,1298,1,1274,1,1228,3,1263,2,1242,0,1213,5,4,12,2.157652474,32.09654445,North,0,0,0,0,0,0,0,0,0,0,0,0,0,0,0,168,73541,0,0,104.1538462,NA,0.576923077,NA,2302.695853,1013.061224,NA,32.85768398,69,9.2801373,6.524499279,5.171074939,#NAME?,0.960819009,855,1,21
16,2004,2675,576158,23.79779464,23.07911372,464.282367,AP,24,13971,171.7844106,0.36999986,11,1158,2,1032,2,1099,1,1119,1,1108,1,1090,2,1163,1,1268,3,1301,0,1235,0,1206,0,1192,5,6,11,1.909198518,32.26654206,North,0,0,0,0,0,0,0,0,0,0,0,0,0,0,0,89,75565,0,0,83.33333333,NA,0.458333333,NA,2251.864407,1006.896552,1460,33.02721349,42,9.18742834,6.140492917,5.146240264,#NAME?,0.994810971,509,2,25
16,2005,2415,595465,23.84141962,23.37755871,405.5653985,AP,19,14205,133.7557198,0.32980062,4,1116,1,1026,3,1217,3,1227,2,1186,3,1088,2,1192,0,1272,0,1278,1,1202,0,1226,0,1175,1,3,11,1.847295811,32.67908903,North,0,0,0,0,0,0,0,0,0,0,0,0,0,0,0,88,77192,0,0,97.78947368,NA,0.736842105,NA,2282.043478,1108.518519,NA,33.42299533,39,9.30153032,6.005282139,4.89601515,#NAME?,0.952062868,433,1,29
16,2006,1726,615033,24.01060215,23.68318611,280.635348,AP,16,14714,108.7399755,0.38747783,0,1220,1,1068,1,1194,1,1176,3,1237,0,1123,1,1290,3,1342,3,1323,1,1279,0,1214,2,1248,0,0,14,2.276300621,31.48319815,North,1,0,0,0,0,1,0,0,0,0,0,0,0,0,0,85,79132,0,0,187.5,120,0.9375,0,2271.810345,1000.806452,547.5,32.46107784,40,7.80001204,5.637056133,4.688959487,1.916370764,0.958448753,404,6,28
16,2007,3550,634491,24.07646447,23.99753976,559.5036021,AP,49,14425,339.6880416,0.607123958,16,1293,3,1082,2,1215,1,1125,3,1155,2,1143,5,1178,6,1155,4,1282,2,1275,1,1235,4,1287,11,5,85,13.39656512,32.17352113,North,1,1,0,0,0,0,0,0,0,0,0,0,0,0,1,201,80454,15,1,130.9591837,15,0.612244898,0,2105.473684,977.6785714,NA,33.66193434,120,8.17598137,6.327049966,5.828027672,1.936207374,0.970790851,803,17,25
16,2008,1186,654158,24.23164515,24.3184674,181.301765,AP,26,15105,172.1284343,0.949402971,4,1121,0,1080,2,1182,2,1265,2,1291,4,1206,2,1224,1,1364,2,1373,5,1332,1,1355,1,1312,3,1,25,3.821706682,28.27318718,North,2,0,0,0,0,0,0,1,0,0,1,0,0,0,0,101,81549,7,0,161.9615385,225,0.846153846,1,1872.235294,867.5362319,NA,31.11131899,91,3.95471978,5.200162853,5.148240909,2.583291552,0.878838174,377,2,31
16,2009,1605,674289,24.45502868,24.63237425,238.0285011,AP,19,14298,132.8857183,0.558276499,2,1311,3,1227,1,1210,1,1182,0,1217,2,897,2,993,1,1129,1,1341,2,1306,2,1212,2,1273,1,1,11,1.631347983,28.57009346,North,0,0,0,0,0,0,0,0,0,0,0,0,0,0,0,153,82124,7,0,167.1052632,NA,0.736842105,NA,2085,818.4848485,NA,30.6267653,99,3.93771921,5.472390419,4.889489498,#NAME?,0.760097919,555,2,8
16,2010,3224,695261,24.47647921,25.05001431,463.7107504,AP,66,15008,439.7654584,0.948361577,9,1328,5,1113,6,1285,1,1286,3,1153,4,1200,5,1322,5,1273,9,1313,5,1334,13,1213,1,1188,7,2,11,1.582139657,28.67090571,North,0,0,0,0,0,0,0,0,0,0,0,0,0,0,0,283,81886,13,0,172,NA,0.787878788,NA,1984.836601,929.0909091,NA,31.2971682,227,3.6208914,6.139260975,6.086241536,#NAME?,0.724877451,1087,1,27
16,2011,2562,712572,24.52937674,25.38046822,359.5426146,AP,48,15114,317.5863438,0.883306542,4,1232,1,1128,5,1272,1,1271,3,1266,7,1200,6,1297,3,1260,5,1267,6,1375,5,1325,2,1221,3,1,43,6.034477919,28.67915691,North,1,0,0,0,0,1,0,0,0,0,0,0,0,0,0,201,80762,8,0,178.4375,120,0.895833333,0,1894.371345,856.8439716,NA,31.23287671,178,3.29868869,5.884832709,5.76074973,1.889548719,0.986780715,852,7,30
16,2012,1570,729230,24.55260154,25.72802957,215.2955858,AP,25,14895,167.8415576,0.779586618,5,1309,1,1171,2,1207,1,1149,3,1230,2,1104,0,1235,3,1214,4,1281,1,1395,0,1364,3,1236,2,3,24,3.291142712,32.13248408,North,0,0,0,0,0,0,0,0,0,0,0,0,0,0,0,85,79904,3,0,153.44,NA,0.76,NA,2024.817518,926.5384615,1460,33.91430499,63,6.40445451,5.372011902,5.123020425,#NAME?,0.880379747,434,5,33
16,2013,1764,746095,24.62921706,26.06760265,236.4310175,AP,38,15710,241.8841502,1.023064371,6,1323,0,1153,5,1231,2,1230,2,1244,2,1268,4,1271,1,1356,3,1429,7,1484,2,1362,4,1359,2,4,9,1.206280702,30.44614512,North,1,0,0,1,0,0,0,0,0,0,0,0,0,0,0,132,79228,6,0,173.6842105,60,0.842105263,0,1987.606635,910.1898734,NA,32.89587184,103,4.37854247,5.465656485,5.488458893,1.850872734,0.914988814,535,2,31
16,2014,2173,763509,24.64671174,26.38939816,284.6069922,AP,39,16271,239.6902465,0.842179753,2,1322,5,1172,2,1365,3,1386,2,1320,3,1258,4,1286,4,1351,3,1474,2,1444,3,1463,6,1430,0,2,14,1.833639158,29.48918546,North,0,0,0,0,0,0,0,0,0,0,0,0,0,0,0,128,79369,0,0,178.8717949,NA,0.820512821,NA,1993.726415,1003.75,NA,31.36448598,101,3.0997873,5.651109254,5.47934745,#NAME?,0.421317475,708,5,15
16,2015,3361,780853,24.91654493,26.70921415,430.4267256,AP,44,15750,279.3650794,0.649042131,8,1369,5,1205,1,1286,4,1268,1,1284,1,1279,4,1289,2,1301,2,1391,3,1409,5,1299,8,1370,6,2,49,6.2751888,30.52960428,North,0,0,0,0,0,0,0,0,0,0,0,0,0,0,0,203,80104,0,0,170.4772727,NA,0.704545455,NA,2056.634615,934.266055,1277.5,32.15261171,139,3.82039013,6.064777102,5.632519455,#NAME?,0.931065089,1020,17,15
16,2016,1802,797963,24.93904246,27.04215358,225.8250069,AP,21,15521,135.3005605,0.599138963,3,1306,1,1222,0,1319,0,1221,3,1217,2,1308,2,1344,2,1322,1,1382,5,1321,2,1291,0,1268,0,3,21,2.631700969,31.08990011,North,0,0,0,0,0,0,0,0,0,0,0,0,0,0,0,97,80368,0,0,177.2857143,NA,0.80952381,NA,1912.78481,879.5901639,365,32.79365079,80,4.04774653,5.419760394,4.907498678,#NAME?,0.993912562,444,9,30
16,2017,904,814756,25.3443528,27.37987201,110.9534634,AP,18,15399,116.8907072,1.053511118,3,1245,0,1043,1,1280,1,1197,1,1353,0,1231,5,1319,3,1286,0,1398,2,1347,2,1384,0,1316,2,1,14,1.718305849,30.40044248,North,1,0,0,0,0,0,0,0,1,0,0,0,0,0,0,50,80169,0,0,165.3888889,210,0.833333333,1,1942.611111,985.5,NA,32.55238095,46,3.02057047,4.709110865,4.761239372,1.870867614,0.99010989,253,3,27
16,2018,752,831307,25.36039841,27.72764574,90.45996244,AP,12,15864,75.6429652,0.83620381,2,1307,0,1191,2,1233,2,1274,0,1252,1,1204,0,1308,1,1392,1,1514,1,1397,2,1363,0,1429,2,0,4,0.481170013,33.10106383,North,1,0,0,0,0,0,0,0,0,1,0,0,0,0,0,52,80117,0,0,149,240,0.833333333,1,2146.2,1047.391304,NA,35.04384724,33,5.37341809,4.504907349,4.326024445,1.841117795,0.986754967,205,2,18
16,2019,187,847675,25.61660697,28.08152063,22.06034152,AP,9,15356,58.60901276,2.656759085,2,1284,0,1184,0,1260,0,1218,0,1251,2,1178,1,1333,1,1324,0,1429,1,1371,0,1255,2,1269,2,0,1,0.117969741,29.27807487,North,0,0,0,0,0,0,0,0,0,0,0,0,0,0,0,15,80265,0,0,181.2222222,NA,0.777777778,NA,1785.892857,926.5384615,NA,33.85625,18,1.19655424,3.093781495,4.070888486,#NAME?,0.978835979,68,1,11
16,2020,63,863780,25.76972515,28.42822015,7.293523814,AP,5,14633,34.16934327,4.684888147,0,1254,0,1216,0,1212,0,1167,0,1219,1,1194,0,1201,1,1196,2,1275,1,1347,0,1124,0,1228,0,0,0,0,27.79365079,North,0,0,0,0,0,0,0,0,0,0,0,0,0,0,0,5,80576,0,0,222,NA,1,NA,1265.333333,693.5,NA,36.74468085,11,-0.63456936,1.986986806,3.531328846,#NAME?,0.609375,26,NA,18
16,2021,421,879593,26.23779083,28.77426037,47.86304575,AP,24,13542,177.2264067,3.702781634,4,1097,3,1039,0,1232,0,1151,1,1170,2,1081,2,1155,2,1192,1,1158,1,1140,3,1140,5,987,3,1,0,0,29.74346793,North,0,0,0,0,0,0,0,0,0,0,0,0,0,0,0,26,80978,0,0,183.2083333,NA,0.708333333,NA,1500.555556,841.0869565,NA,35.90144928,52,0.96920756,3.868343719,5.177428049,#NAME?,0.943661972,145,NA,19
16,2022,292,891662,26.34971212,28.87452869,32.74783494,AP,6,12705,47.22550177,1.442095389,1,1147,0,1062,0,1153,0,1076,0,1189,1,1047,1,1077,0,1079,1,957,0,1011,1,954,1,953,1,0,0,0,30.92123288,North,0,0,0,0,0,0,0,0,0,0,0,0,0,0,0,23,81691,0,0,201.5,NA,0.833333333,NA,1853.815789,876,NA,33.60674157,19,2.04670419,3.488836851,3.854934038,#NAME?,0.979522184,85,NA,26
16,2023,1222,907005,26.1208985,29.22185545,134.729136,AP,16,15014.94763,106.5604782,0.790923785,3,1267.691288,1,1138.952157,0,1245.778244,0,1220.952157,0,1236.64781,1,1177.039114,1,1245.821723,4,1276.560853,0,1334.908679,2,1334.473897,1,1274.299984,3,1261.821723,2,1,0,0,29.78396072,North,0,0,0,0,0,0,0,0,0,0,0,0,0,0,0,99,81945,0,0,191.25,NA,0.75,NA,2086.743421,1005.471698,NA,31.76470588,67,0.56210527,4.903266363,4.668712695,#NAME?,0.866666667,383,NA,30
16,2024,10623,922152,26.23378818,29.57369501,1151.979283,AP,110,15031.83992,731.7800122,0.635237129,29,1269.098979,14,1140.359848,9,1247.185935,9,1222.359848,3,1238.055501,8,1178.446805,10,1247.229414,5,1277.968544,5,1336.31637,5,1335.881588,9,1275.707675,4,1263.229414,20,9,24,2.602607813,32.90934764,North,0,0,0,0,0,0,0,0,0,0,0,0,0,0,0,648,81499,0,0,118.5363636,NA,0.609090909,NA,2162.430851,965,NA,34.34348512,367,3.33565263,7.049236858,6.595479939,#NAME?,0.925472227,2841,2,25
17,2000,1192,1189968,22.80117049,25.18581424,100.1707609,TO,3,26205,11.44819691,0.114286812,0,2116,1,2045,0,2419,0,2416,0,2411,0,2265,1,2275,1,2338,0,2352,0,2188,0,1793,0,1587,0,0,4,0.336143493,31.2307047,North,0,0,0,0,0,0,0,0,0,0,0,0,0,0,0,39,142583,0,0,140,NA,0.666666667,NA,2051.551724,883.6842105,NA,31.91666667,25,6.04489046,4.606876339,2.437832242,#NAME?,0.954363491,236,NA,34
17,2001,4678,1213284,22.79700903,25.46904682,385.5651274,TO,35,27050,129.3900185,0.335585377,7,1973,1,1877,2,2361,6,2315,2,2370,6,2424,2,2362,3,2256,1,2342,1,2304,2,2251,2,2215,3,4,18,1.483576805,31.77084224,North,0,0,0,0,0,0,0,0,0,0,0,0,0,0,0,184,143516,0,0,134.1428571,NA,0.771428571,NA,1963.075658,961.1666667,1460,33.01894784,157,6.30179542,5.954710121,4.862831242,#NAME?,0.970368835,1071,5,25
17,2002,1997,1236187,22.89680421,25.77158876,161.5451384,TO,12,26274,45.67252797,0.282723011,1,2172,0,1924,0,2342,1,2338,1,2439,0,2184,1,2248,2,2235,4,2150,0,2137,1,2106,1,1999,0,1,10,0.808939101,31.06409614,North,0,0,0,0,0,0,0,0,0,0,0,0,0,0,0,103,144606,0,0,202.5,NA,0.916666667,NA,2056.012658,955.6363636,1095,32.32269874,73,5.29250738,5.084784598,3.821496979,#NAME?,0.965234186,515,3,33
17,2003,1861,1259250,23.00388088,26.07622474,147.7863808,TO,12,26053,46.05995471,0.31166576,0,2014,0,1978,1,2256,1,2259,0,2543,0,2313,4,2254,2,2147,1,2280,0,2072,1,1936,2,2001,0,0,21,1.667659321,29.79527136,North,0,0,0,0,0,0,0,0,0,0,0,0,0,0,0,98,145587,0,0,207.5,NA,1,NA,2182.007299,870.3846154,NA,30.73985548,50,3.71904662,4.995767858,3.829943911,#NAME?,0.985744456,505,3,20
17,2004,1447,1281882,23.17579419,26.39239337,112.8809048,TO,3,25673,11.68542827,0.103519973,1,1998,0,1963,0,2333,0,2323,1,2328,0,2198,0,2138,0,2230,1,2150,0,2035,0,2112,0,1865,1,0,11,0.858113305,30.69937802,North,0,0,0,0,0,0,0,0,0,0,0,0,0,0,0,99,146041,0,0,121,NA,0.666666667,NA,2233.110236,977.6785714,NA,31.61928571,44,4.30698465,4.726333323,2.458342619,#NAME?,0.95709571,395,4,18
17,2005,3196,1304489,23.26172023,26.71174996,245.0001495,TO,13,26368,49.30218447,0.201233283,0,2024,0,1905,2,2332,1,2371,1,2510,1,2375,3,2248,0,2271,1,2292,0,2170,1,1964,3,1906,0,0,15,1.149875545,30.22246558,North,0,0,0,0,0,0,0,0,0,0,0,0,0,0,0,156,145748,0,0,196.1538462,NA,1,NA,2141.762115,976.7605634,1460,31.15367195,92,3.51071562,5.501258821,3.89796839,#NAME?,0.953190221,778,5,25
17,2006,5659,1327492,23.447787,27.02535157,426.2925878,TO,22,26028,84.52435838,0.198277804,2,1857,2,1776,1,2250,2,2311,3,2565,2,2281,4,2285,0,2128,2,2174,0,2177,1,2100,3,2124,1,1,11,0.828630229,30.78812511,North,0,0,0,0,0,0,0,0,0,0,0,0,0,0,0,286,144196,0,0,158.4545455,NA,0.818181818,NA,2212.51928,1063.106796,NA,31.64116576,147,3.76277354,6.055125936,4.437039758,#NAME?,0.96346644,1402,3,20
17,2007,12408,1349432,23.61480948,27.36444593,919.4979814,TO,100,25011,399.8240774,0.434828662,17,2062,3,1894,13,2314,9,2265,7,2302,7,2168,9,2094,11,2202,6,2024,7,2042,6,1793,5,1851,12,5,27,2.000841836,29.36250806,North,1,0,0,0,0,1,0,0,0,0,0,0,0,0,0,741,142020,38,0,144.65,120,0.8,0,2081.02518,990.7142857,NA,30.68197581,485,1.99806213,6.823827849,5.991024644,1.385854458,0.956596678,3468,7,23
17,2008,9692,1370877,23.70061836,27.72638683,706.992677,TO,106,25713,412.2428344,0.5830935,13,2020,4,1943,6,2215,3,2260,11,2252,4,2172,15,2166,9,2258,8,2278,11,2156,11,1949,11,2044,11,2,98,7.148708455,28.6613702,North,7,0,0,1,0,1,0,2,0,1,0,0,2,0,0,802,140073,26,0,181.1415094,205.7142857,0.839622642,0.714285714,2049.475,968.4422111,1176.111111,30.57513298,562,0.93498337,6.561020308,6.02161258,3.304083634,0.928363425,3065,64,20
17,2009,3867,1392262,23.97013368,28.09834356,277.7494466,TO,54,24911,216.7717073,0.780457747,3,2019,2,1859,0,2272,5,2304,8,2313,5,2120,4,1972,2,1888,7,2122,7,2004,6,2012,5,2026,2,1,19,1.36468567,28.51331782,North,4,0,0,0,0,0,1,0,0,0,2,0,1,0,0,265,138123,7,0,192.8333333,255,0.907407407,1,1987.606635,1034.55414,730,30.39844617,209,0.41497426,5.626719436,5.37884476,2.776155074,0.940887908,1182,14,27
17,2010,8981,1417771,24.16983368,28.69107141,633.4591411,TO,73,24471,298.312288,0.470925856,14,1959,4,1786,6,2241,6,2251,7,2129,6,1999,6,2114,6,2120,11,2168,3,2082,1,1854,3,1768,9,5,51,3.59719588,28.97249749,North,2,0,0,1,1,0,0,0,0,0,0,0,0,0,0,645,136769,38,0,137.4383562,75,0.753424658,0,2132.491961,888.4201389,1277.5,30.40871199,390,0.28142608,6.451195501,5.698140884,2.100828624,0.927736451,2722,29,25
17,2011,10488,1436502,24.38562013,29.00649494,730.1068846,TO,125,25035,499.3009786,0.683873812,11,1947,5,1831,12,2180,7,2289,10,2489,13,2183,14,1960,15,2139,7,2032,13,1905,9,2087,9,1993,6,5,53,3.68951801,28.27889016,North,3,0,0,0,0,0,0,2,0,0,0,0,1,0,0,750,136807,5,0,170.64,230,0.872,1,1979.181034,961.4634146,1387,30.08871873,568,-0.72760478,6.593190941,6.213209078,2.483507629,0.950018968,3255,18,23
17,2012,11696,1454971,24.56896905,29.32178854,803.8648193,TO,92,24395,377.1264603,0.469141641,9,1903,3,1796,2,2126,7,2200,6,2109,8,2053,12,2053,6,2101,11,2007,6,2121,6,2011,16,1915,5,4,39,2.680465796,29.96870725,North,2,0,0,0,0,0,1,1,0,0,0,0,0,0,0,593,136184,0,0,191.6630435,165,0.869565217,1,2058.942953,960.3986711,821.25,31.16517937,398,0.64691871,6.68943112,5.93258057,2.103939173,0.929411765,3132,11,24
17,2013,8722,1472819,24.7336125,29.64914765,592.1976835,TO,91,24119,377.2959078,0.637111421,15,1868,5,1782,4,2064,7,2221,4,2206,11,2130,9,2009,7,2053,3,2126,11,1996,7,1826,8,1838,11,4,28,1.901116159,30.44978216,North,0,0,0,0,0,0,0,0,0,0,0,0,0,0,0,487,134717,1,0,163.0549451,NA,0.78021978,NA,2136.585366,947.2619048,1095,31.70495927,283,0.80063451,6.383840504,5.933029781,#NAME?,0.910191956,2335,7,20
17,2014,3612,1490886,24.83719532,29.9753737,242.2720449,TO,30,24944,120.2694035,0.496422951,2,1891,1,1841,0,2075,1,2208,4,2174,4,2060,0,2188,4,2165,0,2196,4,2116,5,2009,5,2021,2,0,36,2.414671544,30.08111849,North,0,0,0,0,0,0,0,0,0,0,0,0,0,0,0,212,133441,0,0,209.5,NA,0.9,NA,2030.3125,963.1944444,1460,31.54550758,154,0.10574479,5.490061247,4.789734255,#NAME?,0.891400221,1002,15,19
17,2015,7885,1509410,25.04265233,30.29802108,522.3895429,TO,87,25110,346.4755078,0.663251232,17,2000,3,1834,4,2215,3,2197,4,2250,7,2106,8,2092,14,2113,5,2255,6,2071,7,1967,9,2010,11,6,30,1.987531552,30.05237793,North,1,0,0,0,0,0,0,0,0,0,1,0,0,0,0,415,131497,0,0,167.5977011,270,0.770114943,1,2092.588424,1006.835749,1277.5,31.32139541,259,-0.24564315,6.25841356,5.847812131,1.381904013,0.872708886,2094,10,19
17,2016,7850,1526845,25.22144952,30.64595358,514.1320828,TO,66,23870,276.4976959,0.537795063,6,1888,5,1913,4,2124,3,2164,3,2189,4,2072,3,2007,9,2001,7,1964,5,1975,11,1809,6,1764,4,2,16,1.047912526,30.72649682,North,0,0,0,0,0,0,0,0,0,0,0,0,0,0,0,375,129164,0,0,188.2878788,NA,0.833333333,NA,2064.711033,893.877551,NA,31.90857219,248,0.08054324,6.242480203,5.622202488,#NAME?,0.808920426,2059,3,18
17,2017,4846,1544255,25.46192099,30.99174553,313.8082765,TO,50,24935,200.5213555,0.638993202,6,1777,5,1836,5,2212,8,2235,3,2229,5,2144,6,2113,1,2150,3,2101,2,2165,4,1975,2,1998,2,4,105,6.799395178,30.95583987,North,1,0,0,0,0,0,0,0,0,0,0,1,0,0,0,259,127741,0,0,135.82,300,0.78,1,2047.538265,949.5488722,730,32.3487013,176,-0.03590566,5.748782215,5.300920752,1.388897747,0.778323108,1302,22,21
17,2018,2841,1562595,25.74909733,31.31323984,181.8129458,TO,44,25480,172.6844584,0.949791874,2,1977,2,1793,5,2232,4,2380,2,2368,2,2090,6,2095,4,2167,7,2099,5,2238,3,2052,2,1989,1,1,108,6.911579776,30.19922562,North,3,0,0,0,0,0,1,0,0,1,1,0,0,0,0,160,126403,0,0,177.0454545,220,0.909090909,1,1987.710843,898.1460674,1095,31.87947761,117,-1.11401422,5.202978388,5.151465989,2.465888644,0.812521861,819,30,18
17,2019,13652,1580507,25.91112111,31.62847175,863.77346,TO,185,24449,756.6771647,0.876013445,23,2040,12,1852,6,2144,8,2220,7,2185,13,2041,22,2046,17,2101,26,2042,20,1961,7,1904,24,1913,17,6,443,28.02898057,28.79922356,North,12,1,1,0,0,0,1,3,0,2,2,1,1,1,0,1086,125475,0,0,182.0432432,198.5,0.810810811,0.833333333,2057.089963,946.4689781,949,30.65890196,717,-2.82924819,6.761310535,6.628936696,3.89348752,0.919360724,4460,156,21
17,2020,1900,1597861,26.04483965,31.93278389,118.9089664,TO,25,23729,105.3563151,0.886024984,6,1842,0,1778,0,2029,1,2215,1,2149,0,2089,6,2041,3,2001,1,1906,1,1926,3,1829,3,1924,6,0,52,3.25435066,30.38157895,North,0,0,0,0,0,0,0,0,0,0,0,0,0,0,0,114,125619,0,0,174.08,NA,0.76,NA,2146.804734,876,456.25,31.76214128,63,-1.55120494,4.778358212,4.657348082,#NAME?,0.903242678,494,15,18
17,2021,9912,1614575,26.24526348,32.22163541,613.9076847,TO,159,23259,683.6063459,1.113532805,8,1805,13,1717,15,2037,10,2067,11,2164,17,1934,18,1923,11,1886,18,1997,6,1931,24,1912,8,1886,5,3,14,0.86710125,26.26876513,North,0,0,0,0,0,0,0,0,0,0,0,0,0,0,0,1109,124661,0,0,172.9245283,NA,0.867924528,NA,2042.959002,964.0069686,NA,28.67329924,757,-5.95287028,6.419844566,6.527382234,#NAME?,0.952989732,3865,2,19
17,2022,20721,1620336,26.553204,32.13181402,1278.80884,TO,256,22206,1152.841574,0.901496407,20,1825,10,1739,8,1962,11,1899,11,2063,13,1842,24,1808,34,1909,29,1763,33,1686,38,1920,25,1790,12,8,10,0.617155948,26.97799334,North,0,0,0,0,0,0,0,0,0,0,0,0,0,0,0,2265,123886,0,0,204.2226563,NA,0.8828125,NA,2021.626678,1004.045307,NA,29.39944772,1634,-5.15382068,7.15368433,7.049985108,#NAME?,0.970814872,7678,4,20
17,2023,3228,1636604,26.70981535,32.4367379,197.2376946,TO,35,23189.10474,150.9329506,0.7652338,3,1803.570323,3,1702.918149,1,2053.918149,3,2096.222497,2,2140.961627,0,1989.048584,1,1956.352931,3,1972.352931,6,1970.657279,6,1911.439888,4,1812.005105,3,1779.657279,3,0,3,0.183306408,30.19950434,North,0,0,0,0,0,0,0,0,0,0,0,0,0,0,0,265,124744,0,0,192.7714286,NA,0.828571429,NA,1962.401848,927.7083333,NA,32.42034806,205,-2.23723356,5.284409573,5.016835702,#NAME?,0.928197227,972,NA,21
17,2024,4310,1652493,26.88617404,32.74246245,260.8180489,TO,80,23048.8419,347.0890223,1.330770719,10,1791.881752,8,1691.229578,4,2042.229578,2,2084.533926,3,2129.273057,3,1977.360013,7,1944.664361,7,1960.664361,9,1958.968709,13,1899.751318,11,1800.316535,3,1767.968709,5,5,10,0.605146285,30.3675174,North,0,0,0,0,0,0,0,0,0,0,0,0,0,0,0,335,125269,0,0,178.7125,NA,0.775,NA,1980.437262,945.9424084,NA,32.77766574,263,-2.37494505,5.563823034,5.849581295,#NAME?,0.911831369,1419,2,24
21,2000,3591,5835943,22.86200652,24.57018326,61.53247213,MA,14,100811,13.8873734,0.225691784,1,8229,1,7828,0,8459,1,7651,3,8596,1,8698,0,9083,2,9041,1,8822,1,8645,1,8203,2,7556,0,1,2,0.034270383,31.61514898,Northeast,0,0,0,0,0,0,0,0,0,0,0,0,0,0,0,147,724428,0,0,181.6428571,NA,0.857142857,NA,2098.333333,983.4722222,NA,32.51608271,95,7.04496572,4.119565038,2.630980039,#NAME?,0.993086283,912,NA,21
21,2001,6169,5929101,22.81085755,24.86703094,104.0461277,MA,38,108527,35.01432823,0.336526971,0,8984,2,7969,2,9000,2,8896,2,9563,2,9082,4,9283,5,9736,9,9918,4,9371,5,8742,1,7983,0,0,5,0.084329817,31.62360188,Northeast,0,0,0,0,0,0,0,0,0,0,0,0,0,0,0,335,727933,0,0,203.6842105,NA,0.947368421,NA,2077.235772,939.2356688,NA,32.86339814,216,6.75657094,4.644834336,3.555757356,#NAME?,0.98484365,1767,1,19
21,2002,7722,6015236,22.90911494,25.18651371,128.3740156,MA,63,117917,53.42741081,0.416185554,7,9554,4,8292,2,9291,6,9794,8,10711,3,10009,5,10179,8,10311,5,10664,6,9879,3,9915,6,9318,2,5,46,0.764724776,31.61745662,Northeast,2,0,0,0,0,0,0,0,1,0,0,1,0,0,0,400,734632,0,0,168.3174603,255,0.825396825,1,2140.424448,1027.407407,912.5,32.80641682,241,6.43094291,4.854948,3.978323925,0.528336379,0.922382028,2131,18,19
21,2003,5466,6108930,22.9472261,25.47042723,89.47557101,MA,48,127920,37.52345216,0.419370916,8,11083,2,9482,7,10826,5,10550,4,11182,5,10991,5,11318,3,11224,3,10881,2,10589,3,10081,1,9713,2,6,69,1.129494036,30.6276985,Northeast,0,0,0,0,0,0,0,0,0,0,0,0,0,0,0,320,742286,0,0,131.7708333,NA,0.791666667,NA,2077.865979,979.969697,365,32.02708413,212,5.15727127,4.493965638,3.624966128,#NAME?,0.925071561,1670,22,17
21,2004,1353,6204021,22.97114636,25.74765914,21.80843682,MA,14,126518,11.06561912,0.507400838,4,10296,1,9705,0,10340,0,10842,3,11316,2,10669,0,11156,2,11524,1,11335,1,10449,0,9584,0,9302,3,1,17,0.274015836,32.5210643,Northeast,0,0,0,0,0,0,0,0,0,0,0,0,0,0,0,53,747292,0,0,119.0714286,NA,0.642857143,NA,1974.318182,1053.285714,1460,33.95429899,48,6.77340516,3.082296905,2.403842925,#NAME?,0.830591103,335,6,16
21,2005,4007,6297417,22.994784,26.02975395,63.6292626,MA,28,130266,21.49448052,0.337808103,5,10467,3,9135,4,10975,6,11200,0,11827,2,11219,0,11376,1,11776,1,11535,3,11368,0,9982,3,9406,4,1,113,1.794386492,31.34464687,Northeast,2,0,0,1,1,0,0,0,0,0,0,0,0,0,0,233,747492,0,0,124.2857143,75,0.714285714,0,2134.099099,1029.3,949,32.54056162,133,5.31489292,4.153073468,3.067796182,0.428738853,0.609334748,1132,39,17
21,2006,3618,6389837,23.16371238,26.30972355,56.62116264,MA,69,127724,54.02273653,0.95410857,7,10107,4,9158,9,10760,5,10817,3,11543,6,10851,9,10715,5,10786,5,11018,8,10916,2,10423,6,10630,5,2,293,4.585406482,28.07545605,Northeast,12,2,0,1,0,0,1,3,0,2,0,0,3,1,1,342,737195,0,0,159.9855072,186.5,0.84057971,0.75,1901.842105,1043.77193,1121.838235,31.08910891,317,1.7657325,4.036382814,3.989405005,2.24020515,0.720206226,1279,206,23
21,2007,13128,6477344,23.31105124,26.60517474,202.6756646,MA,289,127307,227.0102979,1.120066873,29,11157,11,9411,19,10737,20,10572,28,11198,29,10292,27,10936,27,11201,20,11009,31,10526,20,10163,28,10105,16,13,681,10.51356852,26.66735222,Northeast,52,4,0,4,1,5,7,6,9,5,6,3,2,2,2,1683,718802,88,5,174.1280277,180.4423077,0.861591696,0.730769231,1964.538075,1015.862832,1076.975309,29.94999567,1300,0.06217748,5.31160699,5.424995382,3.709812412,0.822596189,5322,569,6
21,2008,5604,6561632,23.38797525,26.93093593,85.40558203,MA,96,128302,74.82346339,0.876095703,13,10447,3,9269,5,10381,7,10694,7,10950,3,10687,9,10974,14,11272,12,11412,5,11297,8,10175,10,10744,5,8,300,4.572033299,26.20164168,Northeast,14,0,1,0,2,2,0,2,1,2,2,0,2,0,0,695,708288,30,0,176.9270833,192.8571429,0.833333333,0.642857143,2041.453488,991.0237389,1003.75,28.85061581,474,-0.72929425,4.447411462,4.315131517,2.389840656,0.808632345,2214,189,8
21,2009,2160,6638984,23.56533344,27.2942277,32.53509874,MA,27,123635,21.83847616,0.671228212,4,10626,1,9119,0,10507,1,10064,3,10453,2,10016,2,10211,1,10444,2,10844,5,10934,5,10217,1,10200,4,0,59,0.888690197,27.525,Northeast,5,0,1,0,1,1,0,0,0,0,0,2,0,0,0,157,701528,11,0,186.2592593,168,0.814814815,0.4,2002.369478,1039.456522,1355.714286,29.39591633,125,0.2307723,3.482319468,3.083673376,1.397274422,0.74371416,797,34,16
21,2010,5687,6733334,23.74843183,27.88139858,84.46038768,MA,140,119566,117.0901427,1.386332053,12,10191,6,8839,8,9961,8,9689,7,10423,12,10075,9,10287,16,10430,18,11056,19,10446,16,9246,9,8923,7,5,200,2.970296736,24.1637067,Northeast,10,0,1,0,1,0,0,0,0,2,1,3,2,0,0,978,696858,24,0,188.3142857,243,0.871428571,0.8,2162.048327,999.5231608,973.3333333,27.02012353,527,-3.71769188,4.43628264,4.762944088,2.123886759,0.825224293,2676,138,7
21,2011,11918,6779532,23.9304098,28.15447703,175.7938454,MA,207,121109,170.9204105,0.972277557,24,9437,8,8633,7,10012,8,10118,15,11095,27,10474,23,10550,21,10271,19,10611,17,10487,15,9883,23,9538,13,11,186,2.74355221,26.06561504,Northeast,7,0,0,0,0,1,2,1,1,0,0,0,2,0,0,1515,700966,17,0,180.4444444,210,0.845410628,0.857142857,2040.188879,989.1022592,839.5,28.90785882,1086,-2.08886199,5.169311976,5.141198013,1.754389369,0.77444795,4938,113,9
21,2012,5342,6821325,24.0364705,28.44591249,78.31323093,MA,150,116039,129.2668844,1.650639143,17,9758,7,8914,7,9629,7,9229,7,9876,12,9366,7,9944,14,9890,22,10043,18,10139,19,9742,13,9509,7,10,65,0.952894049,27.24747286,Northeast,4,0,0,0,0,0,0,0,2,0,2,0,0,0,0,537,706892,17,0,189.8333333,240,0.84,1,1972.198124,950.6170886,730,30.23652757,423,-1.19843963,4.360716566,4.861879139,1.237538206,0.741654303,2025,35,17
21,2013,3592,6859077,24.18461739,28.7646332,52.36856213,MA,141,115000,122.6086957,2.341265268,9,9385,19,8371,15,9460,7,9634,13,10073,12,9766,12,9849,12,10070,7,10298,16,9870,9,9117,10,9107,5,4,46,0.67064417,25.62193764,Northeast,4,1,0,3,0,0,0,0,0,0,0,0,0,1,0,414,700896,4,0,157.893617,45.5,0.80141844,0,1931.321321,932.7777778,730,29.1883221,334,-3.14269556,3.958306452,4.808997948,1.246532419,0.748830812,1441,21,19
21,2014,2610,6898978,24.2957009,29.07965093,37.83169043,MA,96,117071,82.00152044,2.167535194,15,9174,1,8550,5,9589,2,9723,5,10003,7,9324,7,9835,6,10263,8,10659,11,10347,15,9969,14,9635,10,5,87,1.261056348,26.58659004,Northeast,6,1,0,1,0,0,1,0,1,0,0,0,2,1,0,270,685541,0,0,196.9166667,180.3333333,0.833333333,0.666666667,1864.775641,934.6212121,1049.375,30.43453174,261,-2.49306089,3.633147123,4.406737789,1.634149067,0.714882308,1055,46,18
21,2015,8002,6941317,24.43425709,29.39085176,115.2807169,MA,130,117564,110.5780681,0.959206978,18,9756,17,8606,4,9936,8,9573,6,10148,5,9695,15,10178,7,9977,15,10734,15,10314,11,9583,9,9064,12,6,105,1.512681239,31.15896026,Northeast,6,0,0,0,0,1,0,0,0,2,2,0,1,0,0,619,665960,0,0,163.3076923,245,0.730769231,0.833333333,1999.135417,926.9501466,964.6428571,33.39614763,448,1.7681085,4.74737017,4.70572177,1.629946789,0.68357578,2237,53,28
21,2016,23652,6982101,24.46593902,29.71303237,338.7519029,MA,295,110493,266.9852389,0.788143879,49,9239,25,8564,24,9494,19,9646,20,9950,20,9460,21,9632,24,9557,22,9557,23,9119,21,8158,27,8117,31,18,55,0.787728508,31.46478099,Northeast,0,0,0,0,0,0,0,0,0,0,0,0,0,0,0,1722,646718,0,0,153.9728814,NA,0.749152542,NA,1983.294181,952.492823,1003.75,33.60013621,1332,1.75174862,5.82526799,5.587193372,#NAME?,0.545443096,7112,20,19
21,2017,7132,7023311,24.6779484,30.03031405,101.5475464,MA,86,112985,76.11629862,0.749563148,11,8313,1,7538,8,9192,7,9690,4,10176,6,9581,12,9758,8,9936,8,10006,6,10052,6,9354,9,9389,5,6,57,0.811583027,30.39876612,Northeast,1,0,0,0,0,0,0,1,0,0,0,0,0,0,0,543,626801,0,0,172.4651163,180,0.860465116,1,1973.164196,958.3982036,790.8333333,32.59791162,438,0.36845207,4.620527126,4.332262416,-0.122084881,0.774989544,2307,19,17
21,2018,2129,7066045,24.88804671,30.34102981,30.13000908,MA,44,117156,37.55676192,1.246490229,5,9593,5,8357,0,9662,3,10081,3,10292,4,9649,8,9876,5,9841,3,10246,3,10335,4,9543,1,9681,4,1,45,0.636848477,29.97416628,Northeast,2,1,0,0,0,0,0,0,0,0,0,0,1,1,0,152,605783,0,0,158.6590909,171,0.772727273,0.5,1936.877395,914.1743119,851.6666667,32.5048693,134,-0.36686353,3.405521655,3.62585344,0.534810987,0.770659239,660,18,18
21,2019,5626,7107034,25.07711111,30.6460864,79.16101147,MA,115,113317,101.485214,1.282010072,19,9484,10,8476,5,9733,10,9399,2,9839,4,9385,10,9558,7,9475,15,9987,11,9818,13,9102,9,9061,11,8,185,2.603054945,25.9210807,Northeast,5,1,0,0,0,0,1,1,0,1,0,0,1,0,1,668,593482,0,0,167.8434783,185.2,0.747826087,0.8,2076.329626,1008.582555,912.5,28.42882457,432,-4.7250057,4.371483898,4.619913113,1.484418898,0.745288004,2381,123,11
21,2020,2549,7145780,25.23261909,30.93902177,35.67140326,MA,64,106079,60.33239378,1.69133783,10,8834,6,7921,4,8967,4,8843,5,9233,3,8913,7,9062,4,9116,5,9324,8,8985,3,8473,5,8408,6,4,51,0.713707951,28.93958415,Northeast,4,0,0,0,0,1,1,0,0,0,0,2,0,0,0,210,587909,0,0,155.9375,217.5,0.75,0.75,1976.716867,921.4754098,1003.75,31.49076064,158,-1.99943762,3.574349339,4.09986917,1.327280448,0.758446602,851,29,17
21,2021,1422,7181491,25.47831558,31.21195431,19.80090207,MA,59,104398,56.51449261,2.854137272,11,7925,6,7532,9,9012,3,9408,1,9854,4,9252,2,8560,7,8565,2,9027,2,8825,10,8233,2,8205,7,4,4,0.05569874,24.84317862,Northeast,0,0,0,0,0,0,0,0,0,0,0,0,0,0,0,173,579928,0,0,141.6949153,NA,0.711864407,NA,1861.5,951.1313869,NA,29.13389121,168,-6.36877569,2.985727496,4.034497112,#NAME?,0.860724234,631,3,10
21,2022,7104,7167473,25.78573004,31.0832031,99.11442987,MA,127,95521,132.955057,1.341429872,21,8364,10,7308,6,8240,6,8385,7,8464,14,7913,11,8030,10,7974,10,6892,12,7444,8,8062,12,8445,11,10,28,0.390653721,27.11993243,Northeast,0,0,0,0,0,0,0,0,0,0,0,0,0,0,0,782,576790,0,0,161.5748031,NA,0.755905512,NA,2046.102881,988.7875289,1095,29.69544253,548,-3.96327067,4.59627504,4.890011154,#NAME?,0.801139522,2808,13,11
21,2023,4966,7203288,25.70477356,31.38141402,68.94073928,MA,90,108120.5741,83.24040151,1.207419624,9,8863.710886,10,7845.189147,7,9027.189147,8,9041.754364,2,9575.10219,6,9079.536973,9,9296.189147,4,9397.493495,13,9536.536973,5,9287.710886,5,8670.10219,12,8500.058712,5,4,19,0.263768435,29.77345952,Northeast,0,0,0,0,0,0,0,0,0,0,0,0,0,0,0,486,579848,0,0,167.7,NA,0.788888889,NA,2083.790984,994.1056911,1460,32.27242744,328,-1.6079545,4.233247285,4.421732825,#NAME?,0.871051579,1715,9,8
21,2024,11273,7237972,25.83872335,31.68154256,155.7480466,MA,157,107456.8557,146.1051498,0.938086564,37,8808.401021,10,7789.879282,5,8971.879282,9,8986.444499,6,9519.792325,13,9024.227108,12,9240.879282,14,9342.18363,10,9481.227108,12,9232.401021,13,8614.792325,16,8444.748847,23,14,36,0.49737689,30.03246696,Northeast,3,0,1,0,0,0,1,0,0,0,0,1,0,0,0,879,580462,0,0,155.433121,160,0.700636943,0.666666667,1992.280827,950.8110687,365,32.26959609,693,-1.6490756,5.048239616,4.984326567,1.02669305,0.713548048,3608,14,27
22,2000,6610,2923530,23.5225087,26.46991137,226.096534,PI,24,58615,40.94515056,0.181095879,2,4780,0,4611,1,4985,0,5126,3,5159,3,4754,1,4925,3,4956,4,5105,3,5065,3,4658,1,4491,1,1,1,0.034205225,32.52344932,Northeast,0,0,0,0,0,0,0,0,0,0,0,0,0,0,0,197,322928,0,0,196.4583333,NA,0.916666667,NA,2000.296053,893.7383178,NA,33.27151496,137,6.05353795,5.42096205,3.71223338,#NAME?,0.978534419,1297,1,20
22,2001,9371,2961157,23.45861109,26.74047914,316.4641388,PI,33,58588,56.32552741,0.177983918,2,4825,1,4246,1,5088,1,4965,7,5199,2,5157,3,4957,3,5017,4,5048,2,4853,4,4751,3,4482,1,1,10,0.337705836,32.08280867,Northeast,0,0,0,0,0,0,0,0,0,0,0,0,0,0,0,368,320834,0,0,188.1818182,NA,0.909090909,NA,1977.083333,916.0096154,NA,33.08165968,276,5.34232953,5.75720993,4.03114785,#NAME?,0.910610183,2190,2,21
22,2002,8303,2995269,23.52069205,27.0522721,277.2038171,PI,23,56332,40.82936874,0.147290067,5,4977,4,4311,2,4494,2,4869,0,5229,1,4625,2,4757,4,4801,0,4817,0,4722,0,4444,3,4286,1,4,9,0.300473847,31.93195231,Northeast,0,0,0,0,0,0,0,0,0,0,0,0,0,0,0,315,320426,0,0,123.6086957,NA,0.608695652,NA,2115.269397,1006.812081,NA,32.74455176,204,4.87968021,5.624753037,3.709401645,#NAME?,0.943359818,1892,3,22
22,2003,9301,3024936,23.60003636,27.4023986,307.4775797,PI,65,55105,117.9566283,0.383626762,21,4793,4,4238,9,4848,7,4919,4,4946,2,4772,6,4774,0,4473,2,4482,3,4387,5,4253,2,4220,13,8,47,1.553751881,33.04042576,Northeast,0,0,0,0,0,0,0,0,0,0,0,0,0,0,0,312,320938,0,0,105.8,NA,0.615384615,NA,2158.690745,1008.625954,730,33.87683641,183,5.63802716,5.728402173,4.770317,#NAME?,0.976437323,2063,12,20
22,2004,793,3052686,23.61206912,27.76594285,25.9771231,PI,10,54747,18.26584105,0.703151037,0,4474,1,4245,1,4771,0,4877,0,4933,2,4682,1,4558,0,4733,2,4683,1,4561,2,4159,0,4071,0,0,2,0.065516073,33.53972257,Northeast,0,0,0,0,0,0,0,0,0,0,0,0,0,0,0,40,321102,0,0,192,NA,0.9,NA,2076.724138,953.0555556,NA,34.98021108,25,5.77377972,3.25721627,2.905032706,#NAME?,0.919168591,189,NA,18
22,2005,4124,3080605,23.6631857,28.12269408,133.869808,PI,29,56866,50.99708086,0.38094535,8,4468,3,4173,6,4961,2,4990,2,5164,1,4882,2,4861,2,4874,0,4960,1,4911,1,4415,1,4207,5,3,30,0.973834685,34.84699321,Northeast,1,0,1,0,0,0,0,0,0,0,0,0,0,0,0,154,320126,0,0,96.03448276,30,0.620689655,0,2081.311111,909.9295775,1095,35.86843422,97,6.72429913,4.896867746,3.931768393,0.564472563,0.917869034,889,10,19
22,2006,3948,3107244,23.84957175,28.49404649,127.057933,PI,41,55342,74.0847819,0.583078759,8,4540,0,4134,4,4924,1,4760,2,5116,2,4657,6,4573,4,4602,5,4701,4,4596,3,4364,2,4375,5,3,102,3.282651765,32.2464539,Northeast,1,0,0,0,1,0,0,0,0,0,0,0,0,0,0,244,320404,0,0,164.4634146,90,0.804878049,0,2109.559229,981.512605,1095,33.81306667,157,3.75240741,4.844643148,4.305210139,0.591638072,0.838620981,1017,41,21
22,2007,9526,3131451,23.94153794,28.88612659,304.2040255,PI,236,53214,443.4923141,1.457877861,29,4509,8,3974,21,4785,19,4686,19,4836,19,4502,21,4587,22,4303,23,4333,26,4288,15,4090,14,4321,21,8,259,8.270926162,28.89072013,Northeast,13,0,1,1,2,2,2,1,1,2,0,1,0,0,0,866,316987,49,0,164.059322,152.3076923,0.843220339,0.538461538,1879.222834,903.1887755,1025.47619,32.03075839,772,0.00459354,5.717698613,6.094680471,3.195798024,0.953762559,3276,127,23
22,2008,2308,3153942,24.16134361,29.29442456,73.1782639,PI,55,52664,104.4356676,1.427140548,7,4344,2,4038,5,4416,7,4347,5,4624,2,4426,5,4315,6,4328,3,4535,5,4556,6,4283,2,4452,4,3,43,1.363373201,27.55025997,Northeast,1,0,0,0,0,0,1,0,0,0,0,0,0,0,0,218,309516,6,0,158.0181818,150,0.836363636,1,1850.939086,995.4545455,1168,30.9581487,222,-1.74416459,4.292898436,4.648571261,0.641238076,0.899958831,805,22,23
22,2009,3822,3174310,24.3852459,29.72429158,120.4041193,PI,47,50996,92.1640913,0.765456297,12,4379,4,3923,6,4788,3,4438,3,4495,1,4341,4,4097,8,3959,1,4345,0,4144,3,4068,2,4019,7,5,62,1.953180376,31.77106227,Northeast,3,1,0,0,0,0,0,0,1,0,0,1,0,1,0,246,301155,22,0,120.1489362,173,0.659574468,0.666666667,2056.230366,1027.904412,876,33.59355018,178,2.04677069,4.790853746,4.523570589,1.772035276,0.884462151,1081,25,23
22,2010,7023,3209279,24.55036015,30.47502757,218.8341992,PI,124,49424,250.8902557,1.146485589,15,4140,8,3602,9,4426,10,4081,10,4282,3,4105,11,4215,10,4084,14,4380,11,4441,11,3844,12,3824,8,7,117,3.645678671,30.87085291,Northeast,6,0,0,1,0,0,0,1,0,3,0,1,0,0,0,536,294406,28,1,171.0887097,210,0.814516129,0.833333333,2080.176991,956.1568627,1054.444444,32.8498782,331,0.39582534,5.388314362,5.525015615,2.496493519,0.816671321,2138,48,20
22,2011,10839,3219629,24.86464981,30.7648288,336.6536952,PI,153,50144,305.1212508,0.906335665,28,4016,13,3735,19,4447,7,4390,8,4630,8,4421,12,4241,7,3957,17,4260,14,4122,9,4025,11,3900,20,8,72,2.236282503,29.00691946,Northeast,2,0,1,1,0,0,0,0,0,0,0,0,0,0,0,847,286347,38,0,146.6339869,45,0.732026144,0,2037.009419,936.8618267,1147.142857,30.9138562,575,-1.75790934,5.819054791,5.720709241,1.3834185,0.926597191,3443,35,23
22,2012,12228,3228958,24.98133939,31.04848344,378.6980196,PI,143,47962,298.1527042,0.787309911,29,4107,18,3740,17,4083,6,4107,12,4112,9,3787,7,4004,9,3975,6,4097,11,4038,6,3963,13,3949,16,13,48,1.486547673,31.10099771,Northeast,3,0,1,0,1,1,0,0,0,0,0,0,0,0,0,587,278975,19,0,132.5174825,80,0.671328671,0,2068.333333,908.0795848,1186.25,32.40205128,385,0.05251427,5.936739105,5.697605786,1.833373444,0.829963459,3150,19,23
22,2013,4986,3236446,25.15482884,31.34341342,154.0578771,PI,63,46419,135.720287,0.880969474,15,3773,6,3435,3,3898,6,3929,4,4297,4,3996,5,4035,7,3787,2,4118,6,3946,4,3610,1,3595,10,5,20,0.617961801,31.26434015,Northeast,0,0,0,0,0,0,0,0,0,0,0,0,0,0,0,267,273624,1,0,129.7142857,NA,0.666666667,NA,1934.004525,955.2571429,1095,33.05411163,229,-0.07907327,5.037328357,4.910596054,#NAME?,0.795368337,1294,4,25
22,2014,7653,3244138,25.25508437,31.64434774,235.9024185,PI,89,47941,185.6448551,0.786956134,16,3667,10,3537,4,3956,8,4206,3,4221,8,3831,6,4051,9,4018,9,4414,6,4038,6,4036,4,3966,8,8,50,1.541241464,30.0453417,Northeast,0,0,0,0,0,0,0,0,0,0,0,0,0,0,0,457,267440,0,0,145.4831461,NA,0.707865169,NA,2078.320896,945.915493,973.3333333,31.4565307,283,-1.59900604,5.463418239,5.223835468,#NAME?,0.861111111,2190,21,22
22,2015,7652,3253623,25.37169309,31.94720685,235.183978,PI,73,49253,148.214322,0.630205864,16,3956,7,3716,8,4270,1,4235,5,4265,2,4079,5,4100,9,4108,5,4447,5,4253,6,3947,4,3877,12,4,75,2.305122628,31.81586513,Northeast,3,1,0,0,0,0,0,1,0,0,1,0,0,1,0,369,259182,0,0,141.2328767,154.3333333,0.684931507,0.666666667,1902.245557,930.02,973.3333333,33.40631028,321,-0.13134172,5.460368093,4.998659348,1.806812195,0.842283629,1712,28,23
22,2016,5194,3262940,25.47514153,32.26968899,159.181597,PI,75,46986,159.6220151,1.002766765,10,3865,8,3789,3,4189,4,4155,2,4311,8,4075,7,4009,10,3833,8,3899,5,3771,6,3541,4,3549,7,3,16,0.490355324,32.53407778,Northeast,1,0,0,0,0,0,0,0,0,0,0,1,0,0,0,239,252216,0,0,161.1066667,300,0.76,1,1954.211886,951.9594595,NA,34.19191714,195,0.26438879,5.07004567,5.072808615,0.755320501,0.689020885,1231,2,22
22,2017,5229,3272367,25.6792651,32.5932999,159.7925905,PI,36,48551,74.14883319,0.464031736,4,3723,6,3430,3,4119,1,4164,1,4571,1,4192,2,4019,2,4014,4,4118,2,4199,6,4019,4,3983,3,1,11,0.336148115,34.27213616,Northeast,0,0,0,0,0,0,0,0,0,0,0,0,0,0,0,221,246907,0,0,171.1666667,NA,0.722222222,NA,2132.610063,918.1443299,730,35.30904423,129,1.67883626,5.073876665,4.306074333,#NAME?,0.786816536,1095,1,19
22,2018,1914,3282471,25.98967447,32.90077993,58.30973069,PI,22,49490,44.45342493,0.76236718,3,3922,3,3622,1,4199,1,4331,1,4474,0,4077,6,4129,1,4028,2,4108,0,4344,2,4093,2,4163,2,1,8,0.243718833,32.30198537,Northeast,1,0,0,0,0,0,0,0,1,0,0,0,0,0,0,81,241507,0,0,155.4545455,210,0.727272727,1,1976.132813,869.787234,NA,33.60435967,57,-0.59879456,4.065768987,3.79444201,0.703399557,0.788051948,405,1,31
22,2019,7926,3291707,26.21947301,33.20055461,240.786923,PI,105,47933,219.0557653,0.909749427,23,4174,9,3812,5,4278,9,4105,11,4191,5,3933,11,3969,5,3865,5,4044,8,4054,5,3817,9,3691,10,13,198,6.015116169,29.85743124,Northeast,2,1,1,0,0,0,0,0,0,0,0,0,0,0,1,614,238009,0,0,139.647619,25.5,0.695238095,0,2208.514493,987.546729,1216.666667,31.34224528,302,-3.34312337,5.483912405,5.389326334,1.428513164,0.85288594,2474,65,21
22,2020,2212,3299771,26.39039112,33.49298633,67.03495485,PI,28,45229,61.90718344,0.923506006,2,3776,1,3500,5,3870,2,3865,2,4168,1,3719,2,3681,4,3772,3,3772,2,3869,3,3627,1,3610,2,0,45,1.363730998,31.33001808,Northeast,0,0,0,0,0,0,0,0,0,0,0,0,0,0,0,137,236899,0,0,164.2857143,NA,0.892857143,NA,2084.976415,992.8,1216.666667,33.02920057,95,-2.16296825,4.205214198,4.125636222,#NAME?,0.852068345,573,24,24
22,2021,4074,3306590,26.53268661,33.77819536,123.2085018,PI,59,44270,133.2730969,1.081687505,9,3625,2,3332,6,3776,6,3878,6,4031,4,3656,3,3716,6,3754,4,3726,4,3710,3,3570,6,3496,5,4,16,0.483882187,30.16249386,Northeast,2,0,0,0,1,0,0,0,0,0,0,1,0,0,0,309,234733,0,0,154.6779661,195,0.813559322,0.5,2054.186047,919.1768293,NA,32.09028871,205,-3.6157015,4.813878057,4.892400383,1.50801012,0.881835938,1255,9,23
22,2022,31427,3286670,26.97704957,33.61389978,956.1957848,PI,284,41701,681.038824,0.712237844,78,3632,26,3254,27,3709,28,3520,20,3710,11,3475,11,3466,18,3505,14,3224,12,3219,19,3326,20,3661,42,36,83,2.525352408,32.58096541,Northeast,1,1,0,0,0,0,0,0,0,0,0,0,0,1,0,2266,233041,0,0,122.0739437,13,0.633802817,0,2122.292111,994.5083579,NA,34.25530985,1387,-1.03293437,6.862962688,6.523619315,0.874645077,0.89081933,8211,33,22
22,2023,7516,3293211,26.93142575,33.90981203,228.2271011,PI,72,42350.50692,170.0097714,0.744914914,13,3492.281374,3,3141.498765,8,3701.6292,6,3686.977026,7,3861.803113,4,3565.281374,4,3560.716156,5,3504.498765,4,3629.281374,5,3562.803113,3,3337.411808,10,3306.324852,7,6,13,0.394751505,30.73070782,Northeast,0,0,0,0,0,0,0,0,0,0,0,0,0,0,0,616,233912,0,0,152.9027778,NA,0.777777778,NA,2062.308934,1070.511182,1460,32.73166904,434,-3.17910421,5.430341191,5.135855914,#NAME?,0.800316748,2030,6,25
22,2024,14969,3298994,27.09285168,34.20484396,453.7443839,PI,157,41702.64625,376.4749102,0.829707041,24,3438.292984,14,3087.510375,15,3647.64081,6,3632.988636,8,3807.814723,7,3511.292984,14,3506.727767,18,3450.510375,13,3575.292984,13,3508.814723,16,3283.423419,9,3252.336462,18,6,68,2.061234425,30.04315586,Northeast,2,0,0,0,0,1,0,0,0,1,0,0,0,0,0,1144,234543,0,0,158.1273885,180,0.757961783,0.5,2046.263897,1016.185841,NA,31.89126712,796,-4.1616881,6.117534008,5.930851405,1.567752781,0.821834523,4444,13,21
23,2000,1330,7624759,24.89772687,26.89111197,17.44317427,CE,6,143393,4.184304673,0.239882066,0,12100,0,11245,1,12305,0,12792,1,13411,0,12401,0,12513,1,12466,1,12160,0,11500,0,10169,2,10331,0,0,0,0,33.7075188,Northeast,0,0,0,0,0,0,0,0,0,0,0,0,0,0,0,58,866312,0,0,215,NA,1,NA,2056.463415,806.0416667,NA,34.7189441,36,6.81640683,2.858948413,1.431340543,#NAME?,0.980825959,235,NA,20
23,2001,32667,7742297,24.90585727,27.17941678,421.9290477,CE,170,149067,114.0426788,0.270288759,3,12393,2,11448,7,13203,11,12590,10,13235,19,12563,20,12737,17,12524,21,12732,19,12580,19,11898,22,11164,3,0,91,1.175361782,32.93856185,Northeast,1,0,0,0,0,0,0,0,0,0,0,1,0,0,0,1571,869320,0,0,210.8882353,300,0.970588235,1,1941.640686,934.6934673,NA,34.35630268,1296,5.75914507,6.044837166,4.736572754,-0.399225683,0.986629644,7243,18,19
23,2002,19067,7853804,24.99405906,27.50274657,242.7740748,CE,110,143242,76.79311934,0.316315156,6,12462,2,11277,4,13076,5,13110,7,13700,5,12497,15,12136,15,11514,15,11331,17,11551,8,10517,11,10071,5,1,85,1.082278091,32.7934127,Northeast,0,0,0,0,0,0,0,0,0,0,0,0,0,0,0,927,873592,0,0,204.3636364,NA,0.927272727,NA,2015.566298,957.6871401,1095,34.09735143,683,5.29066613,5.492131278,4.341115044,#NAME?,0.994575988,4407,15,23
23,2003,29907,7958745,24.91588404,27.8480033,375.7753264,CE,192,140083,137.0615992,0.364743477,46,12092,8,11133,9,12318,12,12199,11,12796,11,11765,18,12218,8,11807,23,11606,15,11066,12,10787,19,10296,32,14,372,4.674103769,32.34630688,Northeast,3,2,0,1,0,0,0,0,0,0,0,0,0,2,0,1531,876363,0,0,154.796875,23,0.71875,0,2035.861486,961.995221,1186.25,33.67488821,1090,4.49830358,5.928991429,4.920430454,0.761547371,0.932819109,7468,104,21
23,2004,3752,8057914,24.94556146,28.20823218,46.56291939,CE,22,137335,16.01922307,0.344033907,2,11683,1,10787,3,12153,2,12224,3,12415,2,11539,0,11594,1,11483,3,11431,2,11005,2,10770,1,10251,2,0,49,0.608097828,32.14099147,Northeast,0,0,0,0,0,0,0,0,0,0,0,0,0,0,0,186,873218,0,0,157.6363636,NA,0.863636364,NA,2089.127273,955.5617978,NA,33.29778393,120,3.93275929,3.840804503,2.773789443,#NAME?,0.972337125,956,11,20
23,2005,25223,8156783,24.95618855,28.56341391,309.227302,CE,244,140035,174.2421537,0.563475969,45,11549,8,10369,13,12476,17,12106,15,12407,17,11826,20,11866,29,12139,24,12291,20,11936,19,10782,17,10288,23,22,355,4.352206011,29.72132577,Northeast,6,0,0,0,1,1,0,1,0,1,2,0,0,0,0,1819,861691,0,0,162.7254098,195,0.782786885,0.666666667,2014.063822,961.1307768,1095,31.54925285,1356,1.15791186,5.734076612,5.16044602,1.455037264,0.974588362,7840,108,17
23,2006,26704,8255071,25.05993927,28.91649424,323.4860124,CE,231,135020,171.0857651,0.528881493,40,9908,6,9796,12,12335,14,11965,15,12653,23,11999,11,11704,24,11533,19,11075,20,11022,23,10412,24,10618,28,12,342,4.142908038,28.41776513,Northeast,3,2,0,0,1,0,0,0,0,0,0,0,0,2,0,2129,841228,0,0,171.7099567,35.33333333,0.800865801,0,2037.50309,960.4742547,1140.625,30.15594386,1464,-0.49872911,5.779155875,5.142164981,0.798359559,0.966934989,8768,98,20
23,2007,33465,8349651,25.10523838,29.28095857,400.7951949,CE,491,133839,366.8586884,0.915327063,69,10996,15,9945,36,11807,31,11227,46,11530,39,11357,44,11504,49,11757,42,11319,35,10892,37,10447,48,11058,43,26,765,9.162059588,29.0881518,Northeast,18,4,0,2,1,2,2,3,0,0,0,1,3,4,0,2702,814581,182,4,167.6435845,145.5555556,0.82892057,0.5,1975.831384,926.8773825,1065.204082,31.29249191,2074,-0.19280677,5.993450561,5.904976729,2.598904359,0.884318241,11058,297,21
23,2008,52990,8443108,25.23049351,29.66151789,627.6124858,CE,918,133917,685.4992271,1.092233253,142,10831,37,10194,57,11681,73,11867,63,12361,63,11169,71,11527,78,11125,83,11181,86,10854,70,9988,95,11139,88,54,1191,14.10617986,26.19749009,Northeast,25,5,0,1,2,2,1,2,4,1,5,1,1,2,3,6235,784065,381,7,168.3518519,165.12,0.805010893,0.6,1959.042467,943.3077975,1065.405405,29.08871087,4885,-3.4640278,6.441922915,6.530147372,2.926825806,0.961426999,21312,555,10
23,2009,7202,8534818,25.24747133,30.05836516,84.38375604,CE,178,131393,135.4714483,1.605420932,24,11397,9,10284,8,12173,10,11753,16,11217,16,10885,10,10661,21,10737,16,10611,16,10523,19,10470,13,10682,15,9,87,1.019353898,25.26645376,Northeast,1,0,0,0,0,0,0,0,0,0,0,0,1,0,0,740,753880,25,1,172.2865169,330,0.814606742,1,1893.922109,885.3483992,790.8333333,28.33375315,672,-4.7919114,4.435374919,4.908760904,-0.273022646,0.770710245,3007,20,13
23,2010,20932,8674004,25.43844261,30.80674392,241.3187727,CE,321,128831,249.163633,1.032508288,66,10797,12,10043,24,11674,21,11194,21,11258,30,10855,27,11345,17,10931,36,10973,27,10438,18,9790,22,9533,36,30,224,2.58242906,28.15020065,Northeast,5,0,0,0,0,1,1,1,0,0,1,0,1,0,0,1921,731602,65,0,151.5700935,210,0.757009346,0.8,2025.367571,931.3030303,1159.411765,30.33753371,1327,-2.65654327,5.486118768,5.518109841,1.35610663,0.883168782,7735,92,15
23,2011,62879,8732974,25.56952221,31.12061699,720.0181748,CE,891,128592,692.8891377,0.962321733,103,9875,61,9355,45,11098,59,11029,57,11993,66,11099,79,10974,81,10490,85,10945,98,10676,81,10541,76,10517,62,41,697,7.981244419,27.32982395,Northeast,20,0,1,0,0,2,2,2,3,4,3,2,1,0,0,5719,717272,73,2,174.2996633,213,0.815937149,0.85,1915.749612,941.4521034,1095,29.88521541,5003,-3.79079304,6.579276454,6.540870012,2.744257858,0.90291477,23173,270,19
23,2012,54856,8788021,25.62624933,31.42285356,624.2133468,CE,554,126868,436.6743387,0.699559439,67,10821,36,10006,32,11147,36,10875,39,11278,33,10384,42,10591,45,10239,62,10742,47,10404,57,10340,58,10041,33,34,234,2.662715531,29.53150066,Northeast,2,0,0,0,0,1,0,1,0,0,0,0,0,0,0,3197,705178,18,0,176.3429603,150,0.814079422,0.5,2037.082661,964.7759501,1042.857143,31.00351808,2285,-1.8913529,6.436492212,6.079187697,0.455170191,0.947138004,15904,60,23
23,2013,30118,8840326,25.64855537,31.72532585,340.6887936,CE,418,124876,334.7320542,0.982515599,93,10030,43,9363,38,10661,26,10915,34,11561,19,10648,25,11181,22,10727,32,10955,24,10183,34,9506,28,9146,45,48,194,2.194489208,29.91702636,Northeast,7,1,2,1,0,2,0,0,1,0,0,0,0,0,1,1826,696488,19,0,136.1291866,85,0.674641148,0.142857143,2008.533994,951.998998,958.125,31.61289527,1333,-1.80829949,5.830969432,5.813330374,1.72375909,0.865302221,8851,47,16
23,2014,22683,8893107,25.75868232,32.03025478,255.0627132,CE,368,128681,285.978505,1.12120859,62,9768,33,9484,34,10953,30,10970,23,11279,26,10828,25,11201,21,10834,25,11326,33,11067,31,10268,25,10703,33,29,317,3.564558483,31.30436891,Northeast,12,2,0,2,4,1,0,0,0,2,0,0,1,2,0,1194,689901,11,0,148.6222826,118.8333333,0.741847826,0.25,1985.42261,926.8597997,1046.333333,33.02811114,900,-0.72588587,5.541509449,5.655916651,2.232740362,0.867547634,6396,135,18
23,2015,63158,8951366,25.95330375,32.33257751,705.5682898,CE,744,132516,561.4416372,0.795729691,135,11013,64,9977,47,11533,54,11450,48,11837,44,11166,45,10982,47,11086,64,11463,75,11028,62,10197,59,10784,94,41,811,9.060069714,30.5802907,Northeast,21,2,3,1,4,2,1,2,0,2,1,1,2,2,0,3538,679900,0,0,154.7244624,141.952381,0.732526882,0.428571429,2036.600074,932.0396146,977.6785714,32.07385795,2434,-1.75228681,6.559003563,6.330507828,2.762989231,0.926108219,17790,282,19
23,2016,49378,9010583,25.97062877,32.64662353,548.0000573,CE,419,126246,331.8917035,0.605641731,74,10518,35,9946,30,11308,30,11387,28,11404,27,11208,27,11174,40,10494,25,9966,39,10004,25,9153,39,9684,43,31,253,2.807809439,33.56369233,Northeast,6,0,2,0,1,0,0,0,2,0,1,0,0,0,0,2160,668505,0,0,152.902148,140,0.739856802,0.5,2032.480574,951.5851602,938.5714286,34.83706468,1523,0.9170688,6.306275392,5.804808721,1.558697271,0.845591797,11360,70,19
23,2017,39095,9069458,26.24130457,32.97316036,431.0621429,CE,349,127797,273.0893526,0.633526644,59,9807,28,9131,28,10681,27,10818,26,11704,17,11193,24,11225,31,11020,29,10797,25,10570,27,10398,28,10453,34,25,134,1.477486306,32.33344417,Northeast,6,0,2,1,1,0,0,0,0,0,2,0,0,0,0,2164,658901,0,0,152.8108883,125,0.750716332,0.333333333,2068.033846,974.0055249,1003.75,33.77905043,1465,-0.63971619,6.066252263,5.609799041,1.546486588,0.691477171,10124,39,21
23,2018,4135,9130432,26.5541596,33.29273106,45.28810904,CE,32,131491,24.33626636,0.537365478,4,10505,2,9874,3,11353,3,11653,0,12036,1,11107,2,10349,3,11128,3,10861,5,11227,5,10664,1,10734,3,1,25,0.273809607,31.63941959,Northeast,1,0,0,0,0,0,0,0,0,0,0,1,0,0,0,201,649600,0,0,174.4375,300,0.8125,1,2011.032258,853.8990826,365,32.87399194,135,-1.65331147,3.813044504,3.191967681,-0.273768222,0.963864129,979,6,21
23,2019,16230,9189230,26.86173317,33.60539991,176.6198038,CE,155,129185,119.9829702,0.679329087,16,10959,11,10290,9,11307,11,11417,10,11439,6,10593,10,10920,10,10535,16,10556,16,10714,22,10054,18,10401,5,11,171,1.860874088,31.39864449,Northeast,7,1,0,0,0,0,0,1,1,1,0,1,2,1,0,947,643033,0,0,186.0193548,228,0.825806452,0.857142857,2115.334805,986.9174757,803,32.76909173,584,-2.20675542,5.173999421,4.787349817,1.68983485,0.962928809,4221,78,21
23,2020,23960,9244538,27.02127084,33.90802169,259.1800694,CE,312,121904,255.9390996,0.987495297,51,10416,18,9656,25,10902,26,10737,21,10950,24,10368,28,10323,29,10032,25,9998,20,9425,22,9468,23,9629,37,14,289,3.126170286,30.66489983,Northeast,8,1,0,0,1,2,1,0,0,1,1,1,0,1,0,1457,643343,0,0,153.2083333,162.5,0.778846154,0.5,2037.009937,944.0819022,768.4210526,32.30121865,1000,-3.24312186,5.557523069,5.544939524,1.881377878,0.892143421,6311,142,22
23,2021,36259,9295438,27.21916924,34.19438062,390.0730659,CE,432,117750,366.8789809,0.940539127,89,9273,43,8800,31,10531,33,10450,27,10920,39,10231,31,9977,31,9518,31,9894,30,9663,30,9211,17,9282,63,26,36,0.387286753,30.71163022,Northeast,2,0,1,0,0,0,0,0,0,0,1,0,0,0,0,2199,644554,0,0,135.2847222,150,0.694444444,0.5,2038.655866,925.0529101,NA,32.27768561,1468,-3.4827504,5.96633407,5.905032041,0.529753634,0.95820748,9593,15,24
23,2022,42663,9259202,27.48782046,33.96970646,460.7632494,CE,377,111163,339.1416209,0.736043123,79,9560,42,8787,25,9950,30,9613,19,9793,29,9246,23,9060,25,8990,39,8494,26,8758,19,9243,21,9669,44,35,31,0.33480207,32.2984319,Northeast,1,0,0,1,0,0,0,0,0,0,0,0,0,0,0,2673,645761,0,0,136.9230769,60,0.679045093,0,2021.349664,993.1623072,1460,33.9970753,1940,-1.67127456,6.132884352,5.826417781,-0.105827407,0.934149933,10604,6,22
23,2023,14414,9308488,27.19847657,34.27755217,154.8479194,CE,174,116785.75,148.9907801,0.962174892,36,9593.783514,17,8830.174819,16,10370.82699,8,10271.52264,7,10655.69656,9,9949.174819,8,9985.479167,15,9783.174819,21,9765.696558,15,9521.305254,9,8999.000906,13,9059.913949,19,17,23,0.247086315,32.17573193,Northeast,1,0,0,0,0,0,0,0,0,0,1,0,0,0,0,792,650720,0,0,146.8390805,270,0.695402299,1,1981.634996,930.7112527,1460,33.88950033,611,-2.10182024,5.04244347,5.003884426,-0.155170874,0.98429935,3385,10,25
23,2024,12697,9355227,27.31204078,34.58409614,135.7209184,CE,111,115658.1522,95.97248263,0.707131102,14,9499.817029,12,8736.208333,12,10276.86051,2,10177.55616,3,10561.73007,9,9855.208333,5,9891.512681,10,9689.208333,14,9671.730072,9,9427.338768,14,8905.03442,7,8965.947464,6,8,18,0.192405807,31.37142632,Northeast,1,0,0,0,0,0,1,0,0,0,0,0,0,0,0,724,654698,0,0,166.3603604,150,0.765765766,1,2065.087397,944.1735537,NA,32.78623368,484,-3.21266982,4.910600707,4.564061511,-0.14546869,0.954022989,3096,4,22
24,2000,9623,2852987,24.42714955,27.50259956,337.2956133,RN,46,56444,81.4967047,0.241618039,2,4797,0,4528,0,5182,0,4991,1,5096,6,4652,5,4955,7,4870,7,4821,6,4741,3,4221,9,3590,1,1,36,1.261835403,33.08344591,Northeast,0,0,0,0,0,0,0,0,0,0,0,0,0,0,0,309,302752,0,0,230.0217391,NA,0.956521739,NA,1937.741313,927.3444976,1460,34.09189479,262,5.58084635,5.820959737,4.400562586,#NAME?,0.580483686,1843,3,33
24,2001,19317,2896520,24.3751594,27.80090764,666.9037328,RN,146,53526,272.7646377,0.409001516,12,4322,4,4052,9,4766,13,4702,9,4975,8,4496,17,4441,15,4404,8,4492,21,4542,20,4166,10,4168,6,6,642,22.16452847,32.82890718,Northeast,4,2,1,0,0,0,0,0,0,0,0,1,0,2,0,799,301159,0,0,187.6780822,86.5,0.890410959,0.25,1989.235619,928.8085106,1034.166667,34.0701622,614,5.02799954,6.502645707,5.608609291,2.01129703,0.515527453,4228,103,30
24,2002,12243,2937806,24.47998795,28.12530814,416.7395669,RN,83,53250,155.8685446,0.374019068,5,4650,1,4272,2,4862,6,4850,6,4935,10,4456,12,4534,7,4413,5,4356,11,4203,7,3864,11,3855,3,2,849,28.89911723,32.8178551,Northeast,5,1,0,0,0,0,2,0,0,0,1,1,0,0,1,535,300872,0,0,198.8795181,177.8,0.927710843,0.8,1980.643105,915.8384146,1216.666667,34.09234828,411,4.69254696,6.032461487,5.049012989,2.239610294,0.561986506,2783,145,29
24,2003,9674,2977844,24.56026302,28.45240416,324.8659097,RN,72,52312,137.6357241,0.423669336,16,4338,6,4090,5,4803,2,4893,3,5070,4,4641,4,4415,8,4242,7,4132,9,4131,5,3961,3,3596,11,5,183,6.145385722,33.06067811,Northeast,2,0,1,0,0,0,0,0,0,0,0,1,0,0,0,444,301072,0,0,150.4861111,165,0.694444444,0.5,2040.382883,891.1261261,1095,34.25432284,291,4.60827395,5.783412512,4.924610515,1.341091576,0.465758027,2284,41,17
24,2004,1448,3016688,24.61399633,28.78272032,47.99966055,RN,15,50805,29.52465309,0.615101289,2,4078,2,3877,1,4784,0,4802,0,4788,0,4410,0,4398,2,4147,3,4156,0,3940,2,3786,3,3639,2,0,27,0.895021295,32.93508287,Northeast,0,0,0,0,0,0,0,0,0,0,0,0,0,0,0,71,300345,0,0,190.8666667,NA,0.733333333,NA,2040.681818,917.1794872,1460,34.3299639,48,4.15236255,3.871193939,3.385225612,#NAME?,0.543754675,332,4,31
24,2005,3728,3055976,24.62574867,29.10113201,121.9904868,RN,34,52330,64.97229123,0.532601295,7,4120,2,4037,2,4878,1,4805,2,4986,2,4661,6,4643,2,4590,2,4391,4,4207,1,3612,3,3400,4,3,249,8.147969748,32.90933476,Northeast,1,0,0,0,0,0,0,0,0,0,0,0,1,0,0,146,297869,0,0,154.8529412,330,0.735294118,1,1951.888412,855.862069,547.5,34.14257813,110,3.80820275,4.803943065,4.17396089,0.647600366,0.778519291,816,50,40
24,2006,5743,3094633,24.82658659,29.42050059,185.5793563,RN,72,48122,149.6197166,0.806230389,8,3712,4,3603,7,4545,7,4638,4,4625,9,4037,11,3839,2,3972,4,3773,6,4071,7,3694,3,3613,4,4,178,5.751893682,31.85982936,Northeast,1,0,0,0,0,0,0,1,0,0,0,0,0,0,0,287,293639,0,0,155.4305556,180,0.833333333,1,1966.26569,1009.005236,1135.555556,33.56355932,243,2.43932877,5.223482587,5.008096852,0.731430733,0.688710835,1346,40,23
24,2007,11833,3130892,24.89601015,29.75873968,377.9434104,RN,216,48072,449.326011,1.188871134,24,3878,9,3522,15,4392,12,4232,23,4538,19,4287,24,4270,20,4015,19,3879,17,3780,19,3595,15,3684,15,9,191,6.100497877,29.24558438,Northeast,6,0,0,0,0,1,2,0,1,1,0,0,1,0,0,948,287473,33,1,169,200,0.847222222,0.833333333,1907.223995,943.457189,1159.411765,31.78569446,810,-0.5131553,5.934744476,6.107748707,2.524229768,0.475003834,3634,85,24
24,2008,31102,3167401,25.00694542,30.11342896,981.9407142,RN,620,49817,1244.555072,1.267444209,67,3882,21,3670,38,4352,39,4322,52,4732,57,4358,51,4536,63,4263,59,4016,64,4005,58,3743,51,3938,40,27,967,30.52976241,27.41495724,Northeast,26,1,1,0,2,4,8,2,2,1,3,1,1,1,0,3564,280997,96,4,177.6274194,167.5,0.858064516,0.692307692,1915.247602,935.6172271,1081.226415,30.63176633,2956,-2.69847172,6.889530934,7.126533373,3.954910433,0.387125565,11385,477,6
24,2009,2299,3204560,25.1659684,30.47894251,71.74151834,RN,69,48931,141.0148985,1.965596795,5,3934,5,3674,5,4558,4,4512,5,4314,4,4171,9,4083,6,3872,7,4114,4,4037,11,3793,4,3869,4,1,47,1.466660009,27.86559374,Northeast,2,1,0,0,0,0,1,0,0,0,0,0,0,1,0,136,274848,14,0,178.884058,82,0.855072464,0.5,1727.666667,808.9925373,1460,30.70477569,157,-2.61334877,4.273069636,4.948865548,1.407906224,0.152246565,649,23,24
24,2010,7017,3258705,25.28125787,31.19738209,215.3309367,RN,126,47668,264.3282705,1.227544331,9,3654,1,3451,6,4527,12,4214,12,4288,8,4038,13,4229,13,4097,9,4085,19,3816,9,3655,15,3614,6,3,284,8.715118429,28.89482685,Northeast,13,1,0,1,5,0,0,2,1,0,0,1,2,1,0,625,271026,25,2,192.2142857,157.0769231,0.920634921,0.461538462,2100.259096,940.9751773,1222.75,30.95346337,380,-2.30255524,5.372176085,5.57719178,3.30585923,0.396250478,2253,141,23
24,2011,21376,3290477,25.43086422,31.50807041,649.632257,RN,413,48101,858.6100081,1.321686229,58,3703,18,3632,32,4446,23,4173,28,4676,33,4332,30,4108,40,4075,45,3851,43,3687,37,3667,26,3751,30,28,529,16.07669648,28.25070172,Northeast,26,1,1,2,1,3,3,3,4,2,5,1,0,0,1,2164,268575,78,1,168.5205811,176.4615385,0.81598063,0.692307692,1994.647887,929.2242765,1030.588235,30.98587176,1640,-3.25736869,6.476406444,6.755314812,3.989963757,0.593568995,7703,307,23
24,2012,26743,3321126,25.62202881,31.8016233,805.2389461,RN,341,46993,725.6399889,0.90114865,43,3771,18,3891,28,4207,24,4092,23,4082,29,3946,25,4125,24,3847,36,3658,39,3831,27,3760,25,3783,24,19,299,9.002970679,31.01798602,Northeast,4,0,0,0,0,0,0,1,3,0,0,0,0,0,0,1558,265682,78,1,167.5659824,202.5,0.82111437,1,1972.426236,918.2631579,935.3125,32.78159733,1208,-0.78363728,6.691139061,6.587054009,2.141465893,0.44677007,7299,125,23
24,2013,17119,3350396,25.70560708,32.10095374,510.954526,RN,245,46798,523.5266464,1.024605165,40,3810,14,3540,15,4208,16,4090,14,4293,12,4077,15,4022,25,4032,26,3814,17,3702,23,3647,28,3563,23,17,138,4.118916092,31.84251417,Northeast,5,0,1,0,1,0,0,1,0,0,0,1,1,0,0,943,263088,60,0,170.0857143,186,0.779591837,0.6,1942.304433,894.8984772,1095,33.69501521,765,-0.25843957,6.236280596,6.26058793,2.368767631,0.560588843,4307,64,27
24,2014,11389,3379818,25.88865332,32.40669971,336.9708073,RN,215,48111,446.8832492,1.326177934,22,3779,20,3591,14,4063,23,4190,11,4410,21,4099,16,4250,16,3915,17,4154,17,4111,20,3608,18,3941,14,8,170,5.029856637,31.7118272,Northeast,4,0,0,0,1,1,0,0,0,1,0,1,0,0,0,629,261328,0,0,163.3116279,187.5,0.804651163,0.5,1779.736148,824.8425197,851.6666667,34.13623409,648,-0.69487251,5.819996301,6.102297373,2.117953706,0.384897105,2997,74,26
24,2015,22704,3410469,26.07955356,32.71768106,665.7148914,RN,387,49099,788.2034257,1.183995485,49,3936,29,3738,17,4478,21,4297,20,4431,28,4114,38,4312,39,4033,36,4206,39,4043,36,3780,35,3731,29,20,83,2.433682875,32.10077519,Northeast,1,0,0,0,0,0,0,0,0,0,0,0,1,0,0,1209,257170,0,0,174.5891473,330,0.798449612,1,1752.830271,850.6499536,673.8461538,34.5358895,1322,-0.61690587,6.500861488,6.669756211,0.711331518,0.265581824,5351,40,28
24,2016,56490,3440050,26.04241062,33.0533876,1642.127295,RN,703,45366,1549.618657,0.943665368,133,3816,56,3708,48,4247,39,4157,41,4352,46,3984,47,3990,61,3783,51,3632,60,3381,52,3120,69,3196,75,58,106,3.081350562,35.66124978,Northeast,11,2,2,3,0,1,0,1,0,1,0,0,1,1,1,2991,252822,0,0,156.0426743,103.6363636,0.731152205,0.272727273,1951.158215,950.6188757,1016.785714,37.64819331,2485,2.60786218,7.403747811,7.345764152,3.188302533,0.173695044,13175,75,27
24,2017,7387,3468958,26.36261953,33.40505477,212.9457895,RN,159,46222,343.9920384,1.61539723,15,3295,12,3288,6,4186,6,4026,8,4430,21,4157,13,3953,23,4044,9,3876,14,3779,22,3516,10,3672,8,7,32,0.922467208,29.6281305,Northeast,2,0,0,0,0,0,0,0,1,0,0,1,0,0,0,440,250635,0,0,179.6477987,255,0.830188679,1,1772.165259,880.1285347,730,32.21119668,476,-3.77692427,5.361037624,5.840618513,1.464861491,0.256092635,2168,16,22
24,2018,23424,3498584,26.81093834,33.7527857,669.5280148,RN,637,48107,1324.131623,1.977709064,64,3821,40,3693,21,4355,34,4346,46,4429,45,4041,68,4221,45,3881,73,3845,65,3934,79,3751,57,3790,35,29,497,14.20574724,25.90518272,Northeast,30,1,2,0,0,6,8,1,3,1,4,1,3,0,1,2817,247866,0,0,185.0800628,180.6333333,0.836734694,0.7,1864.066818,921.3016732,1101.083333,29.68757438,2619,-7.84760298,6.506573009,7.188512145,4.132939871,0.526175462,9991,340,6
24,2019,31547,3527443,26.94973996,34.09754204,894.3305391,RN,467,44031,1060.616384,1.185933318,78,3896,38,3586,40,4227,31,3808,37,3912,37,3842,26,3863,31,3707,43,3721,38,3470,41,2825,27,3174,47,31,283,8.02280859,33.25618918,Northeast,13,4,1,2,2,0,0,1,0,1,1,0,1,3,1,1866,245076,0,0,150.48394,105.7692308,0.751605996,0.307692308,1920.377481,889.3661972,912.5,35.36180513,1542,-0.84135286,6.796075437,6.966605512,3.385225612,0.350673041,7654,132,21
24,2020,6849,3555048,27.22324321,34.43174748,192.6556266,RN,107,43531,245.8018424,1.275861218,14,3487,8,3395,7,3903,4,3870,8,3875,5,3777,9,3859,12,3565,7,3645,11,3405,8,3308,14,3442,11,3,53,1.490837817,31.9868594,Northeast,2,0,1,0,0,0,0,0,1,0,0,0,0,0,0,411,244661,0,0,174.5607477,120,0.794392523,0.5,1846.196884,857.440678,786.1538462,34.22750824,373,-2.44488808,5.260904277,5.504525692,1.524844039,0.450702186,1656,31,24
24,2021,4040,3581072,27.2744774,34.74798468,112.8153804,RN,101,43059,234.5618802,2.079165796,10,3369,8,3334,10,3742,7,3993,3,3946,6,3674,9,3642,11,3463,11,3668,11,3501,7,3405,8,3322,7,3,6,0.167547595,31.57252475,Northeast,0,0,0,0,0,0,0,0,0,0,0,0,0,0,0,236,243302,0,0,169.4356436,NA,0.821782178,NA,1727.772926,877.972973,730,34.57828696,273,-3.17545993,4.725752681,5.457719435,#NAME?,0.415335463,1071,2,26
24,2022,41687,3572171,27.65594904,34.53429833,1166.993405,RN,598,39918,1498.071046,1.283701381,82,3406,46,3212,40,3659,32,3418,52,3681,44,3352,43,3255,46,3220,55,3036,49,2959,53,3311,56,3409,48,34,42,1.175755584,31.07153309,Northeast,4,0,0,1,0,2,0,1,0,0,0,0,0,0,0,3331,241029,1,0,165.2006689,120,0.785953177,0.25,1981.232619,962.6393772,730,33.41701067,2572,-3.46276524,7.062185981,7.31193359,2.304637197,0.318862951,12614,23,22
24,2023,7605,3597285,27.53590989,34.86461317,211.409438,RN,145,41666.25692,348.0034223,1.646111099,17,3337.532279,9,3160.575758,11,3855.619236,9,3770.880105,9,3920.575758,11,3604.836627,8,3619.662714,10,3467.793149,16,3418.706192,15,3329.793149,15,3091.184453,15,3089.097497,7,10,9,0.250188684,29.86995398,Northeast,1,0,0,0,0,0,0,0,0,1,0,0,0,0,0,540,240427,0,0,176.6068966,240,0.820689655,1,1870.674218,852.6098191,608.3333333,32.37980493,488,-4.99465919,5.353796718,5.852212314,0.875478571,0.354435326,2134,6,29
24,2024,17052,3621422,27.68313654,35.1947931,470.8647598,RN,255,41156.92885,619.5797575,1.315833782,29,3295.088274,14,3118.131752,14,3813.175231,12,3728.4361,10,3878.131752,25,3562.392622,16,3577.218709,30,3425.349144,31,3376.262187,24,3287.349144,28,3048.740448,22,3046.653491,14,15,26,0.717950021,29.86810931,Northeast,2,0,0,0,0,0,0,0,0,0,1,1,0,0,0,1226,239513,0,0,182.1411765,285,0.831372549,1,1917.29053,912.7307206,547.5,32.08391963,1020,-5.32668379,6.154570919,6.429041438,1.580925073,0.418314434,4632,19,26
25,2000,11,3528820,24.18341045,28.12343135,0.311718932,PB,0,57427,0,0,0,4760,0,4531,0,5503,0,5326,0,5522,0,5184,0,4865,0,4758,0,4781,0,4657,0,4276,0,3264,0,0,0,0,27.90909091,Northeast,0,0,0,0,0,0,0,0,0,0,0,0,0,0,0,0,371664,0,0,NA,NA,NA,NA,1095,1095,NA,30.4,1,-0.21434044,-1.165653356,#NAME?,#NAME?,0.34375,2,NA,24
25,2001,10793,3566957,24.34710243,28.35866258,302.5828458,PB,74,64957,113.9215173,0.376496946,2,4888,3,4509,4,5654,4,5575,7,6045,3,5835,6,5603,18,5517,7,5650,7,5674,7,5272,6,4735,2,0,1,0.028035101,32.52311683,Northeast,0,0,0,0,0,0,0,0,0,0,0,0,0,0,0,553,369308,0,0,196.0675676,NA,0.932432432,NA,1960.245536,919.4169096,NA,34.00408401,435,4.16445425,5.71235511,4.735509767,#NAME?,0.722400642,2750,NA,20
25,2002,14495,3603187,24.39098817,28.62792772,402.2827569,PB,128,64006,199.9812518,0.497116141,4,5441,4,5186,6,5936,11,5386,8,5730,8,5436,13,5444,25,4952,12,5088,15,5049,12,5051,10,5307,2,2,18,0.499557753,34.68009659,Northeast,1,0,0,0,0,0,0,0,0,0,1,0,0,0,0,673,367023,0,0,196.1171875,270,0.9375,1,1911.859143,910.1702128,NA,36.35467015,587,6.05216887,5.997155217,5.298223621,0.446193357,0.776819667,3669,5,120
25,2003,9849,3637108,24.47746142,28.92071448,270.7920689,PB,70,64115,109.1788193,0.403183224,8,5368,3,5159,7,6028,6,5675,5,5932,2,5508,5,5560,7,5263,8,5211,6,4906,7,4769,6,4736,5,3,19,0.522393066,32.88008935,Northeast,0,0,0,0,0,0,0,0,0,0,0,0,0,0,0,442,364650,0,0,172.2142857,NA,0.842857143,NA,2027.063142,948.3891213,NA,34.11497411,316,3.95937487,5.601351253,4.692987082,#NAME?,0.779746835,2462,5,17
25,2004,717,3669352,24.49863923,29.2293781,19.5402349,PB,17,62200,27.33118971,1.398713468,2,4933,0,4822,1,5852,0,5436,3,5688,0,5337,2,5311,2,5083,4,5282,0,5031,2,4830,1,4595,1,1,2,0.054505537,29.66806137,Northeast,0,0,0,0,0,0,0,0,0,0,0,0,0,0,0,41,361903,0,0,183.7058824,NA,0.882352941,NA,1999.328358,1010.769231,NA,31.73163418,33,0.43868327,2.972475668,3.30802853,#NAME?,0.529411765,207,NA,20
25,2005,4344,3701232,24.60499945,29.54123762,117.3663256,PB,38,64294,59.10349333,0.503581355,12,5147,1,4977,1,5860,4,5512,4,5996,4,5766,4,5527,3,5177,1,5468,1,5144,2,4952,1,4768,8,4,24,0.648432738,32.58425414,Northeast,0,0,0,0,0,0,0,0,0,0,0,0,0,0,0,214,358635,0,0,117.8157895,NA,0.657894737,NA,1970.787172,950.6976744,1338.333333,34.11323494,173,3.04301652,4.765300031,4.079290031,#NAME?,0.724355777,1097,8,30
25,2006,1759,3732275,24.68958361,29.86205598,47.12943178,PB,36,60232,59.76889361,1.268186171,3,4645,3,4308,0,5496,4,5212,4,5555,3,5331,3,5361,5,5204,4,5107,3,5028,0,4502,4,4483,1,2,25,0.669832743,31.44002274,Northeast,0,0,0,0,0,0,0,0,0,0,0,0,0,0,0,96,355402,0,0,169.6111111,NA,0.833333333,NA,1971.480263,899.4642857,NA,33.41626214,75,1.57796676,3.852897684,4.090485352,#NAME?,0.571705426,458,5,27
25,2007,10432,3760688,24.85806311,30.20509705,277.3960509,PB,159,59456,267.4246502,0.964053559,26,4638,12,4289,14,5531,6,5286,19,5421,14,5184,11,5266,15,4899,10,4908,12,4770,6,4500,14,4764,18,8,122,3.244087252,30.4568635,Northeast,3,0,0,0,0,0,0,1,1,0,1,0,0,0,0,692,350637,62,0,148.490566,220,0.761006289,1,1952.502262,916.4769976,1204.5,32.48653372,545,0.25176645,5.625446272,5.588837845,1.618545931,0.480305429,3008,66,21
25,2008,7916,3788469,24.95244013,30.56672841,208.9498423,PB,194,61964,313.0850171,1.498374029,31,4927,5,4484,12,5574,19,5282,13,5557,23,5279,17,5539,13,5190,19,5352,14,5150,15,4650,13,4980,19,12,120,3.167506452,27.70591208,Northeast,3,0,0,0,0,0,2,1,0,0,0,0,0,0,0,839,344348,44,0,159.2938144,160,0.81443299,1,1955.39571,980.4483431,1199.285714,30.8891261,696,-2.86081633,5.342094234,5.746474774,1.577228903,0.525967112,3043,65,12
25,2009,894,3815564,25.14120058,30.94688623,23.43035001,PB,37,60021,61.64509088,2.630993172,5,5096,1,4646,3,5818,2,5321,4,5355,3,4810,2,4847,3,4795,6,4998,3,4862,3,4739,2,4734,4,1,13,0.340709788,27.58053691,Northeast,1,0,0,0,0,0,0,0,1,0,0,0,0,0,0,64,337416,2,0,167,210,0.837837838,1,1633.037037,771.1267606,1460,31.48262548,80,-3.36634932,3.154032191,4.121393598,0.510475685,0.528438469,326,6,17
25,2010,6185,3864765,25.35029558,31.7054077,160.0356037,PB,122,58699,207.8399973,1.29871099,10,4538,6,4413,12,5533,5,5234,11,5429,9,5007,14,4990,11,4975,13,5045,9,4732,11,4494,11,4309,5,5,104,2.690978624,28.95521423,Northeast,2,0,0,1,0,0,0,0,0,0,0,1,0,0,0,528,331357,43,0,175.9918033,180,0.868852459,0.5,1943.657244,865.3115265,730,31.53724725,425,-2.75019347,5.075396314,5.33676854,1.225894676,0.663172083,2116,31,15
25,2011,11674,3884037,25.4464684,31.98287658,300.5635631,PB,186,58741,316.6442519,1.05350179,32,4478,7,4452,14,5436,4,5240,12,5634,14,5319,19,4812,10,4884,21,4854,21,4550,21,4552,11,4530,24,8,257,6.616826771,28.54617098,Northeast,4,2,0,0,0,0,0,0,0,2,0,0,0,1,1,1007,326247,52,1,169.3225806,128.5,0.790322581,0.5,1954.68544,914.1540785,1355.714286,31.04280083,834,-3.4367056,5.705659256,5.75777891,1.918326597,0.693801225,4153,104,11
25,2012,8642,3898790,25.5610886,32.27779285,221.6585146,PB,135,56770,237.8016558,1.072828879,25,4637,11,4599,13,5201,7,4830,6,5204,8,4689,7,4829,16,4529,12,4675,14,4673,11,4486,5,4418,17,8,163,4.180784295,29.9950243,Northeast,1,0,0,0,0,0,0,0,0,0,0,0,1,0,0,475,320194,11,0,149.6296296,330,0.733333333,1,1969.336461,901.0516605,949,31.70040536,366,-2.28276855,5.401137975,5.471436947,0.566162169,0.782905206,2355,50,25
25,2013,13303,3912824,25.66999683,32.57790895,339.9846249,PB,238,56854,418.6161044,1.231279516,36,4610,18,4143,19,4893,13,4874,17,5343,18,4949,13,5041,20,4847,24,4706,17,4664,22,4373,21,4411,25,11,137,3.501307496,30.62211531,Northeast,3,0,0,1,0,0,1,0,0,1,0,0,0,0,0,683,314849,49,0,161.512605,150,0.773109244,0.666666667,1909.375,937.7113402,1095,32.53690629,601,-1.95579364,5.828900396,6.036954281,1.663295896,0.641112171,3635,48,25
25,2014,5574,3931685,25.8608673,32.85410861,141.7712762,PB,156,57535,271.1393065,1.912512279,7,4531,7,4455,5,5071,11,4966,6,5181,16,4727,11,5083,20,4723,17,4978,20,4794,15,4489,21,4537,3,4,189,4.807099246,27.7664155,Northeast,1,0,0,0,0,0,0,0,0,0,1,0,0,0,0,467,309582,3,0,203.9294872,270,0.91025641,1,1783.423261,888.133515,1038.846154,31.08965517,488,-5.08769311,4.954215028,5.602632735,0.552776728,0.695150115,1882,115,26
25,2015,23043,3954310,25.9566586,33.1240793,582.7312477,PB,609,59089,1030.648682,1.768651821,75,4735,43,4482,40,5416,42,5086,55,5236,49,4882,54,5053,39,4989,55,4916,56,4948,52,4614,49,4732,43,32,105,2.655330513,31.02291368,Northeast,1,1,0,0,0,0,0,0,0,0,0,0,0,0,1,1437,302377,0,0,164.7799672,15,0.806239737,0,1762.335563,858.361244,1277.5,33.9902411,1530,-2.10116562,6.367726098,6.937943672,0.526125404,0.605237048,6438,42,27
25,2016,35660,3976406,26.00752456,33.41958794,896.7897141,PB,456,56083,813.0806127,0.906656934,87,4672,29,4628,40,5425,35,5206,26,5357,29,4885,34,5100,35,4661,41,4355,46,4203,28,3706,26,3885,48,39,65,1.634641935,35.43404375,Northeast,0,0,0,0,0,0,0,0,0,0,0,0,0,0,0,2049,294034,1,0,148.752193,NA,0.745614035,NA,1971.199212,932.2257806,912.5,37.45099381,1596,2.01445581,6.798821402,6.700830259,#NAME?,0.406969942,8959,36,30
25,2017,3795,3998715,26.21978328,33.72355369,94.90548839,PB,56,57493,97.40316212,1.026317485,4,4153,4,3944,6,4929,2,4841,7,5365,6,5091,5,4918,6,5117,7,4979,3,4961,3,4510,3,4685,3,1,27,0.675216913,31.70540184,Northeast,1,0,0,0,0,1,0,0,0,0,0,0,0,0,0,207,284421,0,0,160.4464286,120,0.857142857,0,1971,938.1640625,1095,33.51412587,164,-2.01815185,4.552881537,4.578858675,0.553506985,0.714696653,965,14,20
25,2018,10886,4022516,26.57830745,34.01906593,270.6266426,PB,181,60205,300.6394818,1.110901273,23,4849,13,4465,13,5373,11,5332,11,5605,10,5101,11,5070,16,4999,17,5034,17,5027,22,4704,17,4646,13,10,168,4.176490535,30.56503766,Northeast,9,0,0,0,1,0,1,0,1,1,3,2,0,0,0,763,275237,0,0,174.0828729,233.3333333,0.801104972,0.888888889,1908.86276,971.2827715,1058.5,33.00349476,690,-3.45402827,5.600740168,5.705911812,2.704639358,0.709671533,3414,97,15
25,2019,18746,4045447,26.77431934,34.31562322,463.385134,PB,300,57701,519.9216651,1.12200765,36,5060,19,4682,12,5157,8,5015,15,5190,20,4749,34,4979,28,4720,28,4758,32,4716,38,4383,30,4292,21,15,210,5.191020918,26.29456951,Northeast,6,0,0,0,0,1,0,1,0,0,2,1,1,0,0,2128,271466,0,0,186.53,245,0.816666667,0.833333333,2069.225375,969.4747275,912.5,28.64918148,1403,-8.02105371,6.138558531,6.253678156,2.341655151,0.764621666,7665,111,13
25,2020,6814,4066937,26.88201281,34.60385715,167.5462393,PB,114,56379,202.2029479,1.206848621,15,4379,8,4361,4,5052,7,5001,7,5106,5,4899,20,4970,14,4501,5,4765,10,4577,6,4402,13,4366,8,7,13,0.319650882,29.81860875,Northeast,0,0,0,0,0,0,0,0,0,0,0,0,0,0,0,520,272351,1,0,170.5438596,NA,0.798245614,NA,1858.944201,884.7081218,547.5,32.48333602,489,-4.7852484,5.121259369,5.309271886,#NAME?,0.610705951,1990,3,24
25,2021,16216,4086611,26.94146252,34.87517089,396.8080152,PB,266,54834,485.1004851,1.22250677,62,4451,22,4251,15,4984,24,4913,23,5036,15,4764,16,4649,16,4499,17,4458,17,4420,18,4092,21,4317,43,19,7,0.171291077,31.99666996,Northeast,0,0,0,0,0,0,0,0,0,0,0,0,0,0,0,1169,273522,0,0,137.8571429,NA,0.684210526,NA,1920.777494,941.7557252,365,34.50096996,1001,-2.87850093,5.983452575,6.184356055,#NAME?,0.86029547,4337,5,24
25,2022,28789,4063972,27.1980455,34.57930886,708.3956287,PB,402,49430,813.2712927,1.148046741,43,4231,27,3955,30,4673,20,4274,26,4466,35,4176,32,3944,38,3947,31,3844,52,3655,30,4015,38,4250,31,12,13,0.319884094,31.14901525,Northeast,2,1,1,0,0,0,0,0,0,0,0,0,0,0,1,2413,278028,0,0,174.2761194,28.5,0.825870647,0,1984.032342,959.7589532,NA,33.58754336,1863,-3.43029361,6.563002735,6.701064747,1.397759839,0.854370611,8868,5,20
25,2023,7195,4083079,27.29109499,34.8654126,176.2150573,PB,139,53827.49209,258.2323541,1.465438641,21,4309.968544,5,4074.055501,5,4972.055501,4,4729.794631,9,4996.31637,10,4646.533762,14,4640.142457,16,4443.098979,10,4485.838109,21,4354.490283,12,4101.012022,12,4074.185935,17,4,3,0.073473964,26.69895761,Northeast,0,0,0,0,0,0,0,0,0,0,0,0,0,0,0,667,284499,0,0,180.4820144,NA,0.81294964,NA,1918.564312,899.5537757,NA,29.30768047,559,-8.16645499,5.171705166,5.553859777,#NAME?,0.809517222,2503,NA,21
25,2024,14869,4101143,27.42856811,35.15613379,362.5574626,PB,213,53424.64032,398.6924362,1.099666887,15,4276.397563,17,4040.484519,12,4938.484519,4,4696.22365,11,4962.745389,16,4612.96278,22,4606.571476,24,4409.527997,20,4452.267128,23,4320.919302,28,4067.441041,21,4040.614954,10,5,6,0.146300678,28.45450266,Northeast,0,0,0,0,0,0,0,0,0,0,0,0,0,0,0,1338,286300,0,0,191.6056338,NA,0.849765258,NA,1946.210131,941.0012594,NA,30.87032951,1060,-6.70163113,5.893182979,5.988190283,#NAME?,0.823697501,4691,NA,21
26,2000,24757,8116786,24.25281102,27.57415398,305.0098894,PE,283,163405,173.1893149,0.567815408,11,13279,14,13013,13,14618,24,14612,21,15156,27,14255,29,13849,33,13378,28,13325,24,13272,29,12227,30,12421,5,6,46,0.566726781,30.74536495,Northeast,0,0,0,0,0,0,0,0,0,0,0,0,0,0,0,1298,838485,0,0,191.0989399,NA,0.911660777,NA,1846.703559,881.2972167,1460,32.62486002,1256,3.17121097,5.7203442,5.154385302,#NAME?,0.997582497,6693,11,20
26,2001,13090,8218239,24.32694222,27.81240251,159.2798652,PE,164,164104,99.93662555,0.627427864,8,13272,10,12117,4,14596,8,14303,16,15031,11,13830,27,13863,24,13315,15,13398,17,14032,11,13140,13,13207,3,5,50,0.608402846,31.3696715,Northeast,1,0,0,0,0,0,0,0,0,1,0,0,0,0,0,691,839609,0,0,186.8536585,240,0.890243902,1,1817.25938,862.3551402,1460,33.34842921,671,3.55726899,5.070662813,4.604536241,-0.495330187,0.990170876,3417,13,25
26,2002,97712,8313098,24.40306273,28.08689047,1175.398149,PE,777,156053,497.9077621,0.423607747,91,14095,31,12796,44,14252,46,13913,39,14209,63,13406,73,13075,61,12057,70,12129,85,12101,78,11679,96,12341,65,26,695,8.360300817,30.57264205,Northeast,6,1,0,0,0,0,0,0,2,1,0,2,0,0,1,5444,844433,0,0,184.8455598,213.1666667,0.842985843,0.833333333,1893.979144,926.1431132,1060.78125,32.28846551,4872,2.48575158,7.069362219,6.210414843,1.346733962,0.979414767,25393,188,20
26,2003,14329,8405414,24.4534962,28.37416241,170.4734591,PE,192,151677,126.5847821,0.742548329,23,12864,9,12485,14,14679,21,13923,12,14252,15,13209,7,12781,13,12124,22,11449,17,11093,20,11456,19,11362,12,11,97,1.154018113,30.76990718,Northeast,1,0,0,0,1,0,0,0,0,0,0,0,0,0,0,751,850487,0,0,172.65625,90,0.833333333,0,1787.277263,897.3849693,851.6666667,32.88915554,803,2.39574477,5.13857962,4.840912298,-0.416583074,0.941977734,3892,33,22
26,2004,2081,8495827,24.48660723,28.67013476,24.49437824,PE,34,149631,22.72256417,0.92766446,3,11928,3,11982,2,14153,0,13887,3,14027,2,13069,1,12692,3,12189,2,12428,7,11689,3,10637,5,10950,2,1,30,0.353114535,29.566074,Northeast,0,0,0,0,0,0,0,0,0,0,0,0,0,0,0,154,853790,0,0,195.1764706,NA,0.823529412,NA,1926.963563,902.688172,912.5,31.87897757,130,0.89593924,3.198443632,3.123358447,#NAME?,0.887288136,662,12,20
26,2005,5017,8584137,24.51340805,28.97216633,58.44501317,PE,43,152095,28.27180381,0.483733381,8,12181,1,11613,2,13911,6,13502,2,14050,5,13439,2,13111,2,12746,2,12837,5,12206,2,11517,6,10982,3,5,60,0.698963681,31.19533586,Northeast,0,0,0,0,0,0,0,0,0,0,0,0,0,0,0,303,851942,0,0,162.9767442,NA,0.790697674,NA,1973.56405,986.1049724,1460,32.95364098,250,2.22316953,4.068086366,3.341864976,#NAME?,0.916317992,1320,16,19
26,2006,7932,8671206,24.68176281,29.27970262,91.47516505,PE,107,146108,73.23349851,0.800583398,16,11447,0,11036,6,13358,5,12909,9,13776,17,12743,8,12477,7,12316,12,12127,11,12124,10,11144,6,10651,9,7,107,1.23396907,29.37329803,Northeast,3,0,0,0,1,0,0,0,1,0,1,0,0,0,0,628,846520,0,0,172.1775701,190,0.85046729,0.666666667,1956.569767,971.2252475,677.8571429,31.60961617,504,0.09359541,4.516067515,4.293652946,0.7194364,0.908052541,2490,39,23
26,2007,20034,8754416,24.70802614,29.60025717,228.8445054,PE,483,143095,337.5379992,1.474966587,59,11149,22,10442,26,13256,24,12669,23,13456,43,12649,47,12398,47,12005,53,11741,48,11483,48,10743,43,11104,39,20,320,3.65529808,26.82444844,Northeast,15,2,2,1,1,1,1,3,1,0,1,1,1,0,2,2077,832720,124,1,179.7267081,144.2,0.832298137,0.533333333,1791.933458,914.8018018,1080.686275,30.49977017,2147,-2.77580873,5.433042757,5.821678094,2.349711642,0.57778763,7583,223,24
26,2008,18258,8837847,24.85093839,29.9315641,206.5887767,PE,412,145195,283.7563277,1.373532155,45,11492,14,11118,25,12582,28,12854,25,13042,33,12122,32,12875,38,12192,32,12376,55,12049,45,10920,40,11573,25,20,391,4.424154435,25.90612334,Northeast,22,2,1,2,0,4,4,3,1,2,2,1,0,1,1,2200,816365,83,1,184.4199029,151.1818182,0.856796117,0.590909091,1959.429875,959.101682,1114.72973,29.00515016,1730,-4.02544076,5.330730231,5.648115869,2.718134973,0.788281366,7247,252,6
26,2009,2642,8921404,24.91790713,30.27257985,29.61417284,PE,65,141815,45.83436167,1.547717099,11,11530,2,10844,10,13687,3,12709,3,12535,2,11987,6,11597,11,11560,2,11960,9,11620,3,10796,3,10990,8,3,31,0.347478939,28.55677517,Northeast,1,0,0,1,0,0,0,0,0,0,0,0,0,0,0,227,800270,12,0,152.0307692,60,0.8,0,2022.1,913.9837398,1460,31.02193709,161,-1.71580468,3.388253059,3.825034065,-0.349353205,0.646291209,849,17,22
26,2010,33575,9045621,25.11717463,30.91931842,371.1740742,PE,581,136591,425.357454,1.145978352,75,10752,24,10229,39,12733,52,12140,42,12641,43,11091,49,11466,53,11362,46,11670,55,11297,39,10518,64,10692,44,31,1122,12.40379185,26.2304691,Northeast,44,2,0,1,2,4,7,5,5,8,7,1,2,2,0,4355,785823,155,3,170.2478485,193.1818182,0.829604131,0.795454545,2122.067346,954.0031153,1151.153846,28.69330965,2590,-4.68884932,5.916671155,6.052929884,3.472368761,0.846167202,13809,658,10
26,2011,18364,9108181,25.21530708,31.19971891,201.6209384,PE,358,140079,255.5700712,1.267577035,57,10446,16,10394,29,12761,30,12350,22,13336,24,12550,18,11952,37,11777,28,11363,31,11336,36,10974,30,10840,39,18,665,7.301128513,27.57220649,Northeast,20,2,1,1,1,2,2,2,3,0,2,3,1,1,1,1903,772882,70,5,163.622905,175.6,0.796089385,0.65,2018.031229,946.620326,1003.75,30.20406812,1389,-3.62751242,5.306389392,5.543496623,2.65869591,0.882435964,6803,334,10
26,2012,31036,9171710,25.26465887,31.46492999,338.3883703,PE,371,141382,262.409642,0.775468855,59,11317,18,11424,15,12885,21,11968,21,13017,32,12032,29,11749,43,11547,32,11327,45,11600,33,11183,23,11333,35,24,223,2.431389566,30.55110195,Northeast,2,0,0,0,0,1,0,0,0,0,0,0,1,0,0,1789,762464,68,0,169.8301887,225,0.79245283,0.5,1981.158494,933.4372177,924.6666667,32.24010383,1386,-0.91382804,5.82419426,5.569906802,0.34685192,0.834009092,8362,82,26
26,2013,7217,9233551,25.37739744,31.73805798,78.16061231,PE,124,141453,87.66162612,1.121557566,8,11799,8,10857,6,12486,7,12358,6,13101,9,12316,9,12209,8,11549,17,11706,14,11552,17,10593,15,10927,5,3,78,0.844745429,28.83912983,Northeast,1,0,0,0,0,0,0,0,0,0,1,0,0,0,0,457,753334,16,0,198.4032258,270,0.870967742,1,1858.268229,909.5659164,547.5,30.996253,421,-2.89892815,4.358765842,4.473484245,-0.34679732,0.581403987,2061,18,24
26,2014,9957,9295894,25.49245587,32.02180317,107.1118066,PE,200,143489,139.3835067,1.30128985,23,11394,11,10820,9,12672,20,12746,16,12771,14,12014,15,12365,22,12245,18,11971,20,11923,10,11097,22,11471,14,9,109,1.172560703,29.03264035,Northeast,4,1,0,0,1,1,0,0,0,1,0,0,0,1,0,567,744903,16,0,171.4,114,0.83,0.25,1816.445313,857.7899344,608.3333333,31.2933043,572,-2.98916282,4.67387321,4.937229175,1.02520617,0.6624058,2867,35,24
26,2015,110221,9362073,25.66822043,32.30948007,1177.314041,PE,2696,145024,1859.002648,1.579020195,315,11689,230,11171,144,13314,177,12933,155,13036,200,12244,239,12431,269,11892,237,12255,249,11869,249,11089,232,11101,172,143,207,2.211048771,31.11779969,Northeast,2,0,1,0,1,0,0,0,0,0,0,0,0,0,0,7466,733707,0,0,170.3950297,60,0.797848665,0,1768.785138,880.0478011,1003.75,34.28908483,8177,-1.19168038,7.070990886,7.527795412,0.321418121,0.651471942,31903,39,27
26,2016,62289,9423886,25.6216487,32.62856618,660.9693708,PE,1021,130733,780.9810836,1.18156925,167,10945,105,11027,81,12791,71,12206,87,12892,81,11931,75,11860,70,10510,85,9781,68,9127,65,8587,66,9076,97,70,95,1.008076711,33.58703784,Northeast,0,0,0,0,0,0,0,0,0,0,0,0,0,0,0,4003,722988,0,0,144.3702253,NA,0.733594515,NA,1908.19577,937.0848182,1186.25,36.04103967,3519,0.95847166,6.493707501,6.660550929,#NAME?,0.623382212,16450,32,20
26,2017,7806,9484501,25.88248536,32.96232295,82.30269573,PE,203,135932,149.3393756,1.81451378,25,10013,11,9835,12,12148,16,11521,14,12715,13,12124,21,11856,15,11846,16,11073,21,11212,22,10830,17,10759,13,12,67,0.706415656,27.39034076,Northeast,5,0,0,0,1,0,0,1,0,0,1,0,2,0,0,694,718060,0,0,173.1724138,240,0.822660099,0.8,1741.720633,920.5599369,1038.846154,31.08308824,803,-5.57198219,4.410403862,5.006221404,1.302453338,0.728509664,2841,42,19
26,2018,11069,9549734,26.21337218,33.28433504,115.9089876,PE,287,138317,207.4943789,1.790149177,22,11174,22,10594,13,12469,18,12539,20,13009,25,11910,30,11736,24,11332,35,10748,26,11365,23,10643,29,10798,11,11,114,1.193750528,24.94805312,Northeast,7,1,2,1,1,0,0,1,0,0,1,0,0,0,1,1542,712099,0,0,180.6724739,96.57142857,0.846689895,0.285714286,1945.8833,968.8176034,1018.157895,28.52746331,1242,-8.33628192,4.752805293,5.335104249,1.621532183,0.631179725,4846,82,7
26,2019,37482,9612940,26.44485187,33.6044826,389.9119312,PE,739,133359,554.1433274,1.421201259,97,11366,35,10618,42,12110,38,11656,57,12105,51,11250,75,11413,68,10763,84,10943,58,10963,65,10234,69,9938,57,40,369,3.83857592,26.48527293,Northeast,8,2,0,1,1,0,0,1,1,1,0,1,0,0,2,4478,706341,0,0,174.0987821,141,0.821380244,0.5,2044.839456,983.2619477,1122.037037,29.13426022,3010,-7.11920967,5.965920896,6.317423367,1.791566988,0.58723797,14997,210,7
26,2020,19810,9672990,26.50573237,33.91508076,204.797069,PE,355,128481,276.3054459,1.349166994,55,10429,35,9978,18,11537,13,11447,22,11987,18,11160,33,11139,34,10411,33,10759,44,10265,28,9631,22,9738,31,24,60,0.620283904,31.25749621,Northeast,0,0,0,0,0,0,0,0,0,0,0,0,0,0,0,1348,707015,0,0,163.1633803,NA,0.746478873,NA,1899.855105,928.6089385,803,33.65842856,1166,-2.65758455,5.322019582,5.621506942,#NAME?,0.529546473,5036,27,24
26,2021,36441,9729201,26.6968816,34.21280524,374.5528538,PE,696,123572,563.2343897,1.50375143,122,9816,67,9297,51,11024,45,11120,61,11462,51,10807,63,10422,47,10006,49,10317,44,10046,48,9615,48,9640,74,48,19,0.19528839,30.16500645,Northeast,1,0,0,0,0,1,0,0,0,0,0,0,0,0,0,3575,702236,0,0,144.670977,120,0.728448276,0,1928.25617,940.9065217,NA,33.25768163,2972,-4.04779879,5.925732925,6.333695864,-0.211653796,0.468554227,11579,6,25
26,2022,15896,9699144,26.9709607,34.02728096,163.8907516,PE,266,116059,229.1937721,1.39845458,41,9781,18,9303,14,10667,19,10004,13,10825,14,9877,26,9724,24,9480,24,8912,25,8619,18,9129,30,9738,22,19,18,0.185583388,29.83140413,Northeast,0,0,0,0,0,0,0,0,0,0,0,0,0,0,0,1379,693165,0,0,168.6729323,NA,0.778195489,NA,1921.439195,947.7122381,NA,32.50777095,1153,-4.19587683,5.099200057,5.434567812,#NAME?,0.549260778,4842,8,21
26,2023,7857,9752900,26.85241028,34.34267141,80.56065375,PE,141,121939.6285,115.6309903,1.435328351,20,9807.458169,7,9322.023386,9,11308.80599,10,10942.71904,9,11471.50165,6,10583.84947,8,10454.50165,11,10000.67556,17,9913.41469,16,9750.284256,14,9121.545125,14,9262.849473,12,8,7,0.071773524,27.7776505,Northeast,0,0,0,0,0,0,0,0,0,0,0,0,0,0,0,703,690217,0,0,176.1843972,NA,0.808510638,NA,1922.101386,946.0864745,NA,30.3513324,586,-6.56502091,4.389010363,4.750404002,#NAME?,0.466557707,2444,2,24
26,2024,27543,9804422,26.97127091,34.65902783,280.9242605,PE,347,120391.0079,288.2275064,1.025997206,53,9678.406456,11,9192.971673,17,11179.75428,19,10813.66733,15,11342.44993,28,10454.79776,26,10325.44993,34,9871.623847,34,9784.362978,43,9621.232543,38,8992.493412,29,9133.79776,34,19,20,0.203989588,30.08822568,Northeast,0,0,0,0,0,0,0,0,0,0,0,0,0,0,0,1986,686834,0,0,179.4697406,NA,0.81556196,NA,1970.229671,956.7961165,NA,32.18137063,1602,-4.57080215,5.638085097,5.663750121,#NAME?,0.52633242,7473,7,25
27,2000,783,2888505,24.16126225,25.53448756,27.10744832,AL,10,65763,15.20611894,0.560957223,0,5455,3,4976,0,5674,0,5663,2,6384,0,5634,1,5833,1,5406,0,5122,1,5393,1,5116,1,5107,0,0,6,0.20771991,28.56577267,Northeast,0,0,0,0,0,0,0,0,0,0,0,0,0,0,0,52,333356,0,0,162,NA,0.7,NA,1893.705882,884.8484848,912.5,30.63724138,48,3.03128511,3.299808536,2.721697909,#NAME?,0.854803493,253,2,17
27,2001,1655,2927047,24.19740033,25.76214834,56.54162711,AL,17,67805,25.07189735,0.443423697,1,5429,0,4830,1,6117,1,6066,1,6412,2,5806,3,5886,1,5599,2,5535,4,5710,0,5299,1,5116,1,0,6,0.204984751,32.97703927,Northeast,0,0,0,0,0,0,0,0,0,0,0,0,0,0,0,82,336587,0,0,189.4705882,NA,0.941176471,NA,1771.821192,909.8550725,NA,35.1164295,92,7.21489093,4.03497713,3.221747592,#NAME?,0.837619768,407,2,23
27,2002,5902,2964165,24.20745823,26.01112387,199.1117229,AL,53,64457,82.22535954,0.412960916,9,5525,2,5060,5,6001,2,5685,4,6058,4,5567,5,5479,10,5166,1,4962,5,5045,4,4829,2,5080,6,3,33,1.113298349,29.81853609,Northeast,1,0,0,0,0,0,0,1,0,0,0,0,0,0,0,273,340956,0,0,154.490566,180,0.79245283,1,2000.67757,1003.16129,1095,31.05721878,204,3.80741222,5.293866089,4.409463765,0.439171851,0.793606207,1446,6,22
27,2003,5281,2999214,24.14675209,26.28054684,176.0794662,AL,21,63032,33.31641071,0.189212356,4,5413,2,5090,0,5843,2,5626,0,5926,5,5537,0,5411,0,5185,2,5020,1,4742,1,4616,4,4623,2,2,50,1.667103448,31.21757243,Northeast,0,0,0,0,0,0,0,0,0,0,0,0,0,0,0,220,345458,0,0,162.1904762,NA,0.714285714,NA,2200.665584,995.4545455,973.3333333,31.97511664,116,4.93702559,5.170935406,3.50605009,#NAME?,0.868559239,1244,11,20
27,2004,4224,3031534,24.215198,26.57492477,139.3353992,AL,22,59258,37.12578892,0.26644908,1,4781,3,4517,5,5401,2,5387,0,5720,0,5148,0,5183,2,4862,1,4880,4,4678,4,4493,0,4208,0,1,30,0.989598005,30.73200758,Northeast,0,0,0,0,0,0,0,0,0,0,0,0,0,0,0,203,348560,0,0,160.4090909,NA,0.818181818,NA,2220.527273,1013.888889,1460,31.55019493,98,4.15708281,4.936883971,3.614311847,#NAME?,0.938512764,1038,7,22
27,2005,2364,3062332,24.18452263,26.88176135,77.19607149,AL,4,60662,6.593913818,0.085417738,1,4697,0,4477,0,5780,0,5460,1,5803,1,5326,0,5340,0,5083,0,4992,0,4893,0,4517,1,4294,0,1,19,0.620442199,30.49450085,Northeast,0,0,0,0,0,0,0,0,0,0,0,0,0,0,0,127,349344,0,0,153.75,NA,0.75,NA,2232.44186,924.6666667,NA,31.31808279,65,3.6127395,4.346348568,1.886147075,#NAME?,0.89799014,581,1,22
27,2006,2874,3092076,24.20001739,27.19641723,92.94726262,AL,16,57510,27.82124848,0.299322946,1,4633,0,4309,3,5137,1,4914,0,5581,2,5027,4,4908,1,4900,2,4663,1,4818,1,4386,0,4234,1,0,36,1.164266338,29.76791928,Northeast,0,0,0,0,0,0,0,0,0,0,0,0,0,0,0,150,347580,0,0,160.125,NA,0.9375,NA,2231.766169,1009.117647,1095,30.6106925,71,2.57150205,4.532032264,3.325800063,#NAME?,0.913858868,725,13,21
27,2007,10314,3119601,24.23689161,27.53102849,330.6192042,AL,103,57406,179.4237536,0.542690054,13,4483,2,4298,4,5497,14,5012,10,5275,8,4964,7,5079,13,4777,10,4515,9,4789,5,4391,8,4326,9,4,237,7.597125402,28.3388598,Northeast,3,0,0,0,0,0,0,0,1,1,0,0,1,0,0,701,343326,52,1,165.7184466,260,0.854368932,1,2025.649171,956.5844156,693.5,29.94570928,504,0.80783131,5.800967273,5.189750347,1.653633647,0.885676617,3038,74,21
27,2008,12767,3146881,24.35458709,27.87374419,405.703298,AL,219,58076,377.0920862,0.929477498,32,4662,5,4379,17,4973,22,5051,18,5283,9,4992,12,5032,24,4975,25,4926,20,4877,20,4460,15,4466,14,18,221,7.022826729,24.90545939,Northeast,11,0,0,1,0,4,2,0,1,1,0,1,1,0,0,1504,336789,43,2,167.4063927,174.5454545,0.831050228,0.545454545,1968.453132,965.2685714,1244.318182,27.62080183,1174,-2.9682848,6.005622099,5.932489418,2.941312961,0.648464164,5104,130,21
27,2009,3646,3172546,24.47980026,28.23299111,114.9234716,AL,46,55471,82.9262137,0.721577695,6,4545,2,4133,1,5203,5,5073,2,5015,6,4790,5,4579,1,4430,5,4626,6,4497,4,4261,3,4319,3,3,60,1.891225533,26.71503017,Northeast,1,0,0,0,1,0,0,0,0,0,0,0,0,0,0,241,328391,13,0,172.1304348,90,0.826086957,0,1917.79661,901.8895349,821.25,28.52327637,206,-1.51796094,4.744266442,4.417951221,0.589309824,0.73143996,1183,25,22
27,2010,44881,3206465,24.52736135,28.81267377,1399.703412,AL,674,54164,1244.368954,0.889023305,119,4178,32,4123,42,4868,41,4782,40,5138,48,4633,48,4725,56,4614,51,4686,74,4280,65,4091,58,4046,68,51,462,14.40839055,24.97676077,Northeast,16,0,0,0,0,2,1,3,4,1,3,2,0,0,0,5044,320086,201,0,166.227003,213.75,0.775964392,0.875,1986.26453,956.0690316,1221.956522,27.55016278,3968,-3.835913,7.244015645,7.126383816,3.385742427,0.796311588,19140,203,17
27,2011,8367,3224795,24.51502367,29.13178636,259.4583532,AL,120,54281,221.0718299,0.852051311,20,4135,4,3942,4,4913,8,4870,13,5277,6,4885,9,4632,19,4466,15,4489,14,4347,4,4146,4,4179,10,10,70,2.170680617,27.68447472,Northeast,1,0,0,0,0,0,0,0,1,0,0,0,0,0,0,619,313055,33,0,161.2416667,210,0.8,1,2015.237849,954.454023,1277.5,29.54955071,455,-1.44731164,5.558596201,5.398487671,0.610995928,0.803320704,2789,26,24
27,2012,27406,3242168,24.55122834,29.45346848,845.298578,AL,296,52510,563.702152,0.666867503,66,4217,13,4276,32,4775,24,4547,16,4904,17,4449,24,4526,24,4086,15,4355,17,4321,30,3953,18,4101,33,33,138,4.256411142,29.17175071,Northeast,1,0,0,0,0,0,0,0,0,1,0,0,0,0,0,1309,305173,88,0,143.4560811,240,0.733108108,1,1956.008326,945.6623681,730,30.57648143,1071,-0.28171777,6.739689912,6.334526013,0.644166558,0.895189305,7814,51,17
27,2013,10672,3258818,24.53606539,29.78241774,327.4807001,AL,153,52488,291.4951989,0.890114131,25,4368,4,4075,14,4693,7,4532,6,4827,13,4316,13,4564,16,4356,15,4434,11,4216,12,4093,17,4014,16,9,29,0.889893207,27.14814468,Northeast,1,0,0,0,0,0,1,0,0,0,0,0,0,0,0,759,298706,35,0,170.4640523,150,0.810457516,1,1918.774704,952.173913,851.6666667,29.17292089,658,-2.63427306,5.791429122,5.675023535,0.644585614,0.845917471,3529,19,20
27,2014,13209,3274988,24.64443973,30.11914761,403.3297221,AL,185,51859,356.7365356,0.884478669,39,4105,14,3975,8,4522,15,4447,14,4894,20,4417,13,4402,13,4213,8,4447,16,4343,17,4087,8,4007,24,15,277,8.458046258,29.3354531,Northeast,3,0,0,0,0,1,0,0,0,0,1,1,0,0,0,556,292963,0,0,143.2540541,230,0.713513514,0.666666667,1907.954545,825.2173913,973.3333333,30.7570689,469,-0.78369451,5.999754396,5.876997514,1.755253977,0.836258191,3566,75,18
27,2015,27010,3291245,24.71018237,30.46417845,820.6620899,AL,545,52257,1042.922479,1.27083058,53,4174,43,3876,49,4898,31,4563,53,4805,49,4489,34,4434,49,4190,48,4378,48,4303,41,4059,47,4088,32,21,134,4.071407628,30.73354313,Northeast,4,0,0,0,0,0,1,0,1,2,0,0,0,0,0,1637,286257,0,0,165.3577982,210,0.823853211,1,1878.189018,923.4136213,1095,33.05741512,1489,0.26936468,6.710111441,6.949782127,2.035290694,0.820735934,8195,44,18
27,2016,19351,3306510,24.71302217,30.82764274,585.2394216,AL,269,48164,558.5084295,0.95432469,36,3875,38,3898,15,4380,20,4240,23,4636,19,4274,23,4351,20,3912,27,3788,13,3751,18,3459,17,3600,23,13,31,0.93754442,33.70197923,Northeast,1,0,0,0,0,0,0,0,0,0,0,1,0,0,0,1014,279910,0,0,145.9665428,300,0.724907063,1,1927.834783,939.9648383,730,35.68071197,879,2.87433649,6.372021031,6.325269712,0.730558332,0.734251362,5233,9,20
27,2017,2914,3321425,24.89501271,31.19794215,87.73342767,AL,44,50368,87.3570521,0.995710009,6,3709,2,3637,3,4447,2,4261,4,4740,2,4489,4,4291,4,4270,5,4073,4,4310,2,4128,6,4013,3,3,17,0.511828507,30.95332876,Northeast,1,0,0,0,0,0,0,0,1,0,0,0,0,0,0,56,274724,0,0,175.0909091,210,0.818181818,1,1522.248062,770,1460,32.31023339,85,-0.24461339,4.474302986,4.470003767,0.685814133,0.963810174,786,6,17
27,2018,2195,3337218,25.25390506,31.55880707,65.77334774,AL,33,52496,62.86193234,0.955735636,2,4202,2,3950,0,4722,5,4765,3,4900,0,4577,1,4485,7,4440,6,4156,0,4356,0,3947,7,3996,1,1,51,1.528219014,28.63052392,Northeast,1,0,0,0,0,0,0,0,1,0,0,0,0,0,0,88,269021,0,0,190.6666667,210,0.878787879,1,1912.694805,940.1515152,1314,30.08121096,81,-2.92828315,4.186214707,4.140940771,0.64443321,0.967287597,611,29,18
27,2019,20846,3352332,25.48290264,31.91133605,621.8357848,AL,410,49803,823.2435797,1.323892256,38,4346,13,3958,29,4654,15,4398,29,4596,37,4100,31,4353,51,4259,50,4179,30,3848,50,3380,37,3732,24,14,630,18.79288806,28.19202725,Northeast,27,1,0,0,1,1,6,5,5,5,0,2,1,0,1,1828,264190,0,0,186.7682927,193.0740741,0.875609756,0.888888889,1963.958119,917.7142857,806.8421053,30.63040739,1388,-3.7193088,6.432676046,6.713252123,3.992931829,0.658159615,7610,271,19
27,2020,2320,3366451,25.6061935,32.25174642,68.91530576,AL,61,48341,126.1868807,1.831042891,5,3803,5,3598,2,4308,1,4269,2,4525,4,4065,3,4250,1,3939,12,4003,5,4100,9,3700,12,3781,3,2,91,2.703143459,28.25646552,Northeast,3,0,0,0,0,0,0,0,0,2,0,0,1,0,0,199,261064,0,0,211.3278689,270,0.836065574,1,1965.917722,910.9401709,608.3333333,30.83001894,147,-3.9952809,4.232878298,4.837763988,1.825502413,0.915523156,760,37,20
27,2021,7758,3379390,25.77338353,32.57970936,229.5680581,AL,138,48351,285.412918,1.243260584,13,3842,15,3558,11,4339,13,4355,20,4483,8,4227,16,4123,9,4021,9,3992,8,3956,9,3650,7,3805,11,2,21,0.621413924,26.58932715,Northeast,0,0,0,0,0,0,0,0,0,0,0,0,0,0,0,786,256875,0,0,145.6449275,NA,0.797101449,NA,2015.066335,902.9404762,NA,28.95823896,556,-5.99038221,5.436199535,5.653936967,#NAME?,0.912213251,2888,5,20
27,2022,33473,3368901,26.16776736,32.51871486,993.5881167,AL,394,45432,867.2301462,0.872826608,76,3824,35,3563,29,4217,34,3963,33,4179,28,3915,20,3836,26,3531,24,3369,30,3420,29,3712,30,3903,46,30,18,0.534298871,31.02252562,Northeast,1,0,0,0,0,0,0,0,1,0,0,0,0,0,0,2143,252908,0,0,143.2766497,210,0.718274112,1,2015.911389,992.6803279,365,32.81124766,1588,-1.49618924,6.901322751,6.765304393,0.788953483,0.987463981,8839,8,23
27,2023,4754,3381438,25.68858771,32.8634022,140.591074,AL,79,44016.99605,179.4761276,1.276582663,11,3519.017787,2,3262.365613,5,4082.539526,4,3933.278656,5,4256.409091,2,3833.1917,7,3836.452569,11,3618.104743,9,3570.713439,8,3544.756917,8,3274.322134,7,3285.843874,7,4,5,0.147866085,27.05321834,Northeast,0,0,0,0,0,0,0,0,0,0,0,0,0,0,0,374,250601,0,0,181.5316456,NA,0.835443038,NA,1936.215559,926.7695473,NA,29.26272352,313,-5.81018386,4.945855492,5.190042205,#NAME?,0.998530647,1489,NA,24
27,2024,17903,3393427,25.76576878,33.2052297,527.5787574,AL,220,43155.58103,509.7834272,0.966269813,38,3447.233202,13,3190.581028,17,4010.754941,17,3861.494071,14,4184.624506,16,3761.407115,16,3764.667984,17,3546.320158,22,3498.928854,24,3472.972332,18,3202.537549,8,3214.059289,29,9,30,0.884062041,28.33273753,Northeast,0,0,0,0,0,0,0,0,0,0,0,0,0,0,0,1353,248720,0,0,152.9409091,NA,0.768181818,NA,2013.539568,994.7745902,NA,30.23046922,1017,-4.87249217,6.268298157,6.233985983,#NAME?,0.957059639,5476,4,20
28,2000,6387,1831050,24.72183063,26.07692253,348.816253,SE,21,40716,51.57677571,0.147862307,0,3045,2,3189,1,3648,1,3643,1,4006,1,3733,2,3641,1,3442,2,3296,3,3079,5,2917,2,3077,0,0,1,0.054613473,31.61781744,Northeast,0,0,0,0,0,0,0,0,0,0,0,0,0,0,0,237,204475,0,0,214.2857143,NA,0.904761905,NA,2108.082386,923.6086957,NA,32.43471261,155,5.54089491,5.854545288,3.943071488,#NAME?,0.937490829,1400,NA,22
28,2001,3379,1862650,24.72799402,26.34608488,181.4082087,SE,21,39842,52.70819738,0.290550233,7,3296,1,3011,2,3535,1,3405,2,3732,1,3564,2,3477,0,3381,1,3305,1,3159,2,2939,1,3038,5,2,8,0.429495611,32.62474105,Northeast,0,0,0,0,0,0,0,0,0,0,0,0,0,0,0,133,205849,0,0,119,NA,0.619047619,NA,2198.021978,931.122449,NA,33.49238733,74,6.27865617,5.200749789,3.964770991,#NAME?,0.960011344,728,NA,21
28,2002,4812,1891675,24.89113492,26.66158193,254.377734,SE,47,37085,126.735877,0.498219223,13,3218,2,2943,4,3466,3,3380,3,3532,2,3231,6,3102,3,2865,3,2896,5,2853,1,2762,2,2837,8,5,15,0.792948049,31.74709061,Northeast,0,0,0,0,0,0,0,0,0,0,0,0,0,0,0,199,208148,0,0,130.8723404,NA,0.680851064,NA,2106.535836,896.9680851,NA,32.84673421,126,5.08550868,5.538820304,4.842105213,#NAME?,0.920852359,1080,1,24
28,2003,4737,1920044,24.88143657,26.98876432,246.7130962,SE,32,36884,86.75848606,0.351657401,11,3039,2,2972,2,3431,3,3300,1,3488,2,3245,3,3210,3,3080,3,3016,1,2772,1,2625,0,2706,6,5,10,0.520821398,32.11082964,Northeast,0,0,0,0,0,0,0,0,0,0,0,0,0,0,0,186,210518,0,0,108,NA,0.59375,NA,2029.912281,984.3939394,365,33.18643326,135,5.12206532,5.508226108,4.463128236,#NAME?,0.98838897,1042,2,21
28,2004,410,1947776,25.00962965,27.32455529,21.04964842,SE,3,35827,8.373573004,0.397801086,0,2706,0,2898,0,3388,0,3323,0,3450,0,3167,0,3103,0,2981,0,2884,1,2880,2,2603,0,2444,0,0,0,0,30.55121951,Northeast,0,0,0,0,0,0,0,0,0,0,0,0,0,0,0,16,211593,0,0,290,NA,1,NA,2007.5,912.5,NA,31.33082707,8,3.22666422,3.046883858,2.125080676,#NAME?,0.913140312,85,NA,24
28,2005,629,1975201,24.99965152,27.66130941,31.84486035,SE,6,37370,16.05565962,0.504183703,1,2846,1,2867,1,3433,0,3348,1,3676,0,3356,1,3253,0,3052,1,3095,0,2993,0,2720,0,2731,1,0,3,0.151883277,31.79491256,Northeast,0,0,0,0,0,0,0,0,0,0,0,0,0,0,0,25,210583,0,0,105.3333333,NA,0.666666667,NA,2071.375,973.3333333,NA,32.91914191,17,4.13360315,3.460875999,2.776061412,#NAME?,0.95890411,143,NA,25
28,2006,1085,2003055,25.07706214,27.99294428,54.16725951,SE,10,37061,26.9825423,0.49813379,2,2768,0,2726,1,3442,0,3401,1,3600,0,3239,1,3109,1,3159,0,3023,2,3041,0,2843,2,2710,1,1,3,0.149771224,30.50506912,Northeast,0,0,0,0,0,0,0,0,0,0,0,0,0,0,0,69,208048,0,0,179.8,NA,0.8,NA,2182.150538,973.3333333,NA,31.73628489,36,2.51212484,3.992076658,3.295190075,#NAME?,0.949344978,291,1,33
28,2007,1060,2029967,25.22856903,28.33557393,52.21759763,SE,14,35801,39.10505293,0.748886481,3,2799,0,2808,0,3584,1,3317,2,3329,0,3236,1,3074,2,2964,0,2719,1,2644,1,2565,3,2762,0,3,23,1.133023345,30.45754717,Northeast,1,1,0,0,0,0,0,0,0,0,0,0,0,0,1,55,202459,4,0,182.5714286,19,0.785714286,0,1848.657407,1115.660377,1241,32.5995935,62,2.12197324,3.955419557,3.66625169,1.02719436,0.574681849,282,16,28
28,2008,27757,2056609,25.35648186,28.69214809,1349.648864,SE,503,36633,1373.078918,1.017360111,71,2770,18,2730,29,3305,29,3218,36,3459,30,3225,47,3318,48,3058,40,3017,44,3010,55,2809,56,2714,34,37,1189,57.81361455,23.84072486,Northeast,45,4,2,1,2,9,3,6,7,3,4,2,2,1,3,3992,196374,92,4,178.4552684,167.4,0.82306163,0.6,1943.610585,944.5038494,991.4189189,27.02251524,3137,-4.85142323,7.207599737,7.224810883,4.810883202,0.852627327,12161,852,6
28,2009,972,2082986,25.55373266,29.05929421,46.66377979,SE,10,35109,28.48272523,0.610381871,0,2748,1,2649,0,3531,0,3340,1,3355,0,3024,1,2945,1,2857,3,2775,1,2752,2,2566,0,2567,0,0,23,1.10418409,26.04938272,Northeast,1,0,0,0,0,0,0,0,0,0,0,1,0,0,0,68,190712,4,0,213,300,0.9,1,1657.1,925.8536585,365,28.94450867,97,-3.00991149,3.84296827,3.349297771,1.046712678,0.287343835,339,8,16
28,2010,598,2116435,25.51581609,29.67179195,28.25506099,SE,12,34016,35.27751646,1.248537969,1,2559,0,2622,2,3269,1,3097,1,3159,0,2970,1,2893,1,2816,1,2819,2,2697,2,2572,0,2543,0,1,45,2.126216964,25.7173913,Northeast,2,0,0,0,0,1,0,0,0,0,1,0,0,0,0,95,186408,2,0,177.1666667,195,0.916666667,0.5,2321.025641,1095,1095,27.79744526,38,-3.95440065,3.341272592,3.563245834,1.771486364,0.674968867,238,31,8
28,2011,3763,2138952,25.66937724,29.98580847,175.9272765,SE,64,34925,183.249821,1.041622565,5,2615,5,2544,2,3171,9,3084,4,3440,8,3267,9,3017,2,2871,2,2788,9,2762,4,2738,5,2628,4,1,80,3.740149382,25.07866064,Northeast,4,0,0,1,1,0,0,1,0,0,0,0,1,0,0,473,183669,0,0,165.578125,165,0.84375,0.5,2110.421512,1020.302326,1054.444444,27.35724744,284,-4.90714783,5.170070708,5.210850364,2.438261642,0.705851205,1547,65,11
28,2012,4581,2160921,25.69444119,30.29461651,211.9929419,SE,39,34108,114.3426762,0.539370203,10,2611,0,2830,2,3177,3,3046,3,3197,1,2888,2,2894,5,2719,5,2604,3,2749,1,2717,4,2676,6,4,46,2.128721966,28.3280943,Northeast,3,1,0,0,0,2,0,0,0,0,0,0,0,1,0,310,182559,0,0,156.4358974,83.66666667,0.743589744,0,2065.676856,964.2905405,958.125,29.79455217,210,-1.96652221,5.356552981,4.739199871,2.174250514,0.888454861,1428,38,12
28,2013,795,2182192,25.73919014,30.61071253,36.43125811,SE,18,34228,52.58852402,1.44350008,3,2878,2,2619,0,2938,0,3091,4,3193,1,2963,2,2991,0,2842,3,2803,2,2648,0,2556,1,2706,3,0,7,0.320778373,27.89056604,Northeast,0,0,0,0,0,0,0,0,0,0,0,0,0,0,0,47,181557,0,0,148,NA,0.722222222,NA,1720.114943,821.25,486.6666667,30.3415978,51,-2.72014649,3.595427145,3.962497921,#NAME?,0.712871287,251,5,26
28,2014,2243,2203617,25.78818121,30.92784635,101.787198,SE,20,34369,58.19197533,0.571702301,5,2733,0,2655,2,2990,3,2999,0,3223,2,2993,3,3013,0,2956,1,2807,3,2649,1,2752,0,2599,1,4,20,0.907598734,27.76950513,Northeast,0,0,0,0,0,0,0,0,0,0,0,0,0,0,0,171,180691,0,0,134.3,NA,0.75,NA,1993.357934,952.65,1095,29.5750478,131,-3.15834122,4.62288434,4.063747464,#NAME?,0.924343569,690,13,29
28,2015,9149,2225524,25.76550105,31.24471001,411.0941962,SE,104,34917,297.8491852,0.724527828,23,2778,18,2722,6,3256,5,3187,9,3369,5,3039,14,2960,4,2854,3,2921,7,2823,7,2483,3,2525,12,11,8,0.359465906,32.89124494,Northeast,0,0,0,0,0,0,0,0,0,0,0,0,0,0,0,521,178832,0,0,121.2307692,NA,0.605769231,NA,2053.874842,993.6111111,NA,34.51543068,361,1.64653493,6.018822376,5.696587269,#NAME?,0.761641159,2174,2,27
28,2016,3457,2246467,25.87264883,31.58391198,153.8860798,SE,29,32218,90.01179465,0.584924866,3,2603,4,2521,1,3083,2,3058,4,3188,2,2976,3,2850,1,2601,2,2376,4,2399,0,2269,3,2294,2,1,2,0.089028684,31.58547874,Northeast,0,0,0,0,0,0,0,0,0,0,0,0,0,0,0,253,176413,0,0,154.4827586,NA,0.75862069,NA,2085.714286,963.6,NA,33.24900581,159,0.00156676,5.036212587,4.499940713,#NAME?,0.548266972,983,NA,19
28,2017,588,2267191,26.14807925,31.92525905,25.93517705,SE,3,33867,8.85818053,0.341550802,0,2524,0,2524,0,3011,0,2918,0,3309,1,2903,0,2906,0,2790,1,2678,0,2840,1,2676,0,2788,0,0,2,0.088214888,29.84183673,Northeast,0,0,0,0,0,0,0,0,0,0,0,0,0,0,0,39,174585,0,0,230,NA,1,NA,1993.015873,942.9166667,NA,31.45045045,30,-2.08342232,3.255600234,2.181341386,#NAME?,0.606112054,170,1,18
28,2018,228,2288812,26.42234937,32.25161918,9.961499678,SE,7,34256,20.43437646,2.051335353,1,2683,0,2636,0,3184,1,3244,0,3331,1,2986,1,2878,1,2812,0,2684,0,2594,0,2585,2,2639,0,1,6,0.262144728,27.23245614,Northeast,0,0,0,0,0,0,0,0,0,0,0,0,0,0,0,14,172611,0,0,188.5714286,NA,0.857142857,NA,1923.269231,821.25,1095,29.69711538,13,-5.01916304,2.29872763,3.017218603,#NAME?,0.792207792,77,3,23
28,2019,5931,2309770,26.68810594,32.57502868,256.7788135,SE,126,32697,385.3564547,1.500733061,19,2681,10,2644,2,3039,7,2901,11,2954,5,2872,8,2756,17,2668,9,2615,11,2639,11,2451,16,2477,10,9,560,24.24483823,20.9849941,Northeast,22,3,0,0,1,1,1,0,4,2,2,4,4,1,2,1181,171157,0,0,175.1507937,217.5,0.76984127,0.772727273,2141.838729,1017.357456,1175.3,23.82240437,681,-11.59003458,5.548215066,5.954168762,4.208929309,0.998323273,3433,466,10
28,2020,1849,2329845,26.71709036,32.88889647,79.36150259,SE,21,31784,66.07097911,0.832531857,4,2518,1,2463,1,3060,1,2947,0,3009,3,2753,4,2841,1,2572,1,2565,3,2484,0,2265,2,2307,2,2,16,0.686740963,31.36073553,Northeast,2,0,0,0,0,0,0,1,0,0,1,0,0,0,0,152,171195,0,0,158.8095238,225,0.761904762,1,2153.165138,1006.515152,1460,33.10900746,85,-1.52816094,4.374013397,4.190729605,1.839354348,0.999460626,472,14,35
28,2021,1029,2348910,27.01041598,33.19258805,43.80755329,SE,6,30364,19.76024239,0.4510693,0,2479,2,2243,0,2761,0,2626,0,2939,0,2589,0,2633,0,2505,1,2468,0,2461,2,2291,1,2369,0,0,0,0,34.16132167,Northeast,0,0,0,0,0,0,0,0,0,0,0,0,0,0,0,71,170200,0,0,205,NA,0.666666667,NA,1980.044248,1025.47619,NA,36.18944099,57,0.96873362,3.779806252,2.983671959,#NAME?,0.996131528,242,NA,25
28,2022,5177,2352066,27.31662797,33.12487745,220.1043678,SE,97,28000,346.4285714,1.573928654,16,2503,7,2241,4,2767,5,2517,12,2693,11,2384,4,2361,6,2229,8,1947,4,1981,7,2089,13,2288,9,7,27,1.147926971,25.72339193,Northeast,1,0,0,0,0,1,0,0,0,0,0,0,0,0,0,615,169230,0,0,160.7319588,120,0.762886598,0,2127.208657,985.2447552,365,28.02569548,371,-7.40148552,5.394101833,5.847676654,1.272965676,0.998654622,2246,17,11
28,2023,2871,2370483,27.06130961,33.44662333,121.1145577,SE,41,29938.96344,136.945289,1.130708741,1,2345.359272,1,2286.967968,7,2826.620142,7,2736.228837,1,2920.620142,2,2658.533185,3,2598.620142,4,2461.620142,6,2375.837533,3,2324.011446,5,2188.533185,1,2216.011446,0,1,16,0.674967928,24.80076628,Northeast,3,0,0,0,1,1,0,0,0,0,0,1,0,0,0,329,169837,0,0,170.3170732,170,0.951219512,0.333333333,2061.478873,953.7797619,NA,27.07222436,227,-8.64585705,4.796736856,4.919581496,2.304621718,0.995138889,1298,10,14
28,2024,1999,2388296,27.16704463,33.76943101,83.6998429,SE,48,29559.42885,162.3847343,1.940084099,4,2313.73139,6,2255.340086,2,2794.99226,2,2704.600955,4,2888.99226,4,2626.905303,2,2566.99226,6,2429.99226,5,2344.209651,2,2292.383564,4,2156.905303,7,2184.383564,2,2,5,0.209354284,26.27063532,Northeast,0,0,0,0,0,0,0,0,0,0,0,0,0,0,0,213,169993,0,0,176.875,NA,0.791666667,NA,1934.705056,926.5384615,365,29.30214205,177,-7.49879569,4.427237101,5.089968423,#NAME?,0.967006308,823,2,8
29,2000,6012,13387114,24.09810148,26.83056475,44.90885788,BA,97,239530,40.49597128,0.901736833,0,19438,4,19280,4,22268,9,20737,6,22538,11,21189,9,20547,14,20145,9,19672,6,18933,14,17345,11,17438,0,0,4,0.02987948,30.15202927,Northeast,0,0,0,0,0,0,0,0,0,0,0,0,0,0,0,384,1424558,0,0,203.1958763,NA,0.958762887,NA,1817.342657,915.2567976,NA,32.65119652,399,3.32146452,3.804635055,3.701202495,#NAME?,0.643017416,1741,3,20
29,2001,17327,13511675,24.07019686,27.15089091,128.2372467,BA,144,235725,61.08813236,0.476368091,11,19621,10,17767,5,21600,4,20364,11,21665,10,20705,22,20002,19,19326,15,19452,12,19279,7,18371,18,17573,7,4,18,0.133218124,31.49656605,Northeast,0,0,0,0,0,0,0,0,0,0,0,0,0,0,0,803,1418235,0,0,185.7430556,NA,0.854166667,NA,1900.599564,917.9144852,365,32.9969651,708,4.34567514,4.853882038,4.112317614,#NAME?,0.618734828,4273,5,21
29,2002,36696,13625299,24.15098765,27.49009493,269.3225301,BA,249,237375,104.8973144,0.389485849,7,19678,13,18475,4,21835,15,21455,19,21746,16,20169,33,20529,25,19524,31,18916,21,18829,37,17804,28,18415,4,3,87,0.638518098,30.51918465,Northeast,0,0,0,0,0,0,0,0,0,0,0,0,0,0,0,1871,1414545,0,0,206.3855422,NA,0.919678715,NA,1922.333333,932.904613,1186.25,32.01030661,1615,3.02908972,5.595909658,4.652981913,#NAME?,0.473680815,9572,24,21
29,2003,22302,13733641,24.20898069,27.82976292,162.3895659,BA,138,239017,57.736479,0.355543034,26,20204,6,18875,9,22817,9,21201,13,21759,8,20594,9,20310,11,19536,7,19748,18,18762,10,17738,12,17473,21,5,106,0.771827369,32.20078917,Northeast,0,0,0,0,0,0,0,0,0,0,0,0,0,0,0,941,1411042,0,0,159.4927536,NA,0.768115942,NA,2019.270197,944.7462406,912.5,33.35865058,703,4.37102625,5.089998176,4.055889192,#NAME?,0.526247737,5243,19,21
29,2004,2112,13834331,24.29377138,28.17707282,15.26636886,BA,16,234454,6.8243664,0.44701962,5,18916,1,19084,1,22611,1,21607,1,21858,1,20189,1,19652,0,18969,1,18947,1,18220,0,17362,3,17039,3,2,24,0.173481464,31.68607955,Northeast,0,0,0,0,0,0,0,0,0,0,0,0,0,0,0,81,1404067,0,0,136.25,NA,0.625,NA,1895.820896,840.1886792,1277.5,32.95652174,72,3.50900673,2.725652295,1.920499502,#NAME?,0.465203074,505,7,21
29,2005,10451,13927082,24.35619926,28.53285283,75.04084488,BA,82,231065,35.48784974,0.472913782,23,18622,4,18219,6,22659,4,21000,5,22387,7,20796,5,19703,4,18854,10,18514,2,17916,5,16393,7,16002,10,13,51,0.366193004,32.22103148,Northeast,2,0,0,0,0,0,1,0,0,1,0,0,0,0,0,486,1391503,0,0,138,195,0.670731707,1,2115.957143,967.0794393,365,33.32192121,292,3.68817865,4.318032564,3.569190377,-0.14438169,0.584599967,2558,12,23
29,2006,4383,14010517,24.49519726,28.90124069,31.28364214,BA,52,220187,23.61628979,0.754908578,6,17144,2,17209,5,20647,1,19643,4,20992,4,19272,10,18325,3,18178,4,18508,4,18117,4,16072,5,16080,2,4,39,0.278362319,32.81291353,Northeast,1,0,0,0,0,0,0,0,0,1,0,0,0,0,0,205,1369771,0,0,172.25,240,0.846153846,1,1964.462687,926.5384615,NA,34.41498559,167,3.91167284,3.443095346,3.161936719,-0.789306999,0.647760754,1022,12,22
29,2007,9111,14086671,24.64878538,29.28039499,64.67816278,BA,139,220398,63.06772294,0.975100718,18,17284,1,16710,12,21755,6,20150,19,20800,11,19244,14,18827,11,18000,14,17289,11,17093,15,16174,7,17072,10,8,73,0.51822038,31.40928548,Northeast,1,0,0,1,0,0,0,0,0,0,0,0,0,0,0,477,1338749,22,0,168.5467626,60,0.863309353,0,2017.472678,854.5294118,973.3333333,33.01435517,334,2.12889049,4.16942363,4.144209116,-0.790264817,0.639511418,2305,21,24
29,2008,35970,14162269,24.86396031,29.67509472,253.9847252,BA,503,221700,226.8831755,0.893294568,102,17782,31,17564,27,20368,31,19481,25,19938,25,18681,35,18938,53,18359,42,18200,41,18107,44,16804,47,17478,56,46,444,3.135090853,29.41420628,Northeast,16,2,1,0,1,1,2,0,8,0,1,0,0,1,1,2865,1306604,174,0,160.5308151,157.4375,0.735586481,0.6875,2006.765429,988.0211574,1147.142857,31.53641192,2140,-0.26088844,5.537274128,5.424435239,1.976433792,0.537419492,11414,224,21
29,2009,95869,14235887,25.01397622,30.08605252,673.4318698,BA,1536,217727,705.4706123,1.047575329,246,17856,49,17192,93,21592,92,20188,93,20134,113,18727,134,18038,144,17441,173,17703,140,16669,121,15961,138,16226,152,94,2439,17.13275752,27.04188007,Northeast,59,7,2,4,3,4,1,10,5,10,7,5,1,3,4,10159,1273449,502,3,170.6289063,174.2542373,0.807942708,0.661016949,1961.013419,930.2583201,1055.540541,29.75102826,8021,-3.04417245,6.512386832,6.558865115,3.299465645,0.660041999,36259,1357,9
29,2010,44516,14368653,25.26664813,30.77820301,309.8133137,BA,601,212201,283.2220395,0.914170008,102,16653,21,16699,57,20713,43,19096,35,19468,47,18221,54,17590,39,17255,41,17645,55,16862,56,16017,51,15982,61,41,999,6.952635017,28.35227783,Northeast,29,1,1,5,0,2,4,4,0,4,4,2,2,0,1,4124,1240699,160,3,160.9168053,179.5862069,0.795341098,0.689655172,2074.658572,950.5964215,1057.755102,30.39373515,2666,-2.42592518,5.735969902,5.646231182,2.614932077,0.638253006,15846,625,10
29,2011,38554,14441933,25.40337252,31.12574944,266.9587236,BA,532,215032,247.4050374,0.926753897,91,17022,27,16376,44,20593,29,19238,37,20636,46,19357,46,17991,40,17193,44,17301,54,17041,39,16195,35,16089,51,40,371,2.568908193,28.83742284,Northeast,13,1,0,0,1,1,1,1,1,2,3,1,1,1,0,2949,1215926,159,0,157.4172932,205.6153846,0.778195489,0.769230769,2029.144314,927.6888604,973.3333333,30.74773271,2076,-2.2883266,5.587094053,5.511026821,1.799332689,0.68142132,12514,213,15
29,2012,48171,14510942,25.58385992,31.46690842,331.9632867,BA,587,209999,279.5251406,0.842036309,103,16696,42,17067,43,20084,48,18400,35,19283,31,18269,50,17506,41,17060,48,16593,46,16471,53,16175,47,16395,63,40,261,1.798642707,29.55232401,Northeast,9,1,1,1,2,0,0,1,0,3,0,0,0,0,1,3193,1192576,124,1,155.6218058,132.7777778,0.752981261,0.444444444,2035.691057,932.6838448,1323.125,31.24783817,2252,-1.91458441,5.805024381,5.633092237,1.455291995,0.659066277,14705,109,30
29,2013,61094,14573932,25.72328884,31.81576859,419.2005287,BA,676,203342,332.4448466,0.793044912,157,17102,52,15779,52,18519,42,18133,38,19088,40,17661,41,17328,45,16436,47,16540,53,16336,55,14960,54,15460,96,61,152,1.042958071,30.92338036,Northeast,6,0,0,0,0,1,1,0,1,1,1,1,0,0,0,3231,1168575,231,0,144.795858,215,0.690828402,0.833333333,1990.617681,934.5773904,990.7142857,32.47352342,2480,-0.89238823,6.038349394,5.806473971,1.082040365,0.663984749,16795,49,31
29,2014,13770,14634706,25.90334407,32.17084662,94.09140163,BA,208,204034,101.9437937,1.083454938,30,16142,20,16061,13,17841,11,17749,18,18821,18,17381,18,17816,16,16631,18,16743,23,16590,7,15913,16,16346,15,15,149,1.01812773,30.16013072,Northeast,1,0,1,0,0,0,0,0,0,0,0,0,0,0,0,748,1145479,0,0,154.6298077,30,0.759615385,0,1922.825911,876.899384,730,31.90841756,601,-2.0107159,4.544266668,4.624421619,-0.713116461,0.651156069,3789,45,27
29,2015,54958,14699675,26.04198785,32.52403437,373.8722115,BA,717,206655,346.95507,0.928004434,112,16583,64,15986,42,19501,52,18270,47,18933,51,18115,57,17758,70,16696,65,17077,53,16661,51,15558,53,15517,72,40,89,0.605455563,32.85225081,Northeast,6,1,0,0,1,0,2,0,0,1,0,1,0,0,1,2923,1121187,0,0,155.4225941,157.8333333,0.754532775,0.666666667,1917.484625,911.8465473,912.5,34.72652478,2463,0.32821644,5.923914059,5.84919529,1.065878919,0.489103897,13601,28,33
29,2016,66757,14763784,26.08239504,32.88404924,452.1672764,BA,666,199830,333.2832908,0.737079635,155,16059,62,16082,33,18743,37,17922,47,19166,40,17981,50,17455,37,16359,52,15966,67,15171,37,14189,49,14737,100,55,25,0.169333282,34.78766272,Northeast,0,0,0,0,0,0,0,0,0,0,0,0,0,0,0,3366,1099919,0,0,143.0045045,NA,0.674174174,NA,1990.404378,969.0074074,1095,36.45314198,2612,1.90361348,6.114052192,5.808992851,#NAME?,0.455610046,16357,11,18
29,2017,9907,14828578,26.30293097,33.24604416,66.81018234,BA,117,204096,57.32596425,0.858042326,17,15949,7,15795,4,18555,6,17836,6,18972,8,18049,13,17124,14,16680,12,16015,15,16452,6,16383,9,16286,13,4,20,0.134874699,31.14252549,Northeast,1,0,0,0,0,0,0,0,0,0,1,0,0,0,0,595,1082580,0,0,171.7948718,270,0.794871795,1,1953.405128,937.4736842,NA,32.97798303,479,-2.10351867,4.201855499,4.048753649,-0.713420285,0.356829511,2781,5,21
29,2018,9631,14895970,26.63235638,33.60006619,64.65507114,BA,118,205332,57.46790564,0.888838333,14,17067,15,15829,7,19006,5,18569,6,19189,7,17726,14,17448,14,16568,14,16017,9,16276,8,15611,5,16026,9,5,32,0.214823204,31.68352196,Northeast,0,0,0,0,0,0,0,0,0,0,0,0,0,0,0,559,1062241,0,0,157.0847458,NA,0.754237288,NA,1994.096045,959.5245399,1095,33.44346582,430,-1.91654423,4.169066542,4.051226629,#NAME?,0.546672162,2539,11,20
29,2019,67032,14959300,26.84589529,33.94850588,448.0958334,BA,888,197249,450.1923964,1.004678827,191,17004,89,16291,74,18226,85,17755,58,18025,46,16641,57,16790,57,15903,60,16050,55,15656,63,14376,53,14532,120,71,1890,12.63428102,29.89849624,Northeast,30,3,4,3,2,5,1,3,2,2,0,2,3,1,2,5291,1042741,0,0,133.8648649,143.6333333,0.684684685,0.433333333,2112.366903,982.2955032,998.1632653,31.65320378,3155,-4.05000964,6.105007123,6.109675039,2.721900678,0.538349235,20935,749,20
29,2020,82189,15016787,27.00262489,34.28537223,547.3141492,BA,923,188960,488.4631668,0.892473121,201,15362,79,14887,74,17476,57,17001,61,17611,51,16370,64,16324,63,15226,64,15405,69,15040,75,14063,65,14195,119,82,397,2.643708005,32.37776345,Northeast,2,0,0,1,0,0,0,0,1,0,0,0,0,0,0,5466,1032020,0,0,143.1950163,135,0.696641387,0.5,2041.899408,951.8627451,889.6875,34.18297137,3773,-1.90760878,6.305022951,6.191264068,0.056782014,0.408433068,21919,130,20
29,2021,25302,15066871,27.0988463,34.60419293,167.9313508,BA,293,184430,158.8678631,0.946028614,59,14724,26,14198,34,16448,17,16195,21,17122,17,15974,11,15613,25,15206,21,15171,24,14911,16,14064,22,14804,40,19,13,0.086282016,32.80677417,Northeast,0,0,0,0,0,0,0,0,0,0,0,0,0,0,0,1565,1023216,0,0,139.6211604,NA,0.709897611,NA,2000.081301,949.4078212,1460,34.64862485,1157,-1.79741876,5.12355527,5.068072807,#NAME?,0.553775026,6299,2,24
29,2022,35527,14975098,27.38124046,34.41458794,237.2405176,BA,477,173686,274.6335341,1.157616485,116,14589,55,13941,29,16480,27,15801,22,16174,23,14928,34,14546,28,13901,36,12817,36,12545,41,13394,30,14570,84,32,54,0.360598642,31.12536944,Northeast,2,0,0,0,0,1,0,0,1,0,0,0,0,0,0,2759,1016300,0,0,137.7756813,165,0.641509434,0.5,2022.421384,989.3546284,1095,33.26951363,2009,-3.2892185,5.469074469,5.615437606,0.141068295,0.608596467,10870,20,23
29,2023,47041,15021290,27.50503971,34.75355139,313.1621851,BA,533,179558.747,296.8387833,0.947875565,105,14484.75066,47,13957.31588,39,17216.92457,38,16236.6637,36,17041.62022,29,15734.40283,36,15296.18544,36,14569.48979,41,14432.22892,49,14069.09848,46,13155.40283,31,13364.6637,66,39,101,0.672379003,29.27329351,Northeast,6,0,0,0,0,1,0,2,2,0,0,0,1,0,0,4205,1017337,0,0,146.8311445,205,0.714821764,0.833333333,2129.889439,992.0916442,1095,31.12204384,2531,-5.48025788,5.74672122,5.693189174,1.206427219,0.725388492,15812,31,12
29,2024,230314,15063681,27.66272188,35.09213,1528.935723,BA,1988,176976.2292,1123.314701,0.734703679,485,14269.54084,161,13742.10606,130,17001.71476,95,16021.45389,96,16826.41041,96,15519.19302,110,15080.97563,128,14354.27997,200,14217.0191,159,13853.88867,169,12940.19302,159,13149.45389,323,162,599,3.976451705,31.5932249,Northeast,7,1,0,0,0,0,1,0,0,0,5,0,0,0,1,17480,1018939,1,0,147.6649899,218.1428571,0.675050302,0.857142857,2070.13003,984.8754511,1231.875,33.40064974,11623,-3.4989051,7.332327166,7.024039148,1.37506491,0.742818885,68221,134,21
31,2000,1359,18351474,25.16647051,28.78051452,7.405399697,MG,1,300958,0.332272277,0.044868919,0,24681,0,25344,0,26482,0,25824,0,27093,0,25753,0,25791,0,25722,0,24417,0,23934,0,22681,1,23236,0,0,4,0.021796614,32.93083149,Southeast,0,0,0,0,0,0,0,0,0,0,0,0,0,0,0,44,1765227,0,0,330,NA,1,NA,2390.392157,938.5714286,NA,33.27997022,15,4.15031697,2.002209423,-1.101800534,#NAME?,0.163540164,236,NA,25
31,2001,24032,18560661,25.20950527,29.13546705,129.4781474,MG,57,298538,19.09304678,0.147461538,10,25947,4,24352,2,27598,5,25917,2,26581,4,25094,6,24711,6,24508,3,24595,4,24240,5,22556,6,22439,8,2,33,0.177795392,34.20922104,Southeast,0,0,0,0,0,0,0,0,0,0,0,0,0,0,0,744,1759533,0,0,161.8947368,NA,0.754385965,NA,2139.295909,944.0065147,NA,34.86583397,437,5.07375399,4.863512121,2.949324226,#NAME?,0.752559246,4536,4,19
31,2002,34864,18750869,25.35476201,29.50977888,185.932716,MG,127,284558,44.63062012,0.240036402,36,25199,10,23752,5,26415,6,26344,2,25750,9,23820,8,24249,6,21936,17,22739,10,21826,8,20904,10,21624,22,14,519,2.767871718,32.78318609,Southeast,4,0,0,0,0,0,0,0,0,3,1,0,0,0,0,1349,1756655,0,0,144.5511811,247.5,0.637795276,1,2209.951768,1023.694391,973.3333333,33.53706808,732,3.27340721,5.225384866,3.798420173,0.340527448,0.902502068,7497,110,20
31,2003,12993,18928841,25.46793441,29.88701458,68.6412866,MG,63,284904,22.11271165,0.322148852,17,24103,1,23721,3,26100,6,25705,4,25674,6,23876,3,24055,5,22880,4,23496,6,22401,7,21035,1,21858,10,7,378,1.996952692,33.86107904,Southeast,0,0,0,0,0,0,0,0,0,0,0,0,0,0,0,417,1752725,0,0,142.031746,NA,0.714285714,NA,2263.899648,1005.562914,1186.25,34.51567534,203,3.97406446,4.228894199,3.096152631,#NAME?,0.912351993,2674,72,21
31,2004,13074,19097517,25.56846329,30.26824403,68.45916147,MG,31,277691,11.16348747,0.163067838,9,23727,1,23452,4,25795,2,24731,0,24437,1,22818,3,22866,3,22113,2,22829,5,22034,1,21214,0,21675,7,2,144,0.754024725,33.12742848,Southeast,0,0,0,0,0,0,0,0,0,0,0,0,0,0,0,514,1741687,0,0,129.4193548,NA,0.677419355,NA,2305.291121,1042.254335,NA,33.73694889,228,2.85918445,4.226237385,2.412648406,#NAME?,0.948188406,2880,23,22
31,2005,10689,19258586,25.59092222,30.65085568,55.50251716,MG,29,277468,10.45165569,0.18830958,10,22290,2,21672,3,25648,1,24582,3,25522,1,23841,0,23267,1,22620,3,23344,1,22427,3,21083,1,21172,7,3,46,0.238854504,33.95069698,Southeast,1,0,0,0,0,0,0,0,0,0,1,0,0,0,0,338,1720034,0,0,116.3793103,270,0.586206897,1,2290.054825,1051.694915,NA,34.5038088,158,3.2998413,4.016428374,2.346760405,-1.020535425,0.9625,2138,11,23
31,2006,28308,19411115,25.69360457,31.03781066,145.8339719,MG,87,266143,32.6891934,0.224153487,26,21598,5,20877,12,24366,8,23928,7,24345,5,22418,2,22159,3,21888,8,22489,7,21414,0,20046,4,20615,19,7,210,1.081854391,34.47403561,Southeast,1,0,0,0,0,0,0,0,0,1,0,0,0,0,0,1025,1689660,0,0,110.4137931,240,0.643678161,1,2300.22946,1034.539877,730,35.08721956,452,3.43622495,4.982468796,3.487044546,-0.978863572,0.945383615,5727,50,24
31,2007,28101,19551288,25.79483632,31.434811,143.7296612,MG,125,259505,48.16862874,0.33513353,35,22231,13,21479,18,24928,15,23245,5,23677,6,22063,5,21498,5,20491,8,20359,6,19957,3,19309,6,20268,24,11,84,0.429639214,33.55236468,Southeast,0,0,0,0,0,0,0,0,0,0,0,0,0,0,0,953,1643705,58,0,104.744,NA,0.616,NA,2288.134029,999.0784983,1095,34.17334011,429,2.11755368,4.967934182,3.874707953,#NAME?,0.873820796,5944,16,25
31,2008,50411,19689554,25.92564657,31.84876219,256.0291615,MG,301,260916,115.3627988,0.450584606,93,21172,16,21573,33,23216,23,23263,10,23297,16,21871,19,22008,15,20911,15,21568,22,21035,24,19722,15,21280,54,39,258,1.310339483,32.06278392,Southeast,3,1,0,0,0,0,0,0,0,2,0,0,0,1,0,2627,1592568,209,0,124.9534884,161.6666667,0.637873754,0.666666667,2164.787149,1007.703069,1095,33.15440965,1512,0.21402173,5.54529135,4.748081934,0.139583958,0.804926203,12967,75,21
31,2009,53365,19826327,26.08008675,32.27869509,269.1623113,MG,330,252676,130.6020358,0.485216653,89,21875,14,21081,29,23930,20,22934,20,21465,28,20419,28,20323,24,19661,19,21621,22,20082,23,19062,14,20223,54,35,547,2.758957824,31.82244917,Southeast,15,2,1,0,0,3,3,2,2,0,0,2,0,2,0,2702,1542469,145,2,132.8242424,149.3333333,0.687878788,0.6,2150.957475,976.2378426,1161.363636,32.89757491,1572,-0.45624592,5.595314585,4.872154805,1.781112351,0.872912233,13522,221,27
31,2010,211029,20064781,26.24676826,33.01548215,1051.738367,MG,1079,255126,422.9282786,0.402123087,301,21490,71,21205,93,24351,82,22277,58,22278,51,21120,82,20892,65,20252,61,20763,71,20335,77,19518,67,20645,157,144,1388,6.917593569,32.96988566,Southeast,23,2,2,0,5,3,1,4,0,0,2,4,0,0,2,8363,1497792,634,1,131.1390176,153.3478261,0.65523633,0.47826087,2164.917421,981.6182854,912.5,33.84532951,4841,-0.04559649,6.958199662,6.04720261,2.198906861,0.881304717,49498,336,21
31,2011,38304,20207222,26.42581668,33.39857042,189.5559914,MG,239,259863,91.97153885,0.485194576,47,22070,17,21624,19,25010,19,22632,5,23831,17,22086,22,21657,18,20949,21,20252,19,19731,19,19740,16,20281,32,15,248,1.227283988,33.14309211,Southeast,11,0,0,0,3,1,0,1,1,2,0,2,1,0,0,1577,1459242,30,0,150.3682008,199.0909091,0.732217573,0.636363636,2136.515482,988.9664804,1028.636364,34.13597153,969,-0.25547831,5.24468445,4.521479169,1.44291089,0.832504533,9025,98,23
31,2012,30201,20348414,26.56608865,33.76856182,148.4194296,MG,298,260544,114.3760747,0.77062737,52,21255,11,21581,19,24427,19,22826,27,23184,18,21390,32,21696,21,21127,25,20961,27,21186,28,20184,19,20727,26,26,98,0.481610016,31.90162577,Southeast,4,0,0,1,0,1,0,0,0,0,2,0,0,0,0,1362,1425661,12,0,161.2214765,180,0.788590604,0.5,2101.833996,929.3461538,1095,33.06790336,847,-1.86693605,5.000042249,4.73949192,0.428692794,0.845393762,7532,40,23
31,2013,416474,20486698,26.63853693,34.13680711,2032.899592,MG,2126,258635,822.0078489,0.40435241,556,21959,222,20916,162,23257,114,23253,117,23751,117,21585,118,21602,153,21046,163,20495,134,20626,124,19407,146,20738,332,224,483,2.357627374,32.84944798,Southeast,17,2,3,1,2,1,0,0,2,1,4,0,1,0,2,14057,1395349,87,0,131.4619003,151.2941176,0.634054563,0.470588235,2127.698917,960.8728218,902.8947368,33.65560099,8679,-1.28735913,7.617218423,6.711749944,1.882965729,0.89315577,92940,117,18
31,2014,57986,20627681,26.83059559,34.50002921,281.1077018,MG,420,267130,157.2268184,0.559311671,95,22608,33,22172,32,23557,23,23641,29,23756,25,22386,25,22750,43,21424,34,21373,28,21008,26,20729,27,21726,52,43,740,3.587412468,34.40299383,Southeast,3,2,0,0,0,0,0,1,0,0,0,0,0,0,2,1889,1367128,0,0,141.7190476,73.66666667,0.695238095,0.333333333,2084.922289,930.7112527,973.3333333,35.33433302,1215,-0.09703538,5.638737876,5.057689466,0.116047043,0.854275592,12173,132,19
31,2015,191942,20774249,26.9767727,34.8571092,923.9419437,MG,1177,268305,438.6798606,0.474791586,305,22601,135,21724,85,25470,76,23878,58,24021,66,22231,72,22044,73,21555,83,21699,91,21038,74,20289,59,21755,186,119,1210,5.824518614,33.99385752,Southeast,11,2,2,0,0,1,0,3,0,2,0,0,1,1,1,7001,1340004,0,0,128.588785,142,0.626168224,0.545454545,2140.687358,953.6382503,979.7368421,34.891499,4140,-0.86325168,6.828649238,6.0837699,1.410941066,0.847364374,42489,278,20
31,2016,526406,20913310,27.09332203,35.2260021,2517.086009,MG,3576,253520,1410.539602,0.560385937,754,21951,275,22369,198,24662,159,23368,189,23532,245,21563,256,20883,298,19981,323,19972,296,18988,290,17542,293,18709,492,262,2242,10.7204455,34.3249906,Southeast,15,1,1,1,1,2,0,3,3,3,0,0,0,1,0,20959,1320610,0,0,154.560123,154.4666667,0.712248322,0.6,2033.317676,935.7803267,1024.354839,35.48424868,14936,-0.9010115,7.830857166,7.251727607,1.777777672,0.820870836,115654,471,20
31,2017,26223,21049711,27.30996823,35.59126983,124.5765322,MG,268,260959,102.698125,0.82437778,41,20291,14,20287,11,24138,15,22729,10,23875,18,22742,21,22111,26,21362,30,21046,22,20521,31,20760,29,21097,26,15,149,0.707848198,33.37486176,Southeast,4,2,0,0,1,0,0,0,1,0,0,0,0,1,1,1193,1313149,0,0,179.3097015,81.25,0.794776119,0.25,1992.486645,867.6141384,1095,34.79246411,875,-2.21640807,4.824920244,4.63179386,0.42710124,0.745315937,6333,48,20
31,2018,29091,21188302,27.64464042,35.93882568,137.2974578,MG,270,263640,102.4123805,0.745916073,44,22394,9,20797,12,24028,9,24048,11,24236,14,22318,31,22234,34,21683,37,20761,24,20826,23,20019,22,20296,23,21,169,0.797609926,33.63600426,Southeast,3,0,0,0,0,2,0,0,1,0,0,0,0,0,0,1279,1308950,0,0,178.3592593,150,0.803703704,0.333333333,2027.511369,914.5857143,821.25,34.96831655,920,-2.30282142,4.922149797,4.629007609,0.129197938,0.81355121,6534,35,21
31,2019,475544,21319433,27.8088652,36.2754555,2230.565888,MG,4086,256892,1590.551672,0.713070921,811,22278,310,21750,260,23502,261,23298,218,23430,238,21470,293,21674,377,20806,353,20476,318,19793,335,18942,312,19473,485,326,3243,15.21147396,33.52267508,Southeast,52,7,4,8,3,8,4,3,3,4,3,2,3,3,4,23129,1311803,2,0,153.4226628,136.0192308,0.725648556,0.423076923,2006.976731,939.6465799,1034.166667,34.96576061,17066,-2.75278042,7.710010594,7.371836198,3.007758141,0.849425774,111038,731,22
31,2020,81587,21441119,27.91438038,36.59765607,380.5165206,MG,756,247198,305.8277171,0.803717317,136,20516,46,20235,36,22956,34,22832,32,22349,66,20506,69,20861,74,19578,66,20068,61,19065,63,18458,73,19774,73,63,380,1.77229556,33.93730619,Southeast,14,3,0,1,0,3,4,0,0,0,0,2,1,2,1,3763,1323244,0,0,166.0515873,141.3571429,0.759259259,0.5,2004.671266,910.595351,1022,35.33870988,2714,-2.66034988,5.941529594,5.723021927,1.734037881,0.726383254,16898,93,24
31,2021,22980,21552132,28.01106978,36.90307089,106.6251821,MG,347,242246,143.2428193,1.343423912,64,20208,26,19916,18,22519,15,21323,15,21778,27,20139,26,19603,30,19643,24,19658,42,19063,35,18619,25,19777,31,33,14,0.064958771,33.75718016,Southeast,0,0,0,0,0,0,0,0,0,0,0,0,0,0,0,1033,1325719,1,0,163.7867435,NA,0.740634006,NA,1825.199019,858.9575531,NA,35.73165657,1004,-3.14589073,4.669319714,4.964541227,#NAME?,0.757272727,4722,1,22
31,2022,88887,21413093,28.2330324,36.60284537,415.105842,MG,723,235444,307.0793904,0.739761669,166,20166,53,19086,49,21730,43,20827,41,21433,45,19657,48,19322,39,19273,57,18219,53,17139,66,18460,63,20132,105,61,97,0.452993876,34.69276722,Southeast,0,0,0,0,0,0,0,0,0,0,0,0,0,0,0,4838,1325363,0,0,148.7136929,NA,0.697095436,NA,2038.500811,981.6158059,1277.5,36.24089778,3377,-1.91007815,6.028533529,5.727106315,#NAME?,0.835200627,20017,12,22
31,2023,404034,21515416,28.35510842,36.91951269,1877.881422,MG,2844,238787.9862,1191.014693,0.634233173,637,20110.81406,224,19604.50972,194,22348.85754,170,21449.72711,145,21705.81406,198,20048.03146,177,19921.50972,200,19189.03146,216,19266.90102,243,18635.11841,207,17835.55319,233,18672.11841,379,258,295,1.371109906,34.78467654,Southeast,6,0,0,1,0,0,1,2,0,1,0,1,0,0,0,21635,1331948,0,0,147.4106892,185,0.697257384,0.833333333,2115.944393,970.9482047,876,36.11671358,13266,-2.13483615,7.537899517,7.082560906,0.921353584,0.81733269,92059,37,22
31,2024,1673114,21611653,28.49763486,37.2363071,7741.721561,MG,10743,236778.8379,4537.145335,0.586064133,2246,19943.38505,803,19437.0807,611,22181.42852,533,21282.29809,583,21538.38505,648,19880.60244,768,19754.0807,822,19021.60244,910,19099.472,952,18467.68939,930,17668.12418,937,18504.68939,1342,904,1754,8.115991868,35.91651794,Southeast,23,6,4,0,2,2,0,1,0,5,1,2,0,5,1,92551,1333858,2,0,156.3113655,124.2608696,0.716187285,0.391304348,2076.350801,963.3073316,816.9047619,37.38862752,60363,-1.31978916,8.954379366,8.420053313,2.27353787,0.833150399,374100,189,24
32,2000,17777,3173811,24.56431564,28.13042049,560.1152684,ES,80,58380,137.0332306,0.244651839,5,4762,2,4999,4,5303,4,5053,4,5456,9,5126,8,5190,12,4875,8,4601,9,4452,6,4247,9,4316,4,1,538,16.95122993,31.81346684,Southeast,0,0,0,0,0,0,0,0,0,0,0,0,0,0,0,681,301941,0,0,195.2,NA,0.9125,NA,2101.635375,972.5981873,1042.857143,32.71349031,455,3.68304635,6.328142599,4.920223455,#NAME?,0.973298315,3794,77,20
32,2001,6913,3221102,24.55353351,28.45516193,214.6159917,ES,38,57092,66.55923772,0.310131772,6,4712,3,4697,0,5469,3,4960,1,5332,4,4938,5,4845,3,4671,2,4495,3,4421,8,4254,0,4298,3,3,16,0.496724413,32.15883119,Southeast,0,0,0,0,0,0,0,0,0,0,0,0,0,0,0,230,300662,0,0,168.1315789,NA,0.763157895,NA,2064.765396,937.1621622,NA,33.00312454,154,3.70366926,5.368850346,4.198092344,#NAME?,0.905591201,1335,3,22
32,2002,17262,3265863,24.71030043,28.8004307,528.5586076,ES,81,55076,147.069504,0.278246351,15,4493,4,4575,6,5018,0,5107,7,5132,6,4802,8,4726,7,4332,10,4350,6,4267,5,4051,7,4223,13,2,201,6.154575376,31.72546634,Southeast,1,1,0,0,0,0,0,0,0,0,0,0,0,1,0,649,301427,0,0,161.4197531,9,0.765432099,0,2097.247942,1003.467492,949,32.6149161,434,2.92503564,6.270153693,4.990905291,0.596456136,0.681728648,3847,49,20
32,2003,28945,3309647,24.89256648,29.14628569,874.5645684,ES,121,53417,226.5196473,0.259008489,42,4368,8,4375,4,5069,2,5004,5,4890,11,4615,5,4681,7,4348,9,4184,8,4094,8,3899,12,3890,27,15,527,15.9231483,32.1275868,Southeast,3,1,0,1,0,0,0,0,1,0,0,0,0,1,0,1010,303242,0,0,135.9834711,90.66666667,0.58677686,0.333333333,2193.616419,1031.600496,912.5,32.83655922,563,2.98130111,6.773726126,5.422831684,1.725653427,0.988378434,5969,110,21
32,2004,3476,3352730,24.91847479,29.4937958,103.6767053,ES,13,53243,24.4163552,0.235504737,4,4564,1,4405,1,4961,1,4803,2,4946,0,4569,2,4581,0,4389,0,4258,1,4086,0,3936,1,3745,3,1,84,2.505420955,33.0575374,Southeast,0,0,0,0,0,0,0,0,0,0,0,0,0,0,0,88,304438,0,0,109.2307692,NA,0.615384615,NA,2219.918033,998.3823529,365,33.58355282,46,3.5637416,4.641277455,3.195253203,#NAME?,0.990888383,689,18,23
32,2005,2600,3394696,25.05673678,29.8461061,76.59006874,ES,20,52399,38.16866734,0.498350086,3,4131,0,4156,0,4892,4,4795,1,4928,2,4592,1,4615,3,4374,2,4291,1,4030,1,3863,2,3732,3,0,34,1.001562437,32.45884615,Southeast,0,0,0,0,0,0,0,0,0,0,0,0,0,0,0,120,303994,0,0,166.2,NA,0.85,NA,2198.902439,862.7272727,547.5,33.38248117,57,2.61274005,4.338467417,3.642014952,#NAME?,0.963468635,603,10,22
32,2006,9478,3435311,25.17174289,30.20691576,275.8993291,ES,60,51449,116.6203425,0.422691649,20,4132,9,4128,4,4765,8,4790,0,4899,4,4393,2,4353,3,4152,2,4281,2,4017,2,3699,4,3840,9,11,99,2.881835153,33.66121545,Southeast,0,0,0,0,0,0,0,0,0,0,0,0,0,0,0,283,302708,0,0,100.9,NA,0.516666667,NA,2201.376623,1023.431373,1460,34.36084142,148,3.45429969,5.62003605,4.758923722,#NAME?,0.942233251,1771,23,24
32,2007,6716,3474524,25.34088593,30.57452215,193.292664,ES,49,51020,96.04076833,0.496867115,13,4374,1,4118,4,4925,7,4642,6,4617,6,4323,5,4328,0,4140,3,3959,2,3943,2,3765,0,3886,9,4,14,0.402932891,34.31745086,Southeast,0,0,0,0,0,0,0,0,0,0,0,0,0,0,0,221,298595,13,0,110.7142857,NA,0.714285714,NA,2186.386139,921.402439,NA,35.13805742,119,3.74292871,5.264205434,4.564772771,#NAME?,0.900466336,1310,1,25
32,2008,24078,3514723,25.48802361,30.95111393,685.0610987,ES,162,51852,312.4276788,0.456058123,41,4130,19,4085,17,4841,10,4604,9,4663,11,4531,11,4412,9,4207,10,4279,6,4185,9,3901,10,4014,21,20,403,11.46605294,32.34957222,Southeast,4,1,0,0,0,1,0,1,0,1,0,0,0,0,1,1204,293778,80,4,121.3580247,139.25,0.62962963,0.5,2137.005831,982.8571429,839.5,33.45685235,705,1.39845829,6.529508029,5.744373014,2.04307104,0.890924131,5806,154,19
32,2009,35407,3555650,25.63802787,31.33805071,995.7954242,ES,410,51457,796.781779,0.800146054,112,4163,22,4064,24,4998,26,4831,22,4445,27,4317,29,4467,34,3899,28,4318,31,4048,33,3782,22,4125,57,55,2215,62.29522028,31.55918321,Southeast,34,4,3,1,2,4,5,3,4,4,2,2,0,3,1,2235,289119,148,7,139.8609756,149.4411765,0.673170732,0.588235294,2074.309942,967.1729958,990.7142857,33.23156417,1515,0.2211325,6.903541839,6.680580838,4.190784203,0.807138596,9770,770,22
32,2010,24549,3613279,25.85104044,32.00261397,679.4105852,ES,193,51853,372.206044,0.547836687,39,4356,8,4340,15,5102,14,4580,13,4661,14,4460,16,4416,18,4041,20,4083,14,4033,13,3853,9,3928,24,15,1574,43.56154064,32.58515622,Southeast,26,2,1,0,1,4,3,6,5,2,1,0,1,1,1,1214,284633,61,4,148.6632124,165,0.756476684,0.692307692,2112.788462,938.8537906,906.2068966,33.78131221,747,0.58254225,6.521225636,5.919447583,3.914853932,0.817055449,5949,434,21
32,2011,38484,3660568,26.06124065,32.3528283,1051.312255,ES,323,53053,608.8251371,0.579109712,46,4256,24,4479,19,5356,18,4631,23,4893,21,4629,28,4430,26,4279,31,4069,29,4018,23,4015,35,3998,24,22,2480,67.74904878,32.05524374,Southeast,42,5,3,2,4,4,3,4,3,4,4,6,0,3,2,1857,279884,37,0,167.9009288,161.3333333,0.783281734,0.571428571,2115.117713,916.2881563,894.6078431,33.19493767,1103,-0.29758456,6.95779443,6.411531095,4.37154839,0.898948343,9938,663,24
32,2012,12024,3707766,26.15985616,32.68984127,324.2923097,ES,137,52835,259.2978139,0.799580521,15,4152,6,4306,6,5019,4,4531,13,4844,14,4426,9,4532,27,4226,11,4110,12,4240,10,4278,10,4171,9,6,613,16.53286642,30.1252495,Southeast,8,1,1,1,0,0,0,0,1,0,1,1,2,0,1,583,276223,4,0,176.8978102,195,0.846715328,0.625,1974.952229,905.8913649,814.2307692,31.56301933,454,-2.56459177,5.781645299,5.557977262,2.717437878,0.839753593,3325,175,21
32,2013,68760,3755205,26.24283733,33.02048064,1831.058491,ES,576,54065,1065.38426,0.581840648,93,4447,43,4321,33,4869,39,4876,43,4952,42,4419,46,4633,52,4435,57,4332,40,4190,51,4262,37,4329,57,36,1532,40.7967075,32.41236184,Southeast,14,4,0,1,0,1,3,2,1,0,1,1,0,2,2,2890,273547,22,0,157.2916667,129.9285714,0.763888889,0.571428571,2107.972652,939.2851711,962.2727273,33.46865496,1762,-0.6081188,7.512649489,6.97109082,3.254040489,0.937915198,16759,347,17
32,2014,18981,3803789,26.4105185,33.34193222,499.002442,ES,175,56548,309.4715993,0.620180531,25,4745,12,4633,7,4948,9,5041,10,4968,16,4812,12,4903,23,4505,14,4536,13,4495,16,4303,18,4659,14,11,435,11.43596556,32.52315473,Southeast,5,0,1,1,0,0,0,2,1,0,0,0,0,0,0,692,271499,4,0,172.0228571,132,0.788571429,0.6,2006.829044,897.7525253,787.6315789,33.65329544,508,-0.81877749,6.21261099,5.734866325,2.179518263,0.935052681,4334,127,19
32,2015,35237,3853225,26.62647302,33.65773475,914.4807272,ES,331,56941,581.3034545,0.635665069,53,4808,16,4522,14,5323,22,4939,31,5241,29,4821,30,4856,31,4632,29,4469,33,4467,19,4334,24,4529,32,21,884,22.94182146,33.35814627,Southeast,12,2,2,0,0,1,0,2,2,0,2,1,0,2,0,1426,270073,0,0,161.4803625,150.5833333,0.791540785,0.583333333,2079.598765,926.4558824,925.5357143,34.48172435,899,-0.29958848,6.818356393,6.365272917,3.048061192,0.904224316,8351,273,20
32,2016,43216,3900933,26.75711905,33.98730406,1107.837535,ES,432,53413,808.7918671,0.730063607,75,4769,23,4650,14,4973,14,4895,15,5235,27,4618,29,4595,46,4360,38,3834,59,3896,46,3647,46,3941,37,38,621,15.91926854,33.63881433,Southeast,17,3,4,0,1,0,0,1,3,1,1,1,2,1,2,1882,270713,0,0,182.1203704,149.5882353,0.773148148,0.529411765,1976.716867,887.4186257,930.1612903,35.0216467,1392,-0.34848973,7.010165227,6.695541612,3.460329368,0.87560604,10234,209,19
32,2017,6842,3948054,27.15014504,34.31393568,173.3005678,ES,91,55846,162.9481073,0.940262974,13,4148,3,4389,2,5204,2,4893,7,5255,11,4600,7,4986,4,4710,9,4506,10,4451,17,4283,6,4421,10,3,179,4.533879223,32.43422976,Southeast,7,0,1,0,0,0,1,1,1,0,1,1,1,0,0,337,272991,0,0,187.2857143,210,0.824175824,0.857142857,1956.266055,812.4759615,763.1818182,34.04539858,253,-1.87970592,5.155027473,5.09343179,2.528482433,0.856934732,1797,70,17
32,2018,10251,3996051,27.45115566,34.62428633,256.5282575,ES,113,56721,199.2207472,0.776603518,9,4753,3,4637,4,5152,2,5102,4,5357,9,4754,9,4915,12,4641,19,4437,17,4349,15,4332,10,4292,4,5,497,12.4372787,32.30806751,Southeast,15,2,0,1,0,0,1,1,0,2,2,1,5,1,1,533,275454,0,0,208.6548673,226.2,0.89380531,0.8,2043.270911,894.7947761,1034.166667,33.71851701,347,-2.31621882,5.547238824,5.294413492,3.275075875,0.854004666,2659,171,30
32,2019,64603,4042753,27.60444242,34.9290246,1597.995228,ES,477,54925,868.4569868,0.543466571,77,4752,39,4540,29,4963,21,4751,21,5081,42,4600,41,4817,30,4590,45,4371,55,4252,41,4056,36,4152,45,32,2484,61.44327887,34.53023853,Southeast,39,5,3,4,2,1,5,5,1,2,3,5,3,5,0,2944,279013,0,0,163.8658281,161.7692308,0.756813417,0.615384615,2104.968707,942.0729927,916.2244898,35.7128457,1825,-0.39878607,7.37650514,6.766718059,4.262763214,0.929106148,14786,580,18
32,2020,7286,4087846,27.70558149,35.22322465,178.2356772,ES,25,53767,46.4969219,0.260873259,4,4427,2,4351,0,4970,0,4786,4,4973,3,4617,3,4568,1,4352,3,4418,2,4033,3,4075,0,4197,3,1,264,6.458168923,36.30290969,Southeast,0,0,0,0,0,0,0,0,0,0,0,0,0,0,0,317,283719,0,0,157.8,NA,0.76,NA,2127.662921,955.2734375,851.6666667,37.26076521,178,1.07968504,5.183106704,3.839386115,#NAME?,0.982477755,1486,73,22
32,2021,32,4131234,27.79520777,35.50707077,0.774586964,ES,0,52201,0,0,0,4405,0,4269,0,4628,0,4508,0,4822,0,4292,0,4274,0,4232,0,4106,0,4282,0,4199,0,4184,0,0,0,0,33.1875,Southeast,0,0,0,0,0,0,0,0,0,0,0,0,0,0,0,2,285957,0,0,NA,NA,NA,NA,2555,NA,NA,33.1875,0,-2.31957077,-0.255425341,#NAME?,#NAME?,0.1875,4,NA,38
32,2022,64,4131350,28.03898315,35.23621431,1.54913043,ES,1,51725,1.933301112,1.247991179,0,4459,0,4325,0,4737,0,4563,0,4695,0,4359,0,4352,0,4126,0,3912,0,3778,1,4041,0,4378,0,0,0,0,39.0625,Southeast,0,0,0,0,0,0,0,0,0,0,0,0,0,0,0,2,287509,0,0,300,NA,1,NA,3102.5,NA,NA,39.68253968,0,3.82628569,0.437693761,0.659228962,#NAME?,0.369230769,4,NA,21
32,2023,249,4172377,28.23960474,35.53039143,5.96782122,ES,2,53586.01779,3.732316904,0.625406956,0,4423.450758,0,4382.494236,1,4996.450758,0,4787.755105,0,4944.276845,0,4567.233366,0,4604.711627,1,4345.624671,0,4244.88554,0,4150.450758,0,4022.102931,0,4116.581192,0,0,0,0,38.38955823,Southeast,0,0,0,0,0,0,0,0,0,0,0,0,0,0,0,12,289976,0,0,135,NA,1,NA,1932.352941,949,NA,40.02521008,9,2.8591668,1.786381906,1.317029195,#NAME?,0.492063492,35,NA,33
32,2024,548,4212234,28.40456026,35.8271022,13.00972358,ES,6,53563.27668,11.20170455,0.861025561,1,4421.555665,0,4380.599144,1,4994.555665,0,4785.860013,0,4942.381752,1,4565.338274,0,4602.816535,1,4343.729578,2,4242.990448,0,4148.555665,0,4020.207839,0,4114.6861,1,0,1,0.023740371,34.68613139,Southeast,0,0,0,0,0,0,0,0,0,0,0,0,0,0,0,19,290854,0,0,151.3333333,NA,0.833333333,NA,1863.421053,1018.157895,NA,36.36276392,21,-1.14097081,2.565697046,2.416065959,#NAME?,0.395104895,97,NA,29
33,2000,2880,14723834,25.26328858,30.883045,19.56012272,RJ,10,259118,3.859245595,0.197301707,0,20225,0,22722,0,23858,0,22641,0,23970,1,22069,2,22605,3,22226,2,20474,1,19662,1,18969,0,19697,0,0,13,0.088292221,32.47326389,Southeast,0,0,0,0,0,0,0,0,0,0,0,0,0,0,0,120,1243889,0,0,219,NA,1,NA,2228.540373,961.4634146,NA,33.16986496,56,1.59021889,2.973492939,1.350471723,#NAME?,0.916613622,529,3,35
33,2001,56991,14908572,25.28856209,31.16077475,382.2700122,RJ,144,242360,59.41574517,0.155428737,9,21055,8,19921,14,23302,7,21657,9,22692,9,20595,18,20116,14,19429,10,18805,11,18349,20,17635,15,18804,5,4,352,2.361057786,32.89410609,Southeast,1,0,0,1,0,0,0,0,0,0,0,0,0,0,0,2338,1260137,0,0,185.7361111,60,0.881944444,0,2134.240562,986.7516219,1147.142857,33.74304841,1428,1.73333134,5.946127197,4.084559261,-0.885254038,0.940897838,11828,56,21
33,2002,181320,15078768,25.36488852,31.46363383,1202.485508,RJ,563,232232,242.4299838,0.201607406,34,20427,18,19307,20,21724,35,21385,43,21947,41,20120,41,20587,60,18411,73,17146,74,17108,60,16400,64,17670,21,13,1703,11.29402614,32.26050629,Southeast,4,0,0,0,0,1,0,2,0,0,1,0,0,0,0,9901,1281935,0,0,201.1047957,187.5,0.907637655,0.75,2067.049015,1005.511866,1013.888889,33.47751376,6695,0.79687246,7.09214595,5.490712942,0.543727675,0.733888945,42203,385,22
33,2003,2096,15241909,25.459745,31.76652846,13.75155829,RJ,13,232255,5.597296075,0.40702995,4,19691,1,19063,1,20862,0,20693,1,21513,1,20686,1,20326,0,18604,2,17957,2,17734,0,16847,0,18279,2,2,42,0.275556034,33.51479008,Southeast,0,0,0,0,0,0,0,0,0,0,0,0,0,0,0,68,1303078,0,0,124.0769231,NA,0.615384615,NA,2122.669903,1188.857143,1460,34.38812561,45,1.74826162,2.621152148,1.722283637,#NAME?,0.366748166,413,7,24
33,2004,263,15402913,25.60306298,32.0637593,1.70746923,RJ,0,229901,0,0,0,20251,0,19181,0,21532,0,20413,0,20853,0,19964,0,19096,0,18266,0,17863,0,17205,0,17431,0,17846,0,0,12,0.077907341,31.72623574,Southeast,0,0,0,0,0,0,0,0,0,0,0,0,0,0,0,10,1313908,0,0,NA,NA,NA,NA,2190,1095,NA,32.2751938,5,-0.33752356,0.535012292,#NAME?,#NAME?,0.221940928,56,3,19
33,2005,408,15558833,25.64814723,32.36107644,2.622304642,RJ,6,223094,2.68944929,1.025605205,3,18434,0,17951,1,21441,0,20355,0,21178,0,19173,1,18552,0,18069,0,17570,1,17151,0,16419,0,16801,3,0,17,0.109262693,31.35784314,Southeast,1,0,0,1,0,0,0,0,0,0,0,0,0,0,0,32,1308695,0,0,87.16666667,60,0.5,0,2135.638298,900.3333333,365,33.32984293,20,-1.0032333,0.964053565,0.989336448,-0.802423021,0.333333333,99,3,23
33,2006,7217,15708578,25.74214755,32.66305925,45.94305099,RJ,20,218435,9.156041843,0.199291115,3,17598,0,17074,2,20499,1,19822,0,20391,2,18850,3,18289,2,18097,3,17854,1,17488,1,16016,2,16457,3,0,178,1.133138849,33.13870029,Southeast,0,0,0,0,0,0,0,0,0,0,0,0,0,0,0,331,1288131,0,0,172.7,NA,0.85,NA,2216.365688,922.2767857,511,33.88330494,153,0.47564104,3.827402608,2.214413972,#NAME?,0.274481501,1636,44,26
33,2007,53435,15854525,25.83149357,32.96658046,337.0331183,RJ,346,216876,159.5381693,0.473360512,82,18492,19,18305,31,20842,16,19508,19,19489,22,18586,23,18302,31,17307,23,16664,30,16675,28,15835,22,16871,63,19,954,6.017209598,31.70839338,Southeast,12,0,1,1,2,1,1,0,1,1,2,2,0,0,0,3460,1250732,147,2,145.2803468,177.5,0.708092486,0.583333333,2243.762131,1001.656754,964.6428571,32.82091496,1632,-1.25818708,5.820181199,5.072283199,1.710751074,0.422437501,13642,387,25
33,2008,223672,16002483,25.93706103,33.28423745,1397.733089,RJ,2938,215844,1361.168251,0.973839899,468,17913,132,16642,198,18712,168,18753,172,19292,213,18619,232,19031,257,17345,266,17764,270,17421,268,16232,294,18120,330,138,15776,98.58470089,27.40080117,Southeast,341,43,12,23,20,23,34,31,44,35,26,31,19,27,16,25843,1208760,931,52,169.6909462,169.3665689,0.795779442,0.64516129,2107.427408,918.0699062,926.1612284,29.60201906,15288,-5.88343628,7.242606981,7.216098618,5.062496739,0.434596155,88131,8337,12
33,2009,7823,16153583,26.02151645,33.61336869,48.42888417,RJ,106,216625,48.93248702,1.010398812,9,18632,5,18033,8,20582,5,19839,5,18480,11,17729,11,18339,9,17474,12,18616,13,16349,11,15456,7,17096,8,1,601,3.7205368,30.10277387,Southeast,14,0,1,0,3,2,3,2,0,1,2,0,0,0,0,536,1172504,16,1,181.9056604,152.1428571,0.867924528,0.571428571,1971.511085,900.5607477,918.3870968,32.07407915,414,-3.51059482,3.880096416,3.890441532,1.866059768,0.415233124,2179,217,19
33,2010,28613,16407849,26.17131681,34.29544043,174.3860515,RJ,304,215262,141.2232535,0.809831132,56,19091,11,17593,22,20637,22,18601,17,18900,23,18193,17,18451,32,16758,24,16665,27,16193,29,16130,24,18050,32,24,2583,15.74246569,30.6692063,Southeast,45,3,1,2,1,3,7,2,4,7,4,6,5,1,2,2156,1142673,110,9,162.1842105,202.4888889,0.779605263,0.777777778,2199.007897,974.7112118,978.8636364,32.18416206,1159,-3.62623413,5.161271528,4.950341997,3.039976785,0.702644199,9120,1042,11
33,2011,161782,16514368,26.27281711,34.62041091,979.6439077,RJ,1736,220603,786.9339946,0.803285754,247,19258,78,18670,114,21661,93,19452,96,20158,106,19246,143,18658,170,17773,174,16245,176,15790,176,15937,163,17755,139,108,3851,23.31908796,28.56461782,Southeast,75,6,3,7,3,8,4,10,7,10,7,6,4,5,1,14320,1114390,407,8,176.1428571,174.32,0.812788018,0.64,2058.243739,927.769313,959.4285714,30.53914923,9706,-6.05579309,6.887189146,6.668144375,3.526293594,0.7924595,60116,1676,11
33,2012,179205,16620700,26.29304179,34.92472134,1078.203686,RJ,1530,222859,686.5327404,0.63673752,297,18153,141,18433,118,21297,85,19451,67,19858,98,18739,108,18757,112,18014,117,17788,127,18057,134,16695,126,17617,191,106,971,5.842112546,31.43044558,Southeast,24,3,5,4,1,1,2,1,2,0,3,1,1,1,2,8663,1096176,144,1,151.8960784,124.7916667,0.71372549,0.416666667,2053.062452,928.8829192,949,32.67856831,5876,-3.49427576,6.983051682,6.531653916,2.376684732,0.363766549,49954,367,14
33,2013,213086,16726584,26.35416081,35.22066675,1273.936149,RJ,1128,224031,503.5017475,0.395233111,279,18932,91,18168,86,19431,53,19827,60,20897,51,18861,76,19367,86,18531,101,17652,98,17769,78,16764,69,17832,175,104,1296,7.748145108,33.53173367,Southeast,19,2,1,2,1,1,2,1,3,1,1,2,2,1,1,7820,1081567,516,4,141.4202128,172,0.671985816,0.631578947,2112.987194,914.9439738,861.025641,34.40786528,4716,-1.68893308,7.149866716,6.221587183,2.13782473,0.661379177,47795,529,20
33,2014,7746,16837197,26.47055449,35.50648638,46.00528223,RJ,152,233584,65.0729502,1.414466927,10,20164,7,19736,5,20651,5,20533,8,20813,15,19465,16,20281,21,18901,20,18788,9,17184,18,17479,18,19589,6,4,128,0.76022155,30.96191583,Southeast,1,0,0,0,0,0,0,0,0,0,1,0,0,0,0,363,1067956,1,0,198.3092105,270,0.888157895,1,1684.034483,824.7790055,866.875,33.35518591,440,-4.54457055,3.828756221,4.175508951,-0.848371569,0.482289528,2089,44,21
33,2015,73097,16954776,26.62120611,35.78176851,431.1292582,RJ,723,236960,305.1147873,0.707710696,134,20539,65,19413,43,22150,58,20887,40,20981,54,19886,63,19858,55,19049,66,19115,46,18158,45,17538,54,19386,79,55,552,3.255719804,33.93894414,Southeast,11,0,2,1,0,1,0,0,0,1,0,3,3,0,0,3131,1058561,0,0,147.7731674,215.4545455,0.724757953,0.636363636,2039.464137,917.8708709,1010.769231,35.24406331,2175,-1.84282437,6.066407948,5.720688058,1.535174108,0.573018858,17228,147,15
33,2016,87679,17065471,26.70466255,36.07235827,513.7801353,RJ,598,219129,272.8986122,0.531158356,114,19805,42,19361,29,21240,20,20088,32,20316,50,18955,55,18214,51,17284,44,16368,54,15902,45,15145,62,16451,76,38,521,3.05294826,35.15488315,Southeast,7,2,1,0,0,0,1,0,1,0,1,0,1,1,1,3734,1056661,0,0,162.5769231,145.5714286,0.739130435,0.571428571,2056.231729,915.8075693,749.2105263,36.33812771,2468,-0.91747512,6.241795422,5.609100342,1.161419738,0.461609159,18382,103,20
33,2017,10898,17173971,26.89419596,36.36578162,63.45649472,RJ,126,223224,56.44554349,0.889515624,13,17236,7,17444,7,21036,5,19714,10,21063,9,19752,9,19303,14,18605,18,17236,10,16624,13,17208,11,18003,12,1,92,0.535694395,32.81703065,Southeast,0,0,0,0,0,0,0,0,0,0,0,0,0,0,0,517,1061337,0,0,181.2698413,NA,0.841269841,NA,1971.445122,836.0066007,584,34.31392551,381,-3.54875097,4.150354549,4.033276341,#NAME?,0.616071429,2649,34,20
33,2018,14785,17286572,27.18453598,36.64302483,85.52881393,RJ,111,220499,50.34036436,0.588577838,11,19906,2,18496,7,20216,4,19561,8,20415,16,18526,14,18433,13,18079,10,17281,6,16526,13,16533,7,16527,4,7,57,0.329735705,36.1271559,Southeast,2,0,0,0,0,0,1,0,0,0,1,0,0,0,0,622,1068887,0,0,179.0720721,210,0.882882883,1,2078.724324,961.2871287,NA,37.33060109,400,-0.51586893,4.448853324,3.918807228,-0.097575793,0.671241171,2989,13,22
33,2019,31978,17393126,27.31767065,36.91541227,183.8542422,RJ,229,207989,110.1019765,0.598854697,40,18353,21,17531,21,19173,10,18080,10,18795,21,17381,20,17561,11,17232,25,16913,21,16009,11,15010,18,15951,22,18,69,0.396708447,35.64178498,Southeast,1,0,1,0,0,0,0,0,0,0,0,0,0,0,0,1379,1081738,0,0,150.7467249,30,0.733624454,0,2069.92029,973.5094067,851.6666667,36.87944068,926,-1.27362729,5.214143282,4.701406996,-0.732315008,0.777166651,6310,18,23
33,2020,4509,17491805,27.35538157,37.17658035,25.77778565,RJ,52,199124,26.11438099,1.013057574,7,17266,5,16351,4,18379,1,17948,4,18104,0,16637,2,16728,3,16128,7,15983,6,14960,7,14815,6,15825,5,2,20,0.114339258,33.7307607,Southeast,1,0,0,0,0,0,0,0,0,0,0,0,1,0,0,213,1101069,0,0,180.4423077,330,0.769230769,1,1909.956897,821.9259259,365,35.40831581,176,-3.44581965,3.2495131,3.262486158,-0.68875756,0.550702371,908,5,23
33,2021,3046,17581327,27.56527093,37.421207,17.32519963,RJ,62,187896,32.99697705,1.904565475,5,16068,5,15284,4,17507,2,16627,4,16733,2,15330,7,15515,8,15490,5,15124,12,14217,4,14784,4,15217,4,1,6,0.034127117,30.17235719,Southeast,0,0,0,0,0,0,0,0,0,0,0,0,0,0,0,263,1111252,0,0,182.3870968,NA,0.838709677,NA,1874.772727,839.2937853,912.5,33.086657,226,-7.24884981,2.852162068,3.496415953,#NAME?,0.839542484,950,4,12
33,2022,11021,17454673,27.80341857,37.03292356,63.14068445,RJ,149,179548,82.98616526,1.31430576,20,15774,7,15198,12,17006,13,16119,8,16274,9,14881,12,15028,14,14135,14,13002,18,13248,10,14003,12,14880,11,9,25,0.14322812,29.63760094,Southeast,1,0,0,0,0,0,0,0,0,0,0,0,1,0,0,958,1116185,0,0,167.7114094,330,0.818791946,1,2060.579661,996.8665377,1095,31.80346991,670,-7.39532262,4.145365323,4.41867391,-0.585272396,0.859191773,3605,13,12
33,2023,49622,17537759,27.75542779,37.29932006,282.94379,RJ,486,197409.8765,246.1882904,0.870096108,62,16891.79405,33,16309.79405,32,18651.57666,37,17704.44623,32,18189.57666,43,16847.44623,33,16810.66362,49,15932.83753,49,15396.57666,35,14827.27232,45,14370.83753,36,15477.05492,36,26,73,0.416244744,30.14624562,Southeast,3,0,0,0,0,0,1,0,1,0,0,0,1,0,0,3866,1125646,0,0,165.0823045,230,0.804526749,1,2225.529738,981.4563463,1003.75,31.54805982,1924,-7.15307444,5.645248256,5.506096651,0.418500316,0.873128495,15902,31,12
33,2024,300727,17615921,27.86648696,37.56989436,1707.131861,RJ,1925,195613.8202,984.0817987,0.576453302,375,16742.12269,168,16160.12269,91,18501.9053,83,17554.77487,88,18039.9053,124,16697.77487,134,16660.99226,167,15783.16617,156,15246.9053,170,14677.60096,203,14221.16617,166,15327.38356,231,144,269,1.527027738,33.63545674,Southeast,7,0,0,0,0,3,0,2,0,0,0,2,0,0,0,18230,1127852,0,0,161.0472727,188.5714286,0.717922078,0.571428571,2121.644141,953.6964908,730,35.01060408,10888,-3.93443762,7.442569967,6.891709022,1.274937925,0.907375467,73981,49,24
35,2000,4154,37712788,25.41838818,29.59304549,11.01483136,SP,8,687779,1.16316433,0.105599831,0,56917,0,59706,0,64383,2,59683,1,61477,1,57024,0,57963,0,57603,2,55927,1,53462,1,51168,0,52466,0,0,1,0.00265162,35.68319692,Southeast,0,0,0,0,0,0,0,0,0,0,0,0,0,0,0,101,3224878,0,0,187.5,NA,1,NA,2119.354839,1115.277778,NA,36.28291248,67,6.09015143,2.39924267,0.151144162,#NAME?,0.989990467,635,NA,36
35,2001,56898,38230239,25.55600793,29.8859897,148.8298308,SP,88,632483,13.91341744,0.093485408,6,56524,2,52108,5,59759,3,55985,8,58509,6,53702,5,51591,8,50550,10,50076,9,49245,13,46463,13,47971,3,3,12,0.031388765,35.69963795,Southeast,2,0,0,0,0,0,1,0,0,0,0,1,0,0,0,1625,3243235,0,0,206.5454545,225,0.909090909,1,2244.511921,992.458194,NA,36.21188105,788,5.81364825,5.002803578,2.632853658,-1.151335976,0.974416494,10033,5,38
35,2002,43538,38714501,25.67510341,30.20337566,112.4591532,SP,151,623302,24.2258167,0.215418808,49,54241,15,51300,16,58861,11,56962,6,57089,4,52151,1,53000,11,47332,9,48859,10,49507,8,46283,11,47717,28,21,56,0.144648642,34.02645964,Southeast,1,0,0,0,0,0,0,0,0,1,0,0,0,0,0,1300,3281562,0,0,117.7417219,240,0.57615894,1,2168.564437,980.5565863,NA,34.67844498,738,3.82308398,4.722590073,3.18741887,-1.829860967,0.978582974,8153,9,22
35,2003,15739,39179571,25.81204611,30.5256543,40.17144547,SP,55,610555,9.00819746,0.224243797,19,49705,4,50253,8,55563,5,55809,3,54738,2,52459,4,51539,0,49181,1,49905,1,48431,4,44796,4,48176,8,11,47,0.119960476,35.72132918,Southeast,0,0,0,0,0,0,0,0,0,0,0,0,0,0,0,480,3326380,0,0,104.7090909,NA,0.581818182,NA,2309.729299,1016.081081,730,36.28843792,211,5.19567488,3.693156432,2.198134992,#NAME?,0.926589867,2724,12,20
35,2004,3043,39639563,25.9875333,30.84486017,7.676673933,SP,18,618080,2.91224437,0.379362781,3,53857,0,51707,7,57049,1,54175,4,55590,0,52093,0,51053,1,49955,0,50228,0,48002,1,46659,1,47712,2,1,3,0.007568196,34.82681564,Southeast,0,0,0,0,0,0,0,0,0,0,0,0,0,0,0,111,3355491,0,0,103.9444444,NA,0.833333333,NA,2288.576642,898.4615385,NA,35.54047699,48,3.98195547,2.038186372,1.068924045,#NAME?,0.976908275,571,NA,28
35,2005,6034,40097875,26.05109226,31.15800638,15.04817899,SP,35,618880,5.655377456,0.375818062,12,50757,0,49945,3,58184,2,54660,3,56381,1,52379,5,51305,2,51067,2,50947,4,48454,1,46905,0,47896,6,6,18,0.044890159,36.2863772,Southeast,0,0,0,0,0,0,0,0,0,0,0,0,0,0,0,237,3355158,0,0,120.9714286,NA,0.657142857,NA,2150.421687,995.1052632,1277.5,37.2655637,136,5.12837082,2.711256987,1.732606855,#NAME?,0.965517241,1129,3,46
35,2006,58681,40543105,26.17739719,31.47668231,144.7373111,SP,211,603368,34.97036634,0.241612657,67,48440,10,47952,14,56092,8,54490,16,56071,10,51898,16,50020,14,49616,20,50280,13,47564,12,44219,11,46726,36,31,351,0.865745236,35.41669365,Southeast,4,2,0,1,0,0,0,0,0,1,0,0,0,2,0,2140,3343245,0,0,130.7109005,80,0.63507109,0.25,2240.998258,970.5,811.1111111,36.11817849,1023,3.94001134,4.974920452,3.554501027,-0.411062745,0.955961542,11008,64,24
35,2007,111392,40974224,26.31102538,31.79954466,271.8587178,SP,545,595408,91.53387257,0.336696477,124,51330,26,49646,39,56351,32,52201,25,53762,43,50741,42,49982,40,48316,43,46800,44,46305,33,43570,54,46404,85,39,405,0.988426285,34.89397802,Southeast,2,0,0,1,0,0,0,0,0,0,1,0,0,0,0,3934,3294102,212,0,151.9431193,165,0.724770642,0.5,2162.436771,943.9731871,730,35.70627537,2184,3.09443336,5.605282511,4.516709096,-1.090929518,0.869591257,22103,71,24
35,2008,11289,41411322,26.43846545,32.13265577,27.26066074,SP,110,601795,18.27864971,0.670513818,24,49217,6,49621,3,54832,2,53588,9,54565,9,50426,5,50141,14,48098,17,49218,9,47996,10,44946,2,49147,20,4,61,0.147302711,32.90318009,Southeast,0,0,0,0,0,0,0,0,0,0,0,0,0,0,0,526,3229136,23,0,156.5636364,NA,0.727272727,NA,1997.635135,931.5104167,730,34.3207862,393,0.77052432,3.305444664,2.905733696,#NAME?,0.683529412,2598,6,25
35,2009,11347,41856979,26.50944821,32.47485909,27.10897984,SP,103,598473,17.21046731,0.634862227,19,50975,2,50045,6,56593,6,53623,9,49878,7,48356,9,49327,9,48736,10,51490,11,48203,4,44142,11,47105,10,9,89,0.212628819,33.87891073,Southeast,2,1,0,0,0,0,0,0,0,0,1,0,0,1,0,442,3170366,27,0,165.7572816,140,0.796116505,0.5,2107.326656,936.3043478,1095,34.94243032,266,1.40405164,3.299865032,2.845517763,-1.096064045,0.784062758,2419,18,27
35,2010,201179,42531479,26.69450339,33.1273129,473.0120013,SP,1253,601352,208.3638202,0.440504299,378,51900,82,50720,104,57467,69,51951,69,53419,86,50425,79,50260,68,47012,82,47592,77,46360,76,44867,83,49379,219,159,2909,6.839639882,34.46694735,Southeast,33,9,4,6,1,3,3,3,2,2,0,0,0,2,7,8044,3126834,410,13,128.0127694,90.54545455,0.632881085,0.303030303,2126.093233,976.2992231,1214.183673,35.48294044,4962,1.33963445,6.159120761,5.339285687,1.702497294,0.932056544,42820,712,28
35,2011,106005,42951823,26.82462583,33.46923524,246.7997691,SP,545,610222,89.31175867,0.361879426,142,52564,37,51429,42,58794,38,53825,30,56174,24,51584,42,51436,40,49955,40,46595,36,45104,39,44502,35,48260,83,59,529,1.231612451,34.95514363,Southeast,7,0,1,3,0,0,0,1,1,0,1,0,0,0,0,4191,3070415,281,2,137.0623853,124.2857143,0.671559633,0.428571429,2059.127159,948.9329968,1143.666667,36.03043241,2872,1.48590839,5.508577356,4.492133155,0.13725751,0.929271884,22726,112,29
35,2012,28307,43368918,26.91459079,33.79223212,65.27024723,SP,179,616608,29.02978878,0.444762966,33,50872,10,52069,12,58703,5,53014,12,54630,13,50647,13,51203,18,50290,17,49775,14,50360,21,45837,11,49208,20,13,89,0.205216095,35.33666584,Southeast,3,0,0,0,0,0,2,0,1,0,0,0,0,0,0,905,3032286,69,0,163.2290503,170,0.759776536,1,2099.515637,846.8719212,1095,36.18692706,528,1.54443372,4.1785363,3.368322502,-0.720451015,0.867253031,5457,12,31
35,2013,218903,43779724,27.00863813,34.10987694,500.0100046,SP,1187,610896,194.3047589,0.388601742,343,52540,75,50734,115,54853,66,55124,43,55320,59,50433,74,50956,84,49500,100,47591,81,48398,56,45916,91,49531,198,145,464,1.05985136,35.1315103,Southeast,8,3,0,1,0,0,2,1,0,0,0,1,0,2,1,7640,3007729,580,0,132.6705981,108.125,0.647851727,0.5,2130.529263,976.5238928,973.3333333,36.01339108,4589,1.02163336,6.214628107,5.269427849,0.269684996,0.942263052,44701,97,30
35,2014,225753,44192024,27.15732542,34.42517498,510.845577,SP,1477,625687,236.0605223,0.462097614,336,53623,139,51604,135,55839,92,55282,71,56264,81,52499,85,53840,99,50341,103,50729,120,47640,112,46373,104,51653,186,150,5189,11.74193787,35.07096251,Southeast,23,8,0,3,1,5,0,0,1,1,1,1,2,6,2,8287,2987299,3,0,140.1069736,114.3913043,0.678402167,0.260869565,2081.120146,925.8973729,969.4086022,36.0929678,5382,0.64578753,6.236067347,5.464088222,1.301814156,0.910138208,46665,1108,32
35,2015,746270,44618106,27.3352465,34.7340219,1672.572117,SP,4197,634026,661.9602351,0.395773808,1087,54543,429,52427,229,60137,177,56083,159,57406,214,53258,256,52551,336,50610,312,51663,366,47260,298,46712,334,51376,645,442,14196,31.81667998,36.10964664,Southeast,81,32,9,7,6,3,2,5,4,3,5,2,3,13,19,27846,2965962,1,0,142.4274482,96.14814815,0.638789612,0.296296296,2095.217127,946.878511,972.3828125,37.1213733,17655,1.37562474,7.42211791,6.495205486,2.547529378,0.932088585,150478,2754,33
35,2016,185685,45033014,27.49064989,35.05354385,412.3308291,SP,1196,601437,198.8570706,0.482275534,176,53054,71,51742,38,57766,47,54770,61,55421,59,51888,110,49520,128,47720,134,46897,147,44453,113,42168,112,46038,114,62,1322,2.935624073,35.88796618,Southeast,16,3,1,0,1,2,0,2,0,3,3,1,0,2,1,6845,2961456,0,0,180.9088629,161.9375,0.793478261,0.5625,2014.018468,926.729461,842.3076923,37.02549424,4919,0.83442233,6.02182601,5.292586329,0.978437116,0.894441373,35620,279,22
35,2017,9281,45434999,27.76728293,35.37878046,20.42698405,SP,186,611803,30.40194311,1.488322654,14,47838,2,49031,7,57683,4,53716,6,57104,20,53646,18,51842,22,50106,31,48838,23,47119,29,46554,10,48326,9,5,94,0.206888967,31.78375175,Southeast,3,0,0,0,0,0,0,1,0,1,0,0,1,0,0,510,2976031,0,0,205.6075269,250,0.913978495,1,1751.84839,847.6379691,657,34.35179115,553,-3.59502871,3.016856774,3.414506524,-0.712627861,0.684053333,2449,27,36
35,2018,18419,45836065,28.02527444,35.69648655,40.18451409,SP,161,606146,26.56125752,0.660982424,16,52853,7,49955,1,56005,6,54500,12,56063,11,50507,22,49920,20,49575,20,47758,19,46894,15,45831,12,46285,10,6,102,0.222532192,36.02872034,Southeast,1,0,0,0,0,0,0,0,0,0,0,0,1,0,0,774,2991677,0,0,190.4285714,330,0.857142857,1,2012.139831,902.6108374,NA,37.35786444,539,0.33223379,3.6934817,3.27945367,-1.801950695,0.815711276,3498,14,29
35,2019,441409,46222683,28.1878064,36.00907502,954.9618745,SP,2330,583191,399.5260558,0.418368593,410,51159,157,48989,146,53304,111,51813,120,53531,149,48814,190,48860,167,47480,192,46428,261,43909,201,43279,226,45625,252,158,4545,9.832834671,36.68603721,Southeast,23,4,1,0,3,1,4,2,2,2,3,1,0,3,1,18624,3009786,2,0,165.7090129,149.5652174,0.756652361,0.608695652,2116.275595,960.7211022,916.9512195,37.77324555,11352,0.67696219,6.861671418,5.990278984,1.372149653,0.928865156,85396,597,36
35,2020,205503,46590355,28.26635766,36.31275568,441.0848554,SP,1153,552310,208.7595734,0.47328665,170,47864,64,45902,52,51035,42,49464,65,49523,86,45933,111,46126,99,43897,113,45152,120,42106,108,41711,123,43597,108,62,2345,5.03323059,37.34395118,Southeast,19,0,1,0,1,1,4,3,3,4,2,0,0,0,0,8450,3042098,0,0,177.679098,184.7368421,0.797051171,0.842105263,2064.613465,926.2694611,989.3421053,38.51824612,5568,1.0311955,6.089237273,5.341183223,1.235499682,0.950329615,36947,391,37
35,2021,161807,46936849,28.40139144,36.60472781,344.7334098,SP,1316,523269,251.4958845,0.72953731,232,45342,87,42757,72,47995,67,45665,74,46918,87,42683,98,43429,106,42985,125,42690,128,40706,131,40537,109,41562,131,101,87,0.185355434,36.36353804,Southeast,1,0,0,0,0,0,0,0,0,0,0,1,0,0,0,8587,3058542,0,0,165.4445289,300,0.757598784,1,2029.021096,932.1770856,365,37.96021591,5982,-0.24118977,5.842771393,5.527426626,-1.654925486,0.928331239,33517,16,38
35,2022,349487,46766590,28.6035965,36.32131402,747.3005836,SP,1616,512611,315.2487949,0.421850058,375,43726,141,42117,128,47179,97,46132,73,47158,85,42536,96,43191,111,42408,140,38639,125,37214,122,39742,123,42569,226,149,323,0.690663998,37.51289461,Southeast,1,0,0,1,0,0,0,0,0,0,0,0,0,0,0,16450,3057837,1,0,143.6522277,60,0.680693069,0,2125.683969,998.5538714,1049.375,38.68931852,9856,1.19158059,6.616467492,5.753362152,-1.634347087,0.949896718,67221,29,40
35,2023,336044,47089686,28.75142428,36.62127564,713.6254848,SP,1496,555340.8449,269.3841114,0.377486675,286,47287.13925,116,46066.18272,81,52269.13925,76,49577.31316,66,50641.48707,86,46688.92185,82,46383.40012,136,44786.79142,155,44427.8349,116,42715.44359,157,40910.57403,139,43586.61751,165,121,399,0.847319305,37.05130578,Southeast,3,1,0,1,0,0,0,0,0,0,0,1,0,1,0,18063,3062089,0,0,163.5601604,122,0.731283422,0.333333333,2173.763552,999.3985765,1034.166667,38.25319084,9947,0.43003014,6.570358294,5.596138284,-0.615799586,0.97378305,70191,40,41
35,2024,2166687,47399390,28.89412984,36.92301232,4571.128447,SP,10594,551639.0336,1920.458734,0.42012793,1900,46978.65497,773,45757.69845,597,51960.65497,682,49268.82889,707,50333.0028,630,46380.43758,732,46074.91584,828,44478.30715,891,44119.35063,897,42406.95932,982,40602.08976,975,43278.13323,1146,754,2621,5.529607027,37.58494836,Southeast,19,4,3,0,0,3,1,3,2,0,0,3,0,1,3,103992,3058324,0,0,160.6824618,133.8421053,0.74768737,0.473684211,2138.367103,969.213558,906.969697,38.76541541,60509,0.66193604,8.427515378,7.56031936,1.236715257,0.985936797,429059,237,26
41,2000,1332,9773392,25.03274791,28.6385917,13.62884043,PR,5,179462,2.786105136,0.20442716,0,15125,0,15439,0,16019,0,15005,0,15880,0,14934,0,15321,1,15433,0,15078,1,14196,1,13253,2,13779,0,0,0,0,32.16216216,South,0,0,0,0,0,0,0,0,0,0,0,0,0,0,0,33,952678,0,0,288,NA,1,NA,1843.87931,992.8,NA,33.06656347,35,3.52357046,2.612188167,1.024644612,#NAME?,0.975824176,255,NA,31
41,2001,1563,9884323,25.08226007,28.95537378,15.8129191,PR,2,167270,1.195671669,0.075613595,0,14841,0,13688,0,14774,0,14043,0,14871,0,14049,0,13971,1,13875,0,13887,1,13369,0,12478,0,13424,0,0,1,0.010117031,34.70953295,South,0,0,0,0,0,0,0,0,0,0,0,0,0,0,0,54,953189,0,0,240,NA,1,NA,2175,998.9473684,NA,35.36512084,30,5.75415917,2.76082727,0.178708093,#NAME?,0.983637508,272,NA,35
41,2002,6832,9984977,25.19456912,29.29903564,68.42279156,PR,11,165125,6.661619985,0.097359664,3,14271,1,13350,0,15080,0,14623,0,14480,1,13372,0,14214,1,13692,0,13918,2,13415,0,12309,3,12401,1,2,11,0.110165502,33.13568501,South,0,0,0,0,0,0,0,0,0,0,0,0,0,0,0,255,952249,0,0,178.1818182,NA,0.636363636,NA,2262.342342,1038.846154,NA,33.73186026,123,3.83664937,4.225705979,1.896362696,#NAME?,0.946559601,1414,4,19
41,2003,10919,10077713,25.29972347,29.65763611,108.3479952,PR,50,157333,31.77972835,0.293311642,22,12905,4,12709,6,13998,1,13837,0,14046,1,13275,2,13480,2,13097,2,13252,3,12440,5,11808,2,12486,11,11,39,0.386992565,32.93937174,South,2,2,0,0,0,0,0,0,0,0,0,0,0,1,1,494,948724,0,0,105.04,18.5,0.48,0,2123.312413,983.6995516,730,33.92867953,297,3.28173563,4.685348225,3.458828613,0.239952788,0.992134527,2608,10,20
41,2004,107,10164909,25.40821314,30.02672557,1.052641002,PR,0,159636,0,0,0,13727,0,12831,0,14338,0,13422,0,14368,0,13370,0,13159,0,13345,0,13631,0,12781,0,12055,0,12609,0,0,0,0,34.71962617,South,0,0,0,0,0,0,0,0,0,0,0,0,0,0,0,2,940976,0,0,NA,NA,NA,NA,1733.75,912.5,NA,35.33333333,2,4.6929006,0.051302246,#NAME?,#NAME?,0.685897436,16,NA,25
41,2005,995,10252300,25.44771156,30.38913288,9.705139335,PR,2,160324,1.247473865,0.12853745,2,12957,0,12487,0,14447,0,14057,0,14598,0,13700,0,13672,0,13671,0,13431,0,12659,0,12059,0,12586,1,1,2,0.019507818,34.56884422,South,0,0,0,0,0,0,0,0,0,0,0,0,0,0,0,29,928184,0,0,17,NA,0,NA,2243.414634,973.3333333,NA,35.12167689,15,4.17971134,2.272655574,0.221120599,#NAME?,0.942234848,177,NA,27
41,2006,1133,10337573,25.51342465,30.75337935,10.96001934,PR,4,153598,2.604200576,0.237609122,1,12644,0,12574,1,14222,0,13572,0,14165,0,13156,0,12826,1,12776,0,12596,0,11968,1,11117,0,11982,1,0,5,0.048367252,34.760812,South,0,0,0,0,0,0,0,0,0,0,0,0,0,0,0,38,913883,0,0,144.5,NA,0.75,NA,2306.489362,1054.444444,NA,35.30341113,15,4.00743265,2.394254046,0.957125747,#NAME?,0.921202275,214,3,31
41,2007,26963,10416581,25.65392331,31.12866266,258.8469288,PR,102,147554,69.12723478,0.267058354,31,13264,10,12466,8,13655,6,12431,4,13130,6,12743,5,12632,5,11763,7,11527,3,11356,8,11048,9,11539,17,14,42,0.403203316,35.76274895,South,0,0,0,0,0,0,0,0,0,0,0,0,0,0,0,931,890893,76,0,126.9901961,NA,0.598039216,NA,2270.915663,996.1942675,NA,36.42345375,426,4.63408629,5.556236878,4.235948789,#NAME?,0.950740183,5537,6,15
41,2008,1822,10494895,25.77037831,31.51488424,17.36082162,PR,23,151092,15.22251344,0.876831395,1,12295,1,12262,3,13421,0,13251,2,13690,0,12419,4,12769,2,12350,2,12589,2,12255,2,11261,4,12530,1,0,5,0.047642211,28.11031833,South,0,0,0,0,0,0,0,0,0,0,0,0,0,0,0,142,863295,4,0,197.5652174,NA,0.913043478,NA,1836.102662,898.9256198,1460,30.65078408,141,-3.40456591,2.854216036,2.722775479,#NAME?,0.53626943,627,2,17
41,2009,1461,10574625,25.76046295,31.90604934,13.81609277,PR,24,149217,16.08395826,1.164146661,1,12975,1,12129,3,13720,1,12777,1,12241,3,12245,3,12271,2,12339,1,13068,4,12332,2,11211,2,11909,0,1,7,0.066196201,30.20328542,South,0,0,0,0,0,0,0,0,0,0,0,0,0,0,0,103,835179,5,1,184.8333333,NA,0.916666667,NA,1965.559006,742.5862069,NA,32.26965467,76,-1.70276392,2.625834056,2.777822394,#NAME?,0.613842173,441,2,15
41,2010,37806,10703763,25.93609381,32.56858275,353.2028876,PR,259,152051,170.3375841,0.482265548,57,12947,20,12654,23,14314,20,12823,9,13440,12,12956,18,12990,15,12038,14,12130,20,11723,27,11269,24,12767,25,32,193,1.803104198,33.09728615,South,0,0,0,0,0,0,0,0,0,0,0,0,0,0,0,1611,813603,76,1,149.5675676,NA,0.702702703,NA,2085.290532,962.7411765,1095,34.21793852,1078,0.5287034,5.867042644,5.137782257,#NAME?,0.89925422,9518,36,14
41,2011,30175,10790997,26.03696485,32.9394941,279.6312519,PR,160,152902,104.6421891,0.374214929,32,13191,6,12779,7,14322,6,13309,4,13728,15,12826,15,13122,12,12685,19,12053,17,11372,17,11202,10,12313,17,15,236,2.1870083,33.41365369,South,1,1,0,0,0,0,0,0,0,0,0,0,0,0,1,1384,794369,0,0,169.24375,20,0.7625,0,2060.049645,989.6443228,730,34.59302726,959,0.47415959,5.633471778,4.650546808,-0.424627007,0.963274497,7590,33,15
41,2012,4590,10876676,26.10907792,33.29980354,42.20039284,PR,39,153945,25.33372308,0.600319603,6,12912,5,12719,1,14422,2,12957,1,13474,1,12830,5,12998,5,12718,6,12267,3,12506,3,11632,1,12510,4,2,17,0.156297751,33.14291939,South,0,0,0,0,0,0,0,0,0,0,0,0,0,0,0,195,778722,0,0,157.5641026,NA,0.717948718,NA,1999.039735,972.1962617,NA,34.42587968,146,-0.15688415,3.74242953,3.232136436,#NAME?,0.811021914,1125,2,18
41,2013,66353,10964243,26.2026156,33.64774723,605.176299,PR,453,155758,290.8357837,0.480580261,101,13458,34,12781,31,13617,24,14065,17,13522,25,12772,42,13130,36,12611,36,12303,40,12523,36,11941,31,13035,63,38,243,2.216295279,35.27510437,South,0,0,0,0,0,0,0,0,0,0,0,0,0,0,0,2557,767823,0,0,149.4922737,NA,0.701986755,NA,2051.800668,929.4386228,NA,36.38261046,1712,1.62735714,6.405519819,5.672758791,#NAME?,0.897896951,15122,43,16
41,2014,22637,11056175,26.32195229,33.98265612,204.745312,PR,180,159915,112.5597974,0.549755187,32,14100,9,13142,6,14016,7,13788,15,14131,21,13237,16,13985,23,12932,17,13066,12,12162,13,11939,9,13417,19,13,350,3.165651774,34.39704908,South,2,0,0,1,0,1,0,0,0,0,0,0,0,0,0,984,761803,0,0,158.5722222,90,0.772222222,0,2047.829508,927.6802218,1003.75,35.67023427,687,0.41439296,5.321766826,4.723484613,0.223674942,0.87755102,5394,78,19
41,2015,45513,11150695,26.51571635,34.31463501,408.1628993,PR,300,160947,186.3967642,0.456672482,61,14165,33,12968,24,14932,10,14112,15,14322,17,13375,16,13350,27,12869,20,13057,34,12238,22,12212,21,13347,35,26,710,6.367316118,36.07116648,South,3,1,0,0,0,0,0,0,0,0,1,0,1,1,0,1633,754058,1,0,148.4733333,202,0.686666667,0.666666667,2080.275154,924.3329177,669.1666667,37.10628709,1059,1.75653147,6.011666358,5.227877542,0.622707356,0.922171827,9529,129,18
41,2016,62851,11242086,26.78794191,34.6576807,559.0688419,PR,378,155066,243.7671701,0.43602353,58,13894,34,13559,18,14403,13,13878,15,14003,23,12993,30,12667,39,12646,40,12489,29,11473,45,11026,34,12035,29,29,698,6.208812137,35.80151469,South,3,0,1,0,0,1,0,1,0,0,0,0,0,0,0,2096,748114,0,0,172.2857143,110,0.756613757,0.333333333,2003.375076,905.6833616,786.1538462,36.84658932,1532,1.14383399,6.326272617,5.496213549,0.659931642,0.923691272,12613,132,21
41,2017,2191,11332221,27.04363955,34.99615874,19.33425054,PR,53,157701,33.60790356,1.738257374,5,12588,2,12447,1,15033,0,13848,2,14794,5,14042,8,13418,7,13103,5,12518,6,11838,8,11873,4,12199,2,3,12,0.105892746,29.51483341,South,0,0,0,0,0,0,0,0,0,0,0,0,0,0,0,113,747575,0,0,201.0377358,NA,0.867924528,NA,1770,915.9433962,NA,32.02590932,131,-5.48132533,2.961878162,3.514761264,#NAME?,0.399456522,644,4,21
41,2018,1389,11422938,27.29442193,35.32068913,12.15974384,PR,22,156201,14.08441687,1.158282367,2,13734,1,12413,1,14225,1,13915,0,14312,1,12846,1,13084,1,13055,2,12415,3,12335,5,11906,4,11961,2,0,25,0.218857881,32.14686825,South,1,0,0,0,0,0,0,1,0,0,0,0,0,0,0,76,751415,0,0,220.3636364,180,0.863636364,1,1772.462121,743.0357143,NA,34.28527371,70,-3.17382088,2.498130811,2.645069,-0.445973453,0.594575303,340,3,35
41,2019,45405,11509919,27.48461253,35.63696964,394.4858343,PR,299,153469,194.8276199,0.493877354,50,13133,30,12825,14,13842,23,13498,16,14097,22,12723,20,13223,33,12634,26,12354,15,11379,29,11574,21,12187,31,19,852,7.402310998,35.88115846,South,8,1,1,1,1,0,1,1,1,0,0,1,0,1,0,2092,759297,0,0,154.2140468,128,0.732441472,0.5,2062.307937,938.0293006,989.0322581,37.16434126,1386,0.24418882,5.977583232,5.272115167,1.651113135,0.913433032,9822,155,24
41,2020,262260,11592166,27.62346966,35.94168122,2262.389962,PR,1841,146291,1258.450622,0.556248323,281,12711,125,12257,61,13279,67,13104,101,13094,156,11999,179,12158,178,11580,183,11938,169,11285,196,10929,145,11957,174,107,3141,27.09588527,36.19063906,South,16,7,1,1,1,1,1,1,0,0,2,1,0,3,4,11625,769841,2,0,172.8636611,98.375,0.779467681,0.3125,2050.865928,934.0679084,929.0909091,37.4882823,7895,0.24895784,7.724177039,7.137636579,2.39216112,0.896921155,53190,376,24
41,2021,37250,11669129,27.6768821,36.23225084,319.218341,PR,364,142095,256.1666491,0.802480986,52,12671,22,11991,24,13117,15,12313,25,12499,30,11442,27,11787,36,11603,30,11527,35,10910,36,10871,32,11364,24,28,29,0.248518977,36.09559732,South,0,0,0,0,0,0,0,0,0,0,0,0,0,0,0,1793,776683,0,0,170.760989,NA,0.796703297,NA,1932.615489,894.2658558,NA,37.85404367,1485,-0.13665352,5.765875323,5.545828206,#NAME?,0.804326897,7637,2,26
41,2022,156030,11628601,27.87831107,35.99065907,1341.777915,PR,753,140702,535.1736294,0.398854105,161,11977,65,11573,69,13139,51,12317,46,12823,34,11602,44,11893,55,11613,46,11303,63,10190,70,10601,49,11671,86,75,142,1.221127116,36.68417612,South,1,1,0,0,0,0,0,0,0,0,0,0,0,1,0,7290,783031,1,0,143.7410359,2,0.699867198,0,2133.30266,991.9049109,1460,37.81961197,4308,0.69351705,7.201750816,6.282591235,-0.341473993,0.93625192,32481,14,22
41,2023,209071,11700816,27.91499173,36.28783343,1786.807006,PR,1146,145068.5514,789.9713543,0.442113419,196,12451.96624,81,11911.00972,75,13315.00972,59,12645.87928,74,13026.87928,68,12122.4445,78,12262.18363,95,11927.74885,105,11839.4445,88,11244.14015,111,10760.18363,116,11561.66189,118,78,180,1.538354248,35.56667831,South,2,0,0,0,0,0,0,0,1,0,0,0,1,0,0,12462,788944,0,0,164.4642234,270,0.758289703,1,2161.128537,993.1610202,730,36.90429271,7073,-0.72115512,7.48818551,6.671996684,0.321110968,0.820018322,49780,17,23
41,2024,647838,11769985,28.04532516,36.58606396,5504.153149,PR,3043,144262.2727,2109.3526,0.383229271,558,12384.77635,217,11843.81983,198,13247.81983,170,12578.68939,181,12959.68939,208,12055.25461,228,12194.99374,282,11860.55896,258,11772.25461,248,11176.95026,264,10692.99374,231,11494.472,341,217,724,6.151239785,37.12624915,South,7,0,1,0,0,1,1,2,0,0,1,0,1,0,0,33592,789446,0,0,157.2106474,180,0.745317121,0.714285714,2158.685005,984.7078464,669.1666667,38.33541671,19048,0.54018519,8.613258204,7.654136355,1.579447354,0.957239033,139885,59,24
42,2000,23,5483602,25.47564168,28.6595041,0.419432337,SC,0,94828,0,0,0,7789,0,8016,0,8744,0,8032,0,8254,0,7894,0,8350,0,8028,0,7868,0,7439,0,7094,0,7320,0,0,0,0,29.2173913,South,0,0,0,0,0,0,0,0,0,0,0,0,0,0,0,1,527193,0,0,NA,NA,NA,NA,1825,1460,NA,30.36363636,1,0.5578872,-0.86885306,#NAME?,#NAME?,1,5,NA,11
42,2001,36,5577588,25.5325044,29.01104061,0.645440287,SC,0,88097,0,0,0,7738,0,7109,0,8126,0,7600,0,8100,0,7561,0,7553,0,7247,0,7197,0,6931,0,6417,0,6518,0,0,0,0,36.75,South,0,0,0,0,0,0,0,0,0,0,0,0,0,0,0,0,526591,0,0,NA,NA,NA,NA,NA,NA,NA,36.75,0,7.73895939,-0.43782258,#NAME?,#NAME?,0.947368421,1,NA,25
42,2002,250,5666492,25.60057894,29.38734194,4.411900696,SC,1,85730,1.166452817,0.264387822,0,7473,0,7134,0,7873,0,7656,0,7727,0,7014,0,7303,0,7120,1,7131,0,6827,0,6315,0,6157,0,0,0,0,35.98,South,0,0,0,0,0,0,0,0,0,0,0,0,0,0,0,10,526580,0,0,240,NA,1,NA,2311.666667,730,NA,36.65714286,4,6.59265806,1.484305593,0.153967363,#NAME?,0.838926174,28,NA,34
42,2003,51,5752983,25.68778945,29.76880846,0.886496623,SC,0,83177,0,0,0,6749,0,6865,0,7108,0,7131,0,7372,0,7024,0,7227,0,7047,0,7230,0,6817,0,6152,0,6455,0,0,0,0,36.90196078,South,0,0,0,0,0,0,0,0,0,0,0,0,0,0,0,1,525835,0,0,NA,NA,NA,NA,2007.5,1460,NA,37.56,1,7.13315232,-0.120477963,#NAME?,#NAME?,0.879310345,8,NA,27
42,2004,14,5839810,25.79141743,30.14439442,0.239733827,SC,0,85475,0,0,0,7391,0,7022,0,7743,0,7372,0,7744,0,7305,0,7096,0,7251,0,7200,0,6662,0,6234,0,6455,0,0,0,0,34.35714286,South,0,0,0,0,0,0,0,0,0,0,0,0,0,0,0,0,522258,0,0,NA,NA,NA,NA,1095,1095,NA,36.76923077,1,4.21274844,-1.428226025,#NAME?,#NAME?,0.875,1,NA,31
42,2005,47,5927854,25.8371994,30.50897458,0.792867031,SC,0,84584,0,0,0,6682,0,6552,0,7609,0,7506,0,7758,0,7169,0,7439,0,7263,0,7214,0,6765,0,6401,0,6226,0,0,1,0.016869511,36.70212766,South,0,0,0,0,0,0,0,0,0,0,0,0,0,0,0,0,514681,0,0,NA,NA,NA,NA,NA,NA,NA,36.70212766,0,6.19315308,-0.23209975,#NAME?,#NAME?,0.959183673,3,NA,43
42,2006,59,6014549,25.90749171,30.87557405,0.980954682,SC,0,84133,0,0,0,6865,0,6613,0,7556,0,7509,0,7566,0,7402,0,7159,0,7184,0,7078,0,6496,0,6178,0,6527,0,0,0,0,39.11864407,South,0,0,0,0,0,0,0,0,0,0,0,0,0,0,0,1,503103,0,0,NA,NA,NA,NA,3285,NA,NA,39.11864407,0,8.24307002,-0.019229016,#NAME?,#NAME?,0.983333333,1,NA,27
42,2007,132,6098368,26.00053722,31.25192724,2.164513522,SC,1,81903,1.220956497,0.564078942,1,7256,0,6991,0,7660,0,6946,0,7192,0,7081,0,7121,0,6879,0,6450,0,6286,0,5998,0,6043,1,0,1,0.01639783,39.76515152,South,0,0,0,0,0,0,0,0,0,0,0,0,0,0,0,1,486976,0,0,5,NA,0,NA,2190,NA,NA,40.06870229,0,8.51322428,0.772195635,0.199634566,#NAME?,0.753333333,11,1,24
42,2008,71,6182616,26.12533133,31.63860152,1.148381203,SC,0,85262,0,0,0,6603,0,7152,0,7621,0,7433,0,7755,0,7114,0,7054,0,7085,0,7159,0,6849,0,6291,0,7146,0,0,1,0.016174383,35.92957746,South,0,0,0,0,0,0,0,0,0,0,0,0,0,0,0,1,470242,0,0,NA,NA,NA,NA,1642.5,1460,NA,36.84057971,2,4.29097594,0.138353301,#NAME?,#NAME?,0.514018692,6,NA,26
42,2009,46,6268248,26.21454323,32.03139123,0.733857371,SC,0,83489,0,0,0,7281,0,6862,0,7809,0,7072,0,6899,0,6834,0,7218,0,6912,0,7255,0,6595,0,6212,0,6540,0,0,0,0,38.39130435,South,0,0,0,0,0,0,0,0,0,0,0,0,0,0,0,1,457028,1,0,NA,NA,NA,NA,2007.5,730,NA,39.2,1,6.35991312,-0.309440587,#NAME?,#NAME?,0.9,3,NA,31
42,2010,171,6381508,26.32908251,32.6818285,2.67961742,SC,1,84611,1.181879425,0.441062749,0,7222,0,6940,0,8100,0,7443,0,7576,0,7422,0,7251,1,6810,0,6695,0,6376,0,5937,0,6839,0,0,1,0.015670277,38.60233918,South,0,0,0,0,0,0,0,0,0,0,0,0,0,0,0,1,449163,1,0,210,NA,1,NA,2190,NA,NA,38.82941176,0,5.92051068,0.985674031,0.167105904,#NAME?,0.846938776,12,NA,32
42,2011,147,6471076,26.44509093,33.05809714,2.271646941,SC,2,87481,2.28621072,1.00641111,0,7739,0,7299,1,8254,0,7546,1,8045,0,7443,0,7504,0,7360,0,6950,0,6227,0,6214,0,6900,0,0,1,0.015453381,37.68707483,South,0,0,0,0,0,0,0,0,0,0,0,0,0,0,0,2,443834,0,0,90,NA,1,NA,2068.333333,1095,NA,38.68531469,2,4.62897769,0.820505093,0.82689574,#NAME?,0.821656051,12,NA,31
42,2012,91,6561203,26.56268869,33.41643034,1.386940779,SC,0,88772,0,0,0,7527,0,7396,0,8247,0,7544,0,8008,0,7684,0,7460,0,7405,0,7072,0,7013,0,6487,0,6929,0,0,0,0,39.1978022,South,0,0,0,0,0,0,0,0,0,0,0,0,0,0,0,0,440904,0,0,NA,NA,NA,NA,NA,NA,NA,39.1978022,0,5.78137186,0.327100443,#NAME?,#NAME?,0.831578947,9,NA,35
42,2013,339,6651035,26.7096968,33.76947032,5.096951076,SC,2,89875,2.225312935,0.436596879,0,7753,0,7320,0,8042,0,8064,0,8045,0,7391,0,7535,2,7313,0,7158,0,7124,0,6780,0,7350,0,0,2,0.030070508,38.78761062,South,0,0,0,0,0,0,0,0,0,0,0,0,0,0,0,5,439742,0,0,210,NA,1,NA,2555,NA,NA,39.11904762,1,5.0181403,1.628642533,0.799897551,#NAME?,0.779291553,25,NA,30
42,2014,137,6741941,26.85000858,34.11697536,2.032055754,SC,1,93232,1.072593101,0.527836453,0,8097,0,7678,0,8215,0,8237,0,8309,0,7756,1,8081,0,7776,0,7843,0,6943,0,6665,0,7632,0,0,1,0.014832524,36.35036496,South,0,0,0,0,0,0,0,0,0,0,0,0,0,0,0,3,438844,0,0,180,NA,1,NA,2190,NA,NA,36.85185185,1,2.2333896,0.709047967,0.070079176,#NAME?,0.517985612,16,1,28
42,2015,4443,6835722,27.02481923,34.45321767,64.99679185,SC,22,97223,22.6283904,0.348146266,3,8267,3,7886,0,9093,0,8431,2,8672,1,8202,4,8245,4,7918,1,7934,2,7505,2,7214,0,7856,1,2,114,1.667709717,33.60859779,South,0,0,0,0,0,0,0,0,0,0,0,0,0,0,0,160,436411,0,0,157.6363636,NA,0.727272727,NA,1982.479839,895.9090909,NA,34.58263695,113,-0.84461988,4.174337913,3.11920533,#NAME?,0.815381156,835,17,20
42,2016,5092,6929677,27.28553293,34.78889622,73.48105835,SC,25,95313,26.2293706,0.356954176,6,8381,1,8307,0,8846,0,8493,0,8614,0,8106,3,8186,2,7818,5,7530,2,7025,3,6790,3,7217,3,3,65,0.937994657,36.92596229,South,0,0,0,0,0,0,0,0,0,0,0,0,0,0,0,140,437029,0,0,188.76,NA,0.72,NA,2082.238095,964.6428571,NA,37.7482405,94,2.13706607,4.297027663,3.266879798,#NAME?,0.865633582,894,3,20
42,2017,185,7022864,27.54845172,35.12323747,2.63425292,SC,1,98335,1.016931916,0.386041867,0,7471,0,7884,0,9412,0,8748,0,9237,0,8626,0,8405,0,8347,0,7839,1,7435,0,7137,0,7794,0,0,1,0.014239205,33.16216216,South,0,0,0,0,0,0,0,0,0,0,0,0,0,0,0,2,441971,0,0,270,NA,1,NA,1606,1095,NA,34.00555556,4,-1.96107531,0.96859962,0.016790169,#NAME?,0.102150538,24,1,25
42,2018,183,7115904,27.75887721,35.44821108,2.571704171,SC,2,99609,2.007850696,0.780747148,0,8451,0,7749,1,8945,0,8765,0,8979,1,8112,0,8463,0,8329,0,8137,0,7775,0,7854,0,8050,0,0,0,0,32.42076503,South,0,0,0,0,0,0,0,0,0,0,0,0,0,0,0,11,447769,0,0,105,NA,1,NA,2161.923077,365,NA,33.4519774,4,-3.02744605,0.944568781,0.697064845,#NAME?,0.335135135,40,NA,34
42,2019,2096,7206595,27.93817325,35.76689047,29.08447054,SC,10,98032,10.20075078,0.350728433,2,8345,2,7964,1,8876,0,8663,0,9144,0,8207,1,8612,1,8079,1,7862,1,7216,0,7157,1,7907,1,1,9,0.124885608,36.11402672,South,0,0,0,0,0,0,0,0,0,0,0,0,0,0,0,82,454448,0,0,138.7,NA,0.6,NA,2236.880734,1027.407407,NA,36.95890411,42,0.34713625,3.370204373,2.322461323,#NAME?,0.916110582,368,NA,36
42,2020,11800,7294190,28.06147106,36.07514392,161.7725889,SC,52,97916,53.10674456,0.328280242,7,8406,1,7911,3,8743,3,8460,1,8676,5,8279,5,8334,5,7853,3,8116,6,7617,10,7571,3,7950,2,5,97,1.329825519,34.67898305,South,1,0,0,0,0,0,0,0,0,0,0,1,0,0,0,421,464458,0,0,187.5961538,300,0.846153846,1,2100.94703,941.4108911,547.5,35.55554588,262,-1.39616087,5.086191577,3.972303936,0.021060218,0.964095182,2074,18,26
42,2021,19858,7378160,28.19061541,36.36929167,269.1456949,SC,80,96221,83.14193367,0.308910509,13,8127,8,7999,5,8839,8,8180,2,8558,4,8050,7,8217,5,7830,7,7843,10,7399,5,7464,6,7715,7,6,11,0.149088662,35.86191963,South,0,0,0,0,0,0,0,0,0,0,0,0,0,0,0,874,473076,0,0,155.675,NA,0.7375,NA,2110.878165,970.525641,NA,36.9181478,536,-0.50737204,5.59525285,4.420549192,#NAME?,0.983859614,3693,NA,33
42,2022,85072,7391369,28.29252435,36.16601282,1150.96405,SC,210,98181,213.8906713,0.185836101,43,8349,21,8079,15,8990,9,8685,5,8863,15,8229,10,8211,26,8334,20,7747,16,7160,11,7493,19,8041,27,16,94,1.271753582,37.7436877,South,0,0,0,0,0,0,0,0,0,0,0,0,0,0,0,3348,479786,0,0,151.0047619,NA,0.695238095,NA,2207.479321,1056.039326,NA,38.55605014,1740,1.57767488,7.048355175,5.365465003,#NAME?,0.97966444,14706,2,25
42,2023,140404,7471027,28.40843979,36.46807407,1879.313246,SC,475,99312.67589,478.2873845,0.254501151,100,8384.987484,37,8157.422266,29,9014.944005,32,8626.465744,24,8868.944005,24,8382.509223,31,8474.639657,35,8264.378788,34,8147.857049,44,7711.944005,49,7432.509223,36,7846.07444,58,42,118,1.579434795,36.25084755,South,0,0,0,0,0,0,0,0,0,0,0,0,0,0,0,6807,486991,0,0,154.0652632,NA,0.711578947,NA,2179.913912,1012.657571,730,37.26948064,3704,-0.21722652,7.538661694,6.170211775,#NAME?,0.847717423,27079,3,25
42,2024,338268,7548276,28.54296838,36.77223064,4481.394162,SC,1132,99990.64427,1132.105917,0.252623598,181,8441.484848,90,8213.919631,58,9071.44137,57,8682.963109,54,8925.44137,47,8439.006588,84,8531.137022,94,8320.876153,97,8204.354414,116,7768.44137,142,7489.006588,112,7902.571805,107,74,415,5.497944166,37.35352147,South,1,0,1,0,0,0,0,0,0,0,0,0,0,0,0,15551,492240,0,0,173.3515901,30,0.760600707,0,2179.98863,999.0627085,1277.5,38.35185675,8417,0.58129083,8.407689474,7.03183482,9.36E-05,0.92615841,63335,23,26
43,2000,37,10374255,26.0249332,30.78632924,0.356652116,RS,0,176719,0,0,0,15437,0,14990,0,15915,0,15114,0,15288,0,14704,0,14902,0,14926,0,14108,0,14112,0,13131,0,14092,0,0,0,0,39.10810811,South,0,0,0,0,0,0,0,0,0,0,0,0,0,0,0,0,907654,0,0,NA,NA,NA,NA,NA,NA,NA,39.10810811,0,8.32177887,-1.030994437,#NAME?,#NAME?,0.948717949,3,NA,27
43,2001,44,10457417,26.06164285,31.09251768,0.420753997,RS,1,160590,0.62270378,1.479971157,0,14357,0,13024,0,14598,0,13891,0,14632,0,13590,0,13975,0,13569,0,12993,0,12684,0,11347,1,11930,0,0,1,0.009562591,35.72727273,South,0,0,0,0,0,0,0,0,0,0,0,0,0,0,0,0,905849,0,0,330,NA,1,NA,730,730,NA,38.24390244,2,4.63475505,-0.865706946,-0.473684347,#NAME?,0.8,8,NA,47
43,2002,364,10527250,26.10892985,31.42700107,3.45769313,RS,0,155261,0,0,0,13672,0,13096,0,13933,0,13423,0,13292,0,12246,0,13090,0,13085,0,12940,0,12866,0,11847,0,11771,0,0,11,0.104490726,36.8543956,South,0,0,0,0,0,0,0,0,0,0,0,0,0,0,0,4,903941,0,0,NA,NA,NA,NA,2372.5,1277.5,NA,37.12742382,3,5.42739453,1.240601641,#NAME?,#NAME?,0.824719101,43,1,28
43,2003,48,10588248,26.16625069,31.77006744,0.453332789,RS,0,149165,0,0,0,12547,0,11992,0,12853,0,12517,0,13546,0,12761,0,12677,0,12462,0,12405,0,12445,0,11187,0,11773,0,0,1,0.009444433,41.08333333,South,0,0,0,0,0,0,0,0,0,0,0,0,0,0,0,1,900656,0,0,NA,NA,NA,NA,1825,NA,NA,41.85106383,1,9.31326589,-0.79112879,#NAME?,#NAME?,0.813559322,1,NA,29
43,2004,16,10646680,26.23981847,32.10976511,0.15028159,RS,0,153015,0,0,0,13334,0,12405,0,13657,0,13158,0,13317,0,12792,0,12813,0,12750,0,12881,0,12097,0,11536,0,12275,0,0,1,0.009392599,35.4375,South,0,0,0,0,0,0,0,0,0,0,0,0,0,0,0,0,894164,0,0,NA,NA,NA,NA,NA,NA,NA,35.4375,0,3.32773489,-1.895244478,#NAME?,#NAME?,0.761904762,1,NA,30
43,2005,38,10703403,26.23798392,32.4443015,0.355027275,RS,0,147199,0,0,0,12336,0,11594,0,12912,0,12431,0,13300,0,12379,0,12650,0,12349,0,12306,0,11901,0,11137,0,11904,0,0,0,0,37.97368421,South,0,0,0,0,0,0,0,0,0,0,0,0,0,0,0,0,883410,0,0,NA,NA,NA,NA,NA,NA,NA,37.97368421,0,5.52938271,-1.035560661,#NAME?,#NAME?,0.88372093,2,NA,24
43,2006,69,10752964,26.29745165,32.79307017,0.64168354,RS,1,141331,0.707558851,1.102660124,0,12162,0,11131,0,12536,1,12078,0,12802,0,12423,0,12109,0,11836,0,11413,0,11089,0,10395,0,11357,0,0,1,0.009299761,37.85507246,South,0,0,0,0,0,0,0,0,0,0,0,0,0,0,0,2,872280,0,0,90,NA,1,NA,1916.25,1277.5,NA,39.46969697,2,5.06200229,-0.443660025,-0.345934471,#NAME?,0.985714286,9,NA,28
43,2007,401,10794026,26.4220658,33.15684379,3.715017918,RS,1,133401,0.749619568,0.201780876,0,12299,0,11376,0,12525,0,11128,0,11697,1,11562,0,11414,0,11082,0,10166,0,10294,0,9652,0,10206,0,0,3,0.027793152,36.05735661,South,0,0,0,0,0,0,0,0,0,0,0,0,0,0,0,13,850035,0,0,150,NA,1,NA,2250.833333,1241,NA,36.64213198,6,2.90051282,1.312383501,-0.288189444,#NAME?,0.893617021,77,NA,32
43,2008,109,10833849,26.54050154,33.53922009,1.006105956,RS,0,135143,0,0,0,11148,0,11422,0,12100,0,11564,0,11970,0,11039,0,11201,0,11165,0,11284,0,10843,0,10336,0,11071,0,0,3,0.02769099,36.05504587,South,0,0,0,0,0,0,0,0,0,0,0,0,0,0,0,1,822789,0,0,NA,NA,NA,NA,1825,1460,NA,36.65420561,2,2.51582578,0.00608739,#NAME?,#NAME?,0.71942446,9,NA,27
43,2009,54,10875433,26.58787747,33.93359299,0.496531954,RS,0,133652,0,0,0,12077,0,11012,0,12190,0,11052,0,11205,0,11017,0,11300,0,10763,0,11256,0,10981,0,9918,0,10881,0,0,1,0.009195036,37.64814815,South,0,0,0,0,0,0,0,0,0,0,0,0,0,0,0,0,797834,0,0,NA,NA,NA,NA,NA,NA,NA,37.64814815,0,3.71455516,-0.700107439,#NAME?,#NAME?,0.550724638,4,NA,27
43,2010,3594,10984363,26.71850679,34.68113426,32.71923916,RS,25,133243,18.76271174,0.573445845,0,11435,0,10768,2,12826,1,11551,3,11811,1,11382,2,11411,6,10670,2,10606,3,10124,4,9514,1,11145,0,0,52,0.473400233,35.87506956,South,0,0,0,0,0,0,0,0,0,0,0,0,0,0,0,158,776999,1,0,206.4,NA,1,NA,1784.151625,932.4369748,NA,37.69181098,162,1.1939353,3.487963258,2.931871482,#NAME?,0.956019791,766,3,25
43,2011,338,11035382,26.83693995,35.05670569,3.062875395,RS,0,137710,0,0,0,12142,0,11875,0,12849,0,12104,0,12328,0,11613,0,11773,0,11298,0,10883,0,9947,0,9980,0,10918,0,0,1,0.009061762,38.94970414,South,0,0,0,0,0,0,0,0,0,0,0,0,0,0,0,5,752113,0,0,NA,NA,NA,NA,1668.571429,1095,NA,39.5753012,6,3.89299845,1.119354146,#NAME?,#NAME?,0.878186969,39,NA,48
43,2012,171,11087893,26.86818146,35.40808529,1.542222675,RS,1,138941,0.719729957,0.466683553,1,11834,0,11659,0,12546,0,11872,0,12338,0,11667,0,11771,0,11673,0,11184,0,11127,0,10182,0,11088,0,1,0,0,37.11695906,South,0,0,0,0,0,0,0,0,0,0,0,0,0,0,0,4,730920,0,0,26,NA,0,NA,2555,365,NA,37.55029586,1,1.70887377,0.433224671,-0.328879197,#NAME?,0.701149425,22,NA,24
43,2013,451,11141271,26.95992925,35.74819686,4.048012116,RS,0,141350,0,0,0,12768,0,11650,0,12664,0,12504,0,12172,0,11371,0,11885,0,11298,0,10936,0,11380,0,10925,0,11797,0,0,2,0.017951273,37.5631929,South,0,0,0,0,0,0,0,0,0,0,0,0,0,0,0,10,712999,0,0,NA,NA,NA,NA,2238.666667,1095,NA,37.95067265,5,1.81499604,1.398225925,#NAME?,#NAME?,0.942350333,59,NA,24
43,2014,154,11196604,27.09001849,36.08264095,1.375417046,RS,0,143315,0,0,0,12576,0,11755,0,13085,0,12539,0,12744,0,11804,0,12149,0,11828,0,11811,0,10731,0,10230,0,12063,0,0,1,0.00893128,35.94155844,South,0,0,0,0,0,0,0,0,0,0,0,0,0,0,0,5,695892,0,0,NA,NA,NA,NA,2190,365,NA,36.375,2,-0.14108251,0.318756991,#NAME?,#NAME?,0.558441558,22,1,29
43,2015,1698,11255922,27.27884389,36.40813032,15.08539238,RS,11,148359,7.414447388,0.491498477,5,12882,0,12705,2,14182,0,12902,0,13047,0,12295,0,12282,2,11549,0,11723,0,11454,0,11205,2,12133,2,3,14,0.124378971,39.82273263,South,0,0,0,0,0,0,0,0,0,0,0,0,0,0,0,39,677636,1,0,116.8181818,NA,0.545454545,NA,2070.234375,1007.4,NA,40.75135788,30,3.41460231,2.713726884,2.003430447,#NAME?,0.756613757,258,1,32
43,2016,3157,11314264,27.44729194,36.73688213,27.90283133,RS,12,141411,8.485902794,0.304123359,6,12723,3,12371,0,13296,1,12146,1,12431,0,12145,1,11967,0,11802,0,11050,0,10429,0,9979,0,11072,4,2,45,0.397728036,37.08457396,South,0,0,0,0,0,0,0,0,0,0,0,0,0,0,0,103,667723,0,0,46,NA,0.25,NA,2108.888889,943.6585366,NA,37.88492707,60,0.34769183,3.328728165,2.138406292,#NAME?,0.774346045,567,4,38
43,2017,186,11368692,27.70315325,37.06700138,1.636072118,RS,0,141568,0,0,0,11502,0,11550,0,13851,0,12351,0,12968,0,12360,0,12075,0,11666,0,11065,0,10594,0,10365,0,11221,0,0,1,0.008796087,34.01075269,South,0,0,0,0,0,0,0,0,0,0,0,0,0,0,0,6,668648,0,0,NA,NA,NA,NA,1733.75,1034.166667,NA,35.38764045,8,-3.05624869,0.492298319,#NAME?,#NAME?,0.132978723,38,NA,25
43,2018,130,11421299,27.97419438,37.38665663,1.138224295,RS,0,140047,0,0,0,12501,0,11282,0,12745,0,12223,0,12499,0,11605,0,11884,0,11560,0,10915,0,11057,0,10548,0,11228,0,0,1,0.008755571,37.56153846,South,0,0,0,0,0,0,0,0,0,0,0,0,0,0,0,3,674410,0,0,NA,NA,NA,NA,2190,1460,NA,38.0859375,2,0.17488183,0.129469412,#NAME?,#NAME?,0.192307692,18,NA,41
43,2019,1665,11470017,28.1253752,37.69631205,14.51610752,RS,9,134596,6.686677167,0.460638443,4,11529,1,11029,1,12302,0,11848,0,12439,1,11256,0,11560,0,11104,0,10638,1,10036,0,9987,1,10868,3,1,11,0.095902212,36.1951952,South,0,0,0,0,0,0,0,0,0,0,0,0,0,0,0,56,682328,0,0,98,NA,0.444444444,NA,2102.048193,838.1481481,NA,37.05541872,32,-1.50111685,2.675258896,1.900117064,#NAME?,0.809694794,300,2,25
43,2020,3980,11513898,28.19472702,37.99217954,34.56692078,RS,18,130742,13.76757278,0.398287509,6,11637,1,11087,0,11795,1,11433,1,11668,1,10873,2,10821,1,10466,1,10633,2,10130,0,9822,2,10377,4,2,28,0.243184367,37.92964824,South,0,0,0,0,0,0,0,0,0,0,0,0,0,0,0,125,695260,0,0,137.8333333,NA,0.611111111,NA,2111.236842,988.3076923,NA,38.80509784,78,-0.0625313,3.542897178,2.622316028,#NAME?,0.906406406,654,2,29
43,2021,11096,11552159,28.34691567,38.27147912,96.05130954,RS,64,123882,51.66206551,0.537859044,23,10894,5,10516,6,11407,1,10669,2,10907,1,10443,4,10249,4,9914,3,10132,5,9761,3,9074,7,9916,14,9,5,0.043281953,39.19403389,South,0,0,0,0,0,0,0,0,0,0,0,0,0,0,0,393,704971,0,0,127.046875,NA,0.5625,NA,2151.509091,985.7324841,NA,40.13569976,214,0.92255477,4.564882523,3.94472377,#NAME?,0.974921348,1775,NA,29
43,2022,67130,11437898,28.55392776,37.87011547,586.9085386,RS,227,120605,188.2177356,0.32069347,83,10076,30,9896,15,11309,14,10464,10,10860,8,10113,8,10071,6,10060,14,9527,11,8943,13,9187,15,10099,53,30,37,0.323486011,38.56956651,South,0,0,0,0,0,0,0,0,0,0,0,0,0,0,0,2533,708380,0,0,107.154185,NA,0.502202643,NA,2224.020035,1042.91438,365,39.39485436,1294,0.69945104,6.374868996,5.237599461,#NAME?,0.999955416,11783,2,27
43,2023,38595,11472311,28.50349105,38.15483184,336.4187041,RS,162,124576.2638,130.040824,0.386544572,42,10907.3372,14,10312.42416,15,11525.07633,16,10780.98938,3,11141.81546,5,10453.9459,6,10566.51112,7,10255.46764,14,9993.728508,13,9653.293725,17,9064.554595,10,9921.119812,22,20,59,0.514281735,38.4495401,South,0,0,0,0,0,0,0,0,0,0,0,0,0,0,0,1855,710196,0,0,137.691358,NA,0.654320988,NA,2213.239156,1009.574468,912.5,39.49718584,944,0.29470826,5.818356527,4.867848432,#NAME?,0.996020363,7416,7,28
43,2024,211616,11503836,28.61986173,38.44169988,1839.525529,RS,764,123251.8794,619.8688437,0.336972134,139,10796.97184,64,10202.05879,64,11414.71097,39,10670.62401,39,11031.4501,50,10343.58053,55,10456.14575,63,10145.10227,59,9883.363142,57,9542.92836,73,8954.189229,62,9810.754447,90,49,401,3.485793782,39.88289165,South,1,0,0,0,0,0,0,0,0,0,0,1,0,0,0,9015,709221,0,0,154.684555,300,0.734293194,1,2199.377878,989.4735277,730,40.85983548,4680,1.44119177,7.517262953,6.429507914,-0.209059875,0.982789723,37513,38,41
50,2000,4140,2132549,23.69494343,27.36213423,194.1338745,MS,20,40490,49.39491232,0.254437369,1,3424,0,3440,3,3844,1,3572,0,3710,2,3326,1,3357,2,3455,2,3301,1,2984,2,2979,5,3098,1,0,2,0.09378448,32.73864734,Central-West,0,0,0,0,0,0,0,0,0,0,0,0,0,0,0,197,226151,0,0,208.7,NA,0.95,NA,2092.925532,940.4117647,NA,33.76442668,117,5.37651311,5.268547996,3.899847429,#NAME?,0.985479648,896,NA,22
50,2001,9070,2170282,23.83666842,27.69605931,417.9180401,MS,36,40070,89.84277514,0.214977021,3,3387,0,3263,3,3871,2,3490,3,3523,4,3306,2,3264,4,3305,6,3311,3,3210,3,3062,3,3078,2,1,5,0.230384807,31.99095921,Central-West,0,0,0,0,0,0,0,0,0,0,0,0,0,0,0,338,226529,0,0,185.5833333,NA,0.916666667,NA,2052.771318,961.7134831,NA,32.8842177,233,4.2948999,6.035285337,4.4980612,#NAME?,0.972046696,1996,NA,23
50,2002,11439,2206618,23.9183561,28.04537895,518.3951187,MS,44,39933,110.1845591,0.212549376,2,3307,2,3270,1,3810,2,3712,2,3521,3,3276,3,3290,7,3201,8,3334,6,3223,3,2973,5,3016,1,1,46,2.08463812,30.38342512,Central-West,0,0,0,0,0,0,0,0,0,0,0,0,0,0,0,515,226523,0,0,207.4090909,NA,0.909090909,NA,2053.356599,986.7032967,1460,31.40623867,367,2.33804617,6.250737729,4.70215677,#NAME?,0.932931301,2833,13,19
50,2003,2016,2243310,24.07107181,28.38464145,89.86720516,MS,11,39248,28.02690583,0.311870229,3,3216,0,3165,1,3667,1,3508,0,3501,0,3274,0,3324,2,3192,3,3223,1,2976,0,2994,0,3208,2,1,7,0.312038907,32.70833333,Central-West,0,0,0,0,0,0,0,0,0,0,0,0,0,0,0,73,225993,0,0,144.7272727,NA,0.727272727,NA,2329.787234,1060.238095,NA,33.39117199,34,4.32369188,4.498333082,3.333164971,#NAME?,0.955618508,411,NA,23
50,2004,294,2280396,24.20482769,28.71590987,12.89249762,MS,3,41567,7.217263695,0.559803376,0,3658,0,3515,1,3929,0,3618,0,3794,0,3438,0,3306,0,3342,1,3428,1,3218,0,3092,0,3229,0,0,0,0,36.69047619,Central-West,0,0,0,0,0,0,0,0,0,0,0,0,0,0,0,12,224725,0,0,190,NA,1,NA,2611.153846,365,NA,37.41666667,3,7.97456632,2.556645562,1.976475891,#NAME?,0.893617021,51,NA,47
50,2005,579,2317394,24.29572295,29.04414441,24.98496156,MS,4,41424,9.65623793,0.386482001,1,3428,0,3409,0,3923,0,3815,1,3893,1,3372,1,3365,0,3372,0,3419,0,3214,0,3068,0,3146,1,0,2,0.08630384,35.17789292,Central-West,0,0,0,0,0,0,0,0,0,0,0,0,0,0,0,15,222643,0,0,113.25,NA,0.75,NA,2131.6,1131.5,NA,36.10479574,12,6.13374851,3.218274106,2.267604124,#NAME?,0.933870968,99,1,32
50,2006,10272,2353517,24.40928761,29.37737862,436.453189,MS,56,39515,141.7183348,0.324704547,18,3340,5,3236,5,3559,5,3622,3,3720,3,3555,7,3289,4,3209,0,3172,2,3016,3,2795,1,3002,9,9,27,1.147219247,34.89047897,Central-West,0,0,0,0,0,0,0,0,0,0,0,0,0,0,0,365,218977,0,0,104.3392857,NA,0.589285714,NA,2346.54267,1055.326087,NA,35.51895593,140,5.51310035,6.078681128,4.95384153,#NAME?,0.897659797,2063,6,24
50,2007,69726,2387654,24.55298931,29.73068627,2920.272368,MS,277,38621,717.2263794,0.245602563,52,3338,11,3381,22,3739,10,3400,25,3524,13,3475,23,3202,27,3174,29,2975,27,2774,17,2656,21,2983,35,17,148,6.198553057,32.60119611,Central-West,1,0,1,0,0,0,0,0,0,0,0,0,0,0,0,3247,214279,36,0,159.5631769,30,0.772563177,0,2170.638507,980.6296852,1460,33.51134399,1792,2.87050984,7.979432168,6.575391522,0.951374016,0.219268724,16574,24,24
50,2008,805,2422704,24.71071333,30.08714024,33.22733607,MS,14,41229,33.95668098,1.021950147,3,3265,1,3310,0,3874,1,3672,1,3725,1,3442,2,3356,0,3350,3,3314,0,3309,1,3254,1,3358,1,2,7,0.288933357,31.5863354,Central-West,0,0,0,0,0,0,0,0,0,0,0,0,0,0,0,38,210591,0,0,153.5,NA,0.714285714,NA,1965.384615,932.7777778,NA,33.37681159,32,1.49919516,3.503372913,3.525085623,#NAME?,0.7695962,212,NA,28
50,2009,13894,2459046,24.76565526,30.44126218,565.0158639,MS,114,40274,283.0610319,0.500978911,16,3520,4,3439,10,3841,10,3662,4,3459,5,3374,15,3275,10,2953,11,3399,6,3259,10,3016,13,3077,10,6,131,5.327269193,30.60983158,Central-West,2,0,1,0,1,0,0,0,0,0,0,0,0,0,0,1036,208224,33,0,170.1929825,60,0.824561404,0,2081.337705,965.8691207,1277.5,32.23937224,654,0.1685694,6.336853808,5.645662535,1.602611267,0.935269294,4299,32,15
50,2010,64102,2504574,24.9684541,31.03150236,2559.397327,MS,369,40132,919.465763,0.359250888,82,3377,19,3235,15,4066,28,3551,17,3541,26,3379,25,3404,29,3059,35,3224,25,3218,27,2965,41,3113,40,42,1834,73.22602566,32.35307791,Central-West,13,3,2,0,0,0,0,2,1,2,2,1,0,2,1,3505,206899,161,3,158.6802168,152.6923077,0.726287263,0.615384615,2132.611881,966.9546926,1047.685185,33.55693921,2138,1.32157555,7.847527091,6.823792809,3.477945522,0.8714237,16356,490,24
50,2011,7914,2536030,25.13017176,31.33953542,312.0625545,MS,88,42152,208.7682672,0.668994931,17,3457,6,3619,1,4057,5,3880,6,3935,6,3633,7,3623,10,3493,9,3148,7,3077,6,3004,8,3226,13,4,140,5.520439427,31.62648471,Central-West,2,0,0,0,0,0,0,0,1,0,0,0,1,0,0,429,206089,20,0,163.0795455,270,0.738636364,1,2012.562044,973.8085938,1013.888889,33.26091018,333,0.28694929,5.743203663,5.341224868,1.557035234,0.776160602,2131,42,22
50,2012,9580,2568032,25.20167093,31.63061714,373.0483109,MS,93,42252,220.1079239,0.590025253,16,3545,8,3716,6,4022,3,3645,9,3764,5,3448,7,3537,8,3481,8,3295,8,3460,6,3012,9,3327,8,8,165,6.425153581,32.68726514,Central-West,0,0,0,0,0,0,0,0,0,0,0,0,0,0,0,445,204806,0,0,158.2473118,NA,0.741935484,NA,2152.003155,930.8465608,912.5,33.86271958,265,1.056648,5.921707931,5.394117989,#NAME?,0.851050551,2409,30,17
50,2013,79140,2599982,25.33019671,31.92279639,3043.867227,MS,518,42296,1224.702099,0.402350697,80,3654,28,3401,21,3908,27,3848,20,3861,49,3391,54,3547,53,3112,48,3337,40,3427,53,3258,45,3552,42,38,786,30.23097852,33.45464999,Central-West,8,0,1,0,2,1,3,0,1,0,0,0,0,0,0,3263,203757,2,0,172.4092664,123.75,0.791505792,0.5,2100.406353,942.7823344,1186.25,34.48932503,2041,1.5318536,8.0208841,7.110452909,2.939919209,0.564823209,18063,157,19
50,2014,3399,2632580,25.46118753,32.21141314,129.1128855,MS,58,44058,131.6446502,1.019608924,4,3714,2,3504,5,3885,2,3976,3,3937,7,3617,5,3767,5,3549,6,3479,9,3582,5,3345,5,3703,2,2,72,2.734959621,30.66666667,Central-West,1,0,0,0,0,0,0,0,0,0,0,0,1,0,0,161,203362,0,0,189.1896552,330,0.896551724,1,1846.695804,843.88,730,32.51001879,147,-1.54474647,4.860687103,4.880106249,0.819663238,0.786196769,913,20,20
50,2015,31839,2665985,25.65316479,32.49325934,1194.267785,MS,334,44142,756.6489964,0.633567284,54,3745,24,3600,16,4274,20,3891,18,3921,22,3673,29,3629,25,3475,33,3651,31,3420,36,3225,26,3638,32,22,369,13.84103812,32.75774993,Central-West,9,0,0,0,1,1,0,2,0,2,2,0,1,0,0,1526,202598,0,0,167.0479042,213.3333333,0.766467066,0.777777778,2094.073587,917.0805812,892.2222222,34.07188258,983,0.26449059,7.085288544,6.628899469,3.014983053,0.729592794,8262,102,17
50,2016,47169,2698379,25.84120475,32.78647922,1748.049477,MS,397,42432,935.6146305,0.535233495,42,3586,16,3640,18,4061,20,3931,16,4027,30,3656,33,3356,56,3376,41,3403,37,3097,49,2994,39,3305,25,17,329,12.1925052,33.13479192,Central-West,6,1,0,0,0,1,1,0,1,1,0,1,0,1,0,2540,203452,0,0,190.0100756,170.6666667,0.853904282,0.666666667,2066.808927,942.0449264,1095,34.54727527,1685,0.3483127,7.466255861,6.841203672,2.649026861,0.696143449,11745,92,20
50,2017,2311,2730394,26.11949404,33.07920908,84.63979924,MS,45,44747,100.565401,1.188157367,5,3457,0,3476,2,4218,0,3938,5,4329,5,3870,5,3900,3,3812,5,3580,6,3360,4,3340,5,3467,2,3,40,1.464990034,30.17395067,Central-West,0,0,0,0,0,0,0,0,0,0,0,0,0,0,0,153,206912,0,0,194.3333333,NA,0.888888889,NA,2002.975207,898.1460674,1460,32.10494683,103,-2.90525841,4.438404596,4.610808272,#NAME?,0.733161733,672,10,18
50,2018,5638,2762724,26.42147939,33.36349053,204.0739502,MS,34,44275,76.79277244,0.37629875,4,3701,3,3529,1,4181,1,3986,1,4054,2,3691,3,3802,0,3667,6,3491,6,3469,3,3316,4,3388,3,1,74,2.678515842,33.42444129,Central-West,1,0,0,0,0,0,0,0,0,0,1,0,0,0,0,259,209807,0,0,192.1176471,270,0.794117647,1,2034.365482,921.962963,NA,34.66617457,185,0.06095076,5.318482429,4.341110527,0.814750002,0.937290231,1232,15,35
50,2019,65045,2794212,26.5951253,33.64569152,2327.847708,MS,576,43695,1318.22863,0.566286457,53,3694,34,3679,33,4069,21,3998,35,3956,42,3637,42,3595,65,3529,54,3507,59,3257,68,3276,70,3498,32,21,1018,36.43245394,32.46069644,Central-West,14,1,2,0,0,1,0,2,6,0,1,1,0,0,1,3914,212344,0,0,190.3802083,171,0.848958333,0.714285714,2076.03561,954.4971037,993.6111111,33.94894846,2512,-1.18499508,7.752699389,7.184044168,3.466993837,0.835361653,17228,251,21
50,2020,51927,2824608,26.71894064,33.91737721,1838.378989,MS,523,41308,1266.098577,0.68870379,75,3654,17,3441,16,3869,18,3882,31,3804,51,3480,52,3499,57,3278,63,3422,44,3232,48,2581,51,3166,51,24,408,14.44448221,34.12359659,Central-West,4,0,0,0,1,1,1,1,0,0,0,0,0,0,0,2641,216099,0,0,181.4684512,135,0.824091778,0.5,2032.675503,907.0237264,954.6153846,35.64869011,1858,0.20621938,7.516639478,7.143695464,2.270408361,0.807684929,11888,101,24
50,2021,10563,2853750,26.82113938,34.17411792,370.1445466,MS,133,41813,318.0828929,0.859347776,20,3666,12,3600,6,3905,4,3649,8,3719,9,3451,10,3355,9,3313,21,3396,13,3237,13,3221,8,3301,11,9,16,0.560665791,33.98078197,Central-West,0,0,0,0,0,0,0,0,0,0,0,0,0,0,0,520,218034,0,0,168.4962406,NA,0.759398496,NA,2006.600985,913.75,730,35.55927656,367,-0.19333595,5.913893596,5.762312018,#NAME?,0.839886846,2292,2,25
50,2022,26248,2858829,27.02634525,33.97621649,918.1381608,MS,291,40266,722.6940843,0.787129993,48,3618,25,3403,18,3617,24,3638,19,3820,20,3398,22,3300,21,3251,23,2972,31,2910,23,3070,17,3269,36,12,26,0.90946328,32.16046937,Central-West,1,1,0,0,0,0,0,0,0,0,0,0,0,1,0,1771,218939,0,0,153.0824742,7,0.749140893,0,2115.700464,992.6383764,365,33.79495839,1084,-1.81574712,6.822347881,6.582986013,0.909662746,0.843398158,7287,6,17
50,2023,45057,2886607,27.17857794,34.2470222,1560.898314,MS,265,43529.66304,608.7802695,0.390019173,38,3674.837862,23,3610.490036,12,4085.185688,15,3898.011775,13,3948.185688,18,3649.229167,15,3613.576993,22,3509.490036,23,3502.229167,23,3378.229167,33,3228.968297,30,3431.229167,24,14,47,1.628209174,32.3684888,Central-West,2,0,0,0,0,0,0,0,0,1,1,0,0,0,0,3344,220364,0,0,174.8603774,255,0.769811321,1,2158.061529,974.9519586,1216.666667,33.83747699,1875,-1.8785334,7.353016777,6.411457397,1.524874752,0.926433529,12737,11,19
50,2024,18841,2913613,27.33027855,34.52196877,646.6541713,MS,171,43680.97826,391.474749,0.605385021,22,3687.447464,13,3623.099638,12,4097.79529,7,3910.621377,7,3960.79529,15,3661.838768,12,3626.186594,9,3522.099638,15,3514.838768,25,3390.838768,24,3241.577899,10,3443.838768,15,7,38,1.304222627,34.38617908,Central-West,1,0,1,0,0,0,0,0,0,0,0,0,0,0,0,1315,220819,0,0,175.4327485,30,0.795321637,0,2098.987013,953.7868852,1095,36.12618968,808,-0.13578969,6.47181164,5.969921015,0.828257459,0.864996849,4926,8,19
51,2000,272,2570033,23.11995951,26.00906798,10.58352169,MT,1,49478,2.021100287,0.190966707,0,3981,0,4113,1,4507,0,4235,0,4543,0,4135,0,4184,0,4254,0,4170,0,4041,0,3646,0,3669,0,0,0,0,30.33088235,Central-West,0,0,0,0,0,0,0,0,0,0,0,0,0,0,0,15,277491,0,0,60,NA,1,NA,2447.647059,1095,NA,30.74253731,3,4.32181437,2.359298234,0.70364206,#NAME?,0.931506849,67,NA,30
51,2001,2149,2624289,23.20382689,26.35563652,81.88884685,MT,14,47575,29.42722018,0.359355655,3,3791,0,3757,2,4111,1,4394,0,4380,0,3978,1,3769,0,3698,3,3944,2,4067,2,3895,0,3791,1,2,7,0.266738915,31.93578409,Central-West,0,0,0,0,0,0,0,0,0,0,0,0,0,0,0,81,278393,0,0,163.9285714,NA,0.785714286,NA,2170.619469,866.875,NA,32.7565758,44,5.58014757,4.405362801,3.381920102,#NAME?,0.908822288,491,NA,37
51,2002,8391,2677381,23.37760619,26.71365711,313.4032848,MT,73,47564,153.4774199,0.489712225,20,4000,1,3885,5,4390,0,4125,4,4393,7,3916,7,3971,8,3916,7,3845,7,4033,6,3652,1,3438,11,9,50,1.867496632,30.1076153,Central-West,5,0,0,1,0,0,1,0,2,1,0,0,0,0,0,514,279434,0,0,147.4109589,174,0.712328767,0.8,2122.242547,985.8258929,NA,31.43483694,315,3.39395819,5.747490811,5.033553455,2.352531926,0.908111602,2299,25,27
51,2003,9433,2730724,23.48469924,27.06558627,345.4395245,MT,39,48539,80.34776159,0.232595739,9,3914,2,3800,1,4563,4,4564,1,4312,2,4159,0,4071,5,3703,4,3941,2,3964,4,3765,5,3783,6,3,71,2.600043066,29.79910951,Central-West,1,0,1,0,0,0,0,0,0,0,0,0,0,0,0,583,280287,0,0,163.4102564,30,0.717948718,0,2098.75,985.631769,730,31.01240997,369,2.73352324,5.84481759,4.386364234,0.722802587,0.984578514,2646,39,21
51,2004,2328,2785192,23.67306227,27.40479292,83.58490187,MT,33,51205,64.44683136,0.771034361,6,4165,2,4118,2,4727,3,4726,0,4707,3,4386,2,4207,4,4408,2,4129,4,4019,4,3874,1,3739,3,3,11,0.394945842,30.28049828,Central-West,0,0,0,0,0,0,0,0,0,0,0,0,0,0,0,133,280457,0,0,159.8787879,NA,0.757575758,NA,1882.468085,916.0784314,1460,32.28913444,123,2.87570536,4.425862904,4.165840564,#NAME?,0.960824742,669,3,21
51,2005,6578,2841495,23.81838835,27.72341778,231.4978559,MT,34,52410,64.87311582,0.280232037,11,4137,1,4166,1,4991,1,4861,2,4971,3,4596,5,4388,4,4435,1,4176,3,4146,1,3819,1,3724,5,6,52,1.830022576,31.284737,Central-West,0,0,0,0,0,0,0,0,0,0,0,0,0,0,0,312,279654,0,0,130.5882353,NA,0.647058824,NA,2064.879913,872.5,1095,32.32818654,197,3.56131922,5.444570612,4.172433298,#NAME?,0.968828114,1592,10,23
51,2006,8905,2897255,23.95460603,28.04169291,307.3598976,MT,73,49522,147.4092323,0.479598131,15,3886,2,3894,5,4628,8,4631,3,4694,6,4295,6,4017,6,4013,6,4156,7,3971,3,3588,6,3749,9,6,62,2.139956614,31.30196519,Central-West,0,0,0,0,0,0,0,0,0,0,0,0,0,0,0,470,276714,0,0,152.1232877,NA,0.767123288,NA,2152.938462,951.0277778,365,32.44540465,269,3.26027228,5.728019366,4.993212612,#NAME?,0.922965567,2218,16,25
51,2007,16376,2950090,24.16225571,28.3838849,555.1017088,MT,127,47382,268.0342746,0.482856151,28,3986,4,3885,9,4709,7,4238,8,4374,11,4021,6,3660,12,3721,9,3835,14,3551,7,3511,12,3891,19,9,61,2.067733527,30.83512457,Central-West,0,0,0,0,0,0,0,0,0,0,0,0,0,0,0,864,272745,36,0,156.1023622,NA,0.748031496,NA,2088.226698,954.2661692,973.3333333,32.05076756,550,2.45123967,6.319151356,5.591114863,#NAME?,0.865029198,4298,14,21
51,2008,6976,3002187,24.40348235,28.73902792,232.36394,MT,60,49794,120.4964454,0.518567749,11,3795,2,3979,4,4510,3,4488,4,4484,5,4199,4,4022,3,3954,6,4175,10,4204,4,3864,4,4120,7,4,27,0.899344378,30.85063073,Central-West,1,0,0,0,1,0,0,0,0,0,0,0,0,0,0,393,269475,15,0,165.7,90,0.783333333,0,2068.533773,985.8411215,1460,32.28623079,278,2.11160281,5.448304849,4.791620253,0.697275691,0.812473955,1839,8,19
51,2009,50947,3055020,24.5175444,29.09376174,1667.648657,MT,868,48477,1790.539844,1.073691294,116,4249,33,3936,58,4662,46,4399,63,4218,60,4014,88,3882,101,3783,77,4063,73,3891,72,3609,81,3771,76,40,1862,60.94886449,27.50980431,Central-West,49,7,1,5,4,6,3,6,7,3,3,4,0,7,0,4929,268097,162,3,172.9331797,146.7959184,0.828341014,0.530612245,1980.724738,939.0410274,1107.478632,30.06185232,3854,-1.58395743,7.419169923,7.490272442,4.615901025,0.936812082,18560,877,13
51,2010,37188,3114568,24.75386785,29.61607613,1194.001865,MT,523,48929,1068.895747,0.89522117,40,3957,19,3847,27,4619,33,4432,40,4352,40,3996,57,4134,51,3903,52,4112,52,3940,63,3760,49,3877,26,14,1027,32.97407538,29.16889857,Central-West,28,2,1,1,3,4,4,1,5,2,2,0,3,2,0,3038,269588,110,1,189.2581262,167.5,0.887189293,0.607142857,1984.574005,933.1410974,1173.214286,31.39301844,2344,-0.44717756,7.085065856,6.974381382,4.047004428,0.943013353,11989,410,24
51,2011,5909,3154337,24.98769964,29.98083211,187.3293817,MT,114,51218,222.5779999,1.188163853,11,4035,2,4000,1,4694,6,4743,8,4762,15,4344,17,4076,9,4187,12,3973,10,4114,12,4143,11,4147,4,7,47,1.490012006,30.52817736,Central-West,1,0,0,0,0,0,0,0,0,0,0,1,0,0,0,363,271528,14,0,191.6403509,300,0.885964912,1,1854.426357,933.2092199,1003.75,33.00681274,364,0.54734525,5.232868467,5.405277602,0.669079153,0.800409578,1660,15,25
51,2012,33043,3194017,25.02368503,30.33577968,1034.527994,MT,399,51256,778.4454503,0.752464365,80,4138,28,4147,22,4605,20,4341,22,4544,32,4101,40,4367,39,4213,35,4286,25,4314,33,3952,23,4248,51,29,200,6.261707436,30.27249342,Central-West,1,0,0,0,0,0,0,1,0,0,0,0,0,0,0,2011,272085,13,0,151.518797,180,0.729323308,1,2094.254328,975.1711984,1168,31.76272159,1280,-0.06328626,6.941700557,6.657298919,0.668337502,0.885711703,9531,56,19
51,2013,35650,3235268,25.16103245,30.67326416,1101.917986,MT,422,53039,795.6409435,0.722050963,61,4204,28,4018,22,4489,18,4821,40,4803,30,4450,41,4369,43,4420,42,4459,36,4489,30,4216,31,4301,39,22,110,3.400027447,31.49719495,Central-West,3,0,0,0,0,0,2,0,0,1,0,0,0,0,0,1878,271707,4,0,164.1113744,180,0.789099526,1,2026.163349,943.8561776,547.5,32.99280448,1318,0.82393079,7.004807564,6.679148008,1.732754983,0.886028898,9118,25,18
51,2014,7160,3279179,25.34070233,30.98917107,218.3473363,MT,132,56499,233.6324537,1.070003681,6,4547,7,4412,7,4843,6,5003,9,5119,13,4672,13,4722,13,4663,14,4664,16,4639,15,4615,13,4600,2,4,29,0.884367703,30.07472067,Central-West,0,0,0,0,0,0,0,0,0,0,0,0,0,0,0,381,271088,1,0,195.9621212,NA,0.901515152,NA,1742.137883,841.5578635,NA,32.3941915,417,-0.9144504,5.386087081,5.45374917,#NAME?,0.883416806,2012,7,17
51,2015,21514,3324999,25.5492739,31.29053001,647.0377886,MT,313,56673,552.2912145,0.853568716,44,4607,19,4366,23,5192,13,5155,19,4973,22,4513,29,4669,43,4594,31,4915,25,4502,22,4515,23,4672,27,17,88,2.646617337,31.08612996,Central-West,3,1,0,0,0,0,0,0,0,0,0,1,1,1,0,1229,267730,0,0,165.8402556,212,0.798722045,0.666666667,1958.124066,942.9948586,1003.75,32.92729611,982,-0.20440005,6.472404699,6.31407547,1.666484568,0.89287203,5813,33,28
51,2016,21264,3368344,25.67809307,31.60773306,631.2894407,MT,357,53531,666.9032897,1.056414454,38,4644,10,4340,20,5203,22,5063,28,4893,25,4495,29,4382,41,4278,35,4101,38,4066,32,3905,39,4161,17,21,27,0.801580836,31.62189616,Central-West,0,0,0,0,0,0,0,0,0,0,0,0,0,0,0,1216,262805,0,0,185.1512605,NA,0.865546218,NA,1826.840055,889.073499,365,33.96795165,1218,0.0141631,6.447764459,6.502645042,#NAME?,0.835661386,5681,3,19
51,2017,9349,3411137,25.95170331,31.92274658,274.0728385,MT,107,57271,186.8310314,0.681683864,11,4264,2,4234,5,5315,3,5168,7,5279,12,4938,6,4860,19,4742,10,4731,14,4644,9,4621,9,4475,5,6,19,0.55699903,31.86469141,Central-West,0,0,0,0,0,0,0,0,0,0,0,0,0,0,0,510,260762,0,0,190.2336449,NA,0.878504673,NA,1999.526699,962.4840764,1460,33.5269522,393,-0.05805517,5.613393905,5.230204633,#NAME?,0.905503413,2462,9,22
51,2018,7254,3455203,26.251769,32.22072914,209.9442493,MT,96,58649,163.6856553,0.779662486,6,4770,3,4430,6,5190,6,5483,8,5188,9,4798,12,4994,12,4950,13,4699,8,4841,8,4636,5,4670,5,1,24,0.69460463,31.08340226,Central-West,2,0,0,0,0,0,0,2,0,0,0,0,0,0,0,540,261258,0,0,180.8854167,180,0.90625,1,1954.840308,938.2880435,NA,33.39859931,447,-1.13732688,5.346842016,5.097947853,1.226746842,0.884052019,2179,8,20
51,2019,11138,3498160,26.42371413,32.51974238,318.3959567,MT,206,58852,350.0305852,1.099356251,25,4987,8,4657,11,5659,11,5300,7,5287,23,4790,19,4794,19,4736,25,4673,29,4829,19,4592,10,4548,19,6,147,4.202209161,30.06015443,Central-West,1,0,0,0,0,0,1,0,0,0,0,0,0,0,0,901,263809,0,0,178.2087379,150,0.839805825,1,1900.062418,909.8550725,1460,32.75985416,784,-2.45958795,5.763295755,5.858020537,0.530144368,0.8827199,3571,39,14
51,2020,34794,3539798,26.54261269,32.81227488,982.9374445,MT,617,57037,1081.753949,1.100531835,69,4805,33,4520,20,5204,32,5099,43,5120,53,4635,49,4808,72,4695,68,4773,53,4432,75,4408,50,4538,36,33,446,12.59958902,30.41426683,Central-West,13,2,0,0,2,2,2,0,0,0,0,4,1,1,1,2758,269338,0,0,182.5656402,175.0769231,0.834683955,0.538461538,1937.797406,903.9819137,949,32.90317937,2221,-2.39800805,6.890545481,6.98633903,3.126419363,0.899295815,10461,137,25
51,2021,22493,3579916,26.71305124,33.08393689,628.3108319,MT,400,56231,711.3513898,1.132164772,48,4626,27,4493,20,5102,22,4926,31,4914,32,4306,43,4606,31,4669,42,4691,37,4620,26,4526,41,4752,29,19,37,1.033543804,30.79895968,Central-West,2,0,0,0,0,0,1,1,0,0,0,0,0,0,0,1901,274517,0,0,171.91,165,0.8125,1,1921.700385,916.5622424,NA,33.51856363,1569,-2.28497721,6.443034999,6.567166527,1.26884916,0.898494909,6961,7,24
51,2022,35231,3599498,26.82347166,33.04307434,978.7753737,MT,566,57255,988.5599511,1.009996755,75,4854,32,4494,32,5302,26,5169,33,5087,50,4647,44,4587,46,4767,70,4185,56,4422,49,4735,53,5006,44,31,49,1.361300937,29.11972411,Central-West,3,0,0,0,0,0,1,0,0,0,1,0,1,0,0,3561,279147,0,0,175.4522968,250,0.810954064,1,1950.689567,964.4595782,730,32.02144814,2914,-3.92335023,6.886302172,6.896249289,1.6562675,0.938672846,12394,13,7
51,2023,28459,3638204,27.18584566,33.32949059,782.2266151,MT,653,59088.83893,1105.115639,1.412781945,63,4821.598897,46,4697.642375,34,5381.294549,26,5300.816288,25,5302.25107,58,4910.381505,67,4873.642375,54,4837.25107,75,4836.990201,62,4795.381505,65,4626.164114,78,4705.424984,42,21,31,0.852068768,28.14041252,Central-West,1,0,0,0,0,1,0,0,0,0,0,0,0,0,0,3251,283687,0,0,186.179173,120,0.833078101,0,1875.12736,922.9263648,1095,31.91192712,2997,-5.18907807,6.662144488,7.007705259,0.52612813,0.947344498,11054,9,8
51,2024,42545,3675922,27.36095717,33.62218676,1157.396702,MT,563,59592.70949,944.7464377,0.816268472,81,4863.588109,24,4739.631588,24,5423.283762,32,5342.805501,39,5344.240283,22,4952.370718,45,4915.631588,53,4879.240283,61,4878.979414,64,4837.370718,55,4668.153327,63,4747.414196,45,36,94,2.557181572,32.27681279,Central-West,2,0,0,0,0,1,0,0,1,0,0,0,0,0,0,3453,285044,0,0,182.2344583,165,0.813499112,0.5,1970.161379,913.6681438,730,34.71837721,2667,-1.34537397,7.05392854,6.850916572,1.210784124,0.917885108,12881,19,12
52,2000,1585,5139862,23.51451507,27.38551813,30.83740381,GO,8,94746,8.443628227,0.273811255,0,7963,0,7854,0,8480,1,8140,0,8361,1,7675,1,8049,0,7859,1,7860,3,7827,1,7198,0,7480,0,0,3,0.058367326,32.52618297,Central-West,0,0,0,0,0,0,0,0,0,0,0,0,0,0,0,63,508821,0,0,221.25,NA,1,NA,1841.898148,949,1095,33.89570957,62,5.14066484,3.428728363,2.133412101,#NAME?,0.978395062,299,1,35
52,2001,9825,5243907,23.63388993,27.7183783,187.3603022,GO,58,92979,62.37967713,0.33293967,6,7662,5,7208,2,8331,9,8160,5,8392,5,7487,6,7891,5,7562,8,7910,4,7822,2,7222,1,7332,4,2,76,1.449301065,31.01058524,Central-West,2,1,0,0,0,0,0,0,0,0,0,0,1,1,0,341,512454,0,0,147.7413793,171.5,0.810344828,0.5,2053.125,978.7709497,1460,31.89818411,240,3.29220694,5.233033513,4.133239535,0.765943705,0.932025028,2064,18,21
52,2002,20397,5347563,23.84280026,28.04986365,381.4260814,GO,201,93897,214.0643471,0.561221053,52,8117,20,7642,16,8552,12,8349,7,8209,18,7355,17,7689,8,7521,16,7908,16,7668,12,7293,7,7594,37,15,2852,53.33270501,28.7504535,Central-West,39,6,3,5,2,1,7,4,4,2,3,1,1,3,3,1113,517445,0,0,127.0497512,135.9230769,0.641791045,0.564102564,2024.493927,1009.675325,1024.234694,30.12873587,823,0.70058985,5.943917074,5.366276657,3.726533395,0.926352389,5488,745,20
52,2003,7568,5449886,24.02741127,28.38002813,138.86529,GO,56,92081,60.81602068,0.437949762,19,7528,2,7523,10,8457,2,8361,0,7992,1,7647,6,7838,6,7424,3,7626,1,7389,4,7188,2,7108,9,10,1140,20.91786874,29.63094609,Central-West,3,1,0,1,0,0,0,1,0,0,0,0,0,0,1,324,522484,0,0,114.75,86.66666667,0.625,0.333333333,2097.216387,1054.177632,1260.909091,30.62455467,214,1.25091796,4.933504327,4.107853252,1.18111385,0.887719298,1699,227,21
52,2004,5445,5549854,24.19787811,28.71585991,98.11068904,GO,23,91231,25.21072881,0.256962101,5,7621,1,7427,1,8496,2,8187,1,8187,3,7619,0,7633,3,7312,3,7533,0,7192,2,6840,2,7184,3,2,194,3.495587451,30.65711662,Central-West,1,0,0,0,0,0,1,0,0,0,0,0,0,0,0,202,525458,0,0,152.9130435,150,0.739130435,1,1995.875796,945.0892857,1095,31.54690165,145,1.94125671,4.586096321,3.22726965,0.091775434,0.93516295,1184,30,21
52,2005,16528,5648273,24.33254217,29.05282712,292.6204169,GO,125,91556,136.5284635,0.466571899,29,7445,8,7268,11,8389,7,8123,6,8318,6,7762,10,7704,10,7459,8,7959,16,7512,2,7070,12,6547,14,15,597,10.56960243,30.61344385,Central-West,2,0,0,1,0,0,0,0,1,0,0,0,0,0,0,879,525077,0,0,146.008,135,0.704,0.5,2131.727562,992.2236842,677.8571429,31.7677525,532,1.56061673,5.678876264,4.916533116,0.78136656,0.891729323,3960,116,22
52,2006,21666,5744823,24.54579747,29.39150466,377.1395568,GO,124,87483,141.7418241,0.375833883,34,7118,9,6787,18,8138,5,7981,3,7900,9,7270,5,6980,6,7219,9,7380,10,6968,12,6770,4,6972,20,14,789,13.7341046,31.22288378,Central-West,1,0,0,1,0,0,0,0,0,0,0,0,0,0,0,1284,519268,0,0,128.2177419,60,0.653225806,0,2191.022409,1067.315369,1049.375,32.34451483,704,1.83137912,5.932615296,4.954007263,0.133725697,0.891097631,5275,164,22
52,2007,14451,5837458,24.68150166,29.74651278,247.556385,GO,136,85159,159.7012647,0.645110667,39,7225,7,7155,8,8191,10,7678,13,7671,9,6946,6,7145,13,6716,8,6637,5,6674,11,6319,7,6802,26,13,618,10.58679994,31.23105667,Central-West,5,1,1,0,0,1,0,0,0,0,1,1,0,1,0,803,513137,52,2,130.1029412,146,0.661764706,0.4,2191.309417,1002.580128,1277.5,32.41177318,436,1.48454389,5.511638374,5.073304974,1.770088001,0.84263281,3619,109,19
52,2008,37751,5929206,24.91806727,30.11269097,636.695706,GO,261,87462,298.4153118,0.468693772,66,7150,17,7155,22,7673,19,7632,9,7691,15,7084,15,7123,23,7080,20,7361,18,7192,17,6942,20,7379,38,28,1554,26.20924286,31.76162221,Central-West,14,5,1,2,0,1,0,1,2,1,0,0,1,2,3,1946,506613,160,9,140.3831418,107.2857143,0.681992337,0.357142857,2069.615777,987.5175879,1054.444444,33.03367804,1324,1.64893124,6.456291843,5.69848618,2.773023102,0.898582139,9167,280,20
52,2009,42487,6020247,25.09958279,30.4864709,705.7351634,GO,328,87485,374.9214151,0.531249447,69,7265,17,7075,21,8018,24,7930,18,7437,27,6950,33,7194,24,6903,43,7441,12,7301,20,6901,20,7070,29,40,1062,17.64047223,32.07743545,Central-West,9,3,0,1,1,1,0,0,1,1,0,0,1,1,2,1715,499689,122,5,147.6128049,123.1111111,0.737804878,0.333333333,2009.683994,947.3253389,1026.5625,33.25785763,1306,1.59096455,6.559240044,5.926716444,2.330927413,0.708445364,9686,207,22
52,2010,101202,6133424,25.35039325,31.06899882,1650.008217,GO,658,87476,752.2063194,0.455880347,132,7242,35,7027,42,8243,41,7677,25,7470,57,7118,51,7277,57,6989,54,7368,54,7171,52,6779,58,7115,66,66,1073,17.49430661,33.28309717,Central-West,12,2,0,0,2,1,0,2,1,1,0,1,2,2,0,4269,494062,277,3,158.2857143,174.75,0.746200608,0.583333333,2057.181023,943.8926025,1028.636364,34.40959005,2920,2.21409835,7.408535547,6.623010647,2.618712366,0.705310382,22839,236,19
52,2011,34511,6236867,25.49027211,31.37638465,553.3387196,GO,365,89742,406.7214905,0.735031683,79,7759,17,7313,24,8530,24,7804,25,7884,22,7536,25,7378,28,7382,37,7081,21,7113,37,6942,26,7020,47,32,530,8.497856376,31.79313842,Central-West,9,1,0,2,1,0,0,2,1,1,1,0,0,1,0,1574,492463,66,0,153.460274,143.5555556,0.736986301,0.555555556,2003.473726,938.5146899,814.2307692,33.16592363,1173,0.41675377,6.315970327,6.008128653,2.305455876,0.751017134,8243,105,22
52,2012,24830,6339619,25.59494607,31.67705315,391.6639154,GO,291,93274,311.984047,0.796560609,39,7542,25,7549,15,8505,9,7877,11,8190,17,7552,33,7774,29,7767,29,7464,35,8011,30,7491,19,7552,21,18,831,13.10804324,31.21010874,Central-West,10,3,1,0,0,0,0,1,0,2,1,2,0,1,2,1109,488411,1,0,173.7147766,160.3,0.780068729,0.6,1923.66468,900.3663501,1077.619048,32.72395524,945,-0.46694441,5.970404113,5.742952055,2.372213881,0.760619309,6065,169,18
52,2013,140820,6441585,25.67054059,31.97543834,2186.107922,GO,1011,94822,1066.208264,0.487719866,222,7796,94,7453,53,8270,51,8358,57,8510,77,7794,75,7914,70,7660,91,7843,74,7955,72,7547,75,7722,133,89,1362,21.14386444,32.74284903,Central-West,15,3,1,0,2,2,2,1,0,1,0,0,3,2,1,5558,484968,3,0,146.6092977,146.0666667,0.68743818,0.466666667,2023.615953,935.5990338,782.1428571,33.86030706,4003,0.76741069,7.689878037,6.971863955,2.761218937,0.673368931,31066,265,19
52,2014,93513,6545858,25.82167979,32.25989748,1428.582777,GO,690,99798,691.3966212,0.48397379,161,8191,68,8013,57,8623,51,8539,43,8809,37,8245,35,8465,45,8056,48,8360,49,8286,53,7924,43,8287,98,63,1072,16.37676833,33.2247495,Central-West,14,2,2,0,2,2,0,0,4,0,0,1,1,2,0,3370,483543,1,0,135.3971014,140.8571429,0.668115942,0.428571429,2078.11814,924.8446069,919.8,34.19790851,2170,0.96485202,7.264438167,6.538713641,2.641079373,0.815790595,20504,232,19
52,2015,167905,6652125,26.03320685,32.53504812,2524.080651,GO,1124,100672,1116.497139,0.44233814,199,8203,85,7816,64,9193,66,8927,49,8823,77,8248,84,8320,112,8299,120,8511,92,8022,84,7923,92,8387,119,80,3890,58.47755417,33.94605878,Central-West,48,8,4,2,2,4,1,2,4,4,4,8,5,5,3,6522,483449,0,0,160.2491103,175.7291667,0.747330961,0.583333333,2078.973527,925.9039548,877.972973,34.96996642,4163,1.41101066,7.833632177,7.017951509,3.864503489,0.628539535,36378,825,19
52,2016,130301,6754745,26.10428722,32.82460759,1929.029149,GO,1076,95563,1125.958792,0.583691953,192,7991,52,8102,52,9084,39,8516,58,8801,77,8151,92,7925,105,7588,120,7660,90,7625,96,6920,103,7200,129,63,3595,53.22184627,32.97828873,Central-West,25,4,2,0,1,0,4,5,2,3,2,1,1,1,3,5386,486702,0,0,170.4507435,160.8,0.773234201,0.72,2002.974138,911.6709929,898.1460674,34.20481014,3948,0.15368114,7.564772124,7.026390211,3.264260295,0.638883365,28820,786,20
52,2017,63683,6855351,26.48278302,33.11937478,928.9531637,GO,594,97520,609.1058244,0.655690565,56,7572,40,7509,29,9005,36,8370,35,8700,51,8348,68,8187,60,8203,62,7957,63,8101,47,7761,47,7807,37,19,1958,28.56163018,33.04423473,Central-West,11,1,0,0,2,2,1,1,2,1,0,1,0,0,1,2570,492760,0,0,176.9057239,158.1818182,0.838383838,0.545454545,1947.968379,862.3013447,953.0555556,34.38125276,2056,-0.07514005,6.834058322,6.41199202,2.423007974,0.709350897,14135,332,19
52,2018,90997,6956592,26.75767659,33.40220427,1308.068664,GO,778,98872,786.8759608,0.601555547,127,8123,59,7554,32,9010,45,9034,55,8980,63,8160,65,8140,72,8342,73,8114,62,8014,61,7667,64,7734,75,52,2893,41.58645498,34.07036496,Central-West,21,7,0,3,0,1,2,6,0,1,1,0,0,5,2,3608,499051,0,0,161.8329049,108.0952381,0.76092545,0.476190476,2001.940482,929.1549976,1018.157895,35.32121683,2680,0.66816069,7.176307026,6.668070626,3.055866539,0.78758059,19063,438,20
52,2019,120404,7055235,26.90797195,33.6807983,1706.590921,GO,1014,96112,1055.019144,0.618202717,160,8524,66,8037,43,8728,50,8357,65,8625,81,7816,85,8063,87,7796,108,7714,102,7679,81,7252,86,7521,94,66,3465,49.11246755,34.35458124,Central-West,44,7,4,0,5,11,3,6,0,6,1,1,0,1,6,5182,508150,0,0,168.4053254,126.6818182,0.777120316,0.386363636,2000.676106,920.6588235,998.6805556,35.68766818,3811,0.67378294,7.442253046,6.961314192,3.823845642,0.91005874,25969,610,21
52,2020,62856,7150650,27.03131468,33.9509769,879.0249837,GO,689,92768,742.7130045,0.844928208,57,7834,46,7392,33,8553,42,8366,31,8177,52,7660,56,7833,73,7388,84,7658,77,7374,76,7062,62,7471,36,21,1162,16.25027095,34.97839506,Central-West,18,1,1,2,2,2,1,3,1,0,4,0,1,1,0,2312,519442,2,0,187.1944848,160.6111111,0.850507983,0.555555556,1898.751609,876.8817546,1006.896552,36.43343967,1981,1.02741816,6.77881332,6.610309704,2.965440191,0.912631829,11425,233,24
52,2021,64085,7242602,27.15386254,34.2093615,884.8339312,GO,856,89852,952.6777367,1.076674055,129,7418,76,7197,53,8430,64,7829,41,7840,66,7342,70,7423,92,7195,69,7346,76,7331,56,7220,64,7281,76,53,62,0.856045935,33.90607787,Central-West,3,1,0,0,0,0,0,1,0,1,0,0,0,0,1,3525,525211,0,0,157.2803738,149,0.760514019,0.666666667,1977.66607,936.065534,1022,35.74669287,2678,-0.30328363,6.785399979,6.85927669,1.205618602,0.927358931,14408,14,23
52,2022,208023,7281291,27.33679169,34.08063089,2856.952153,GO,1547,88812,1741.881728,0.6096993,263,7474,124,6997,96,8122,96,7912,106,8020,96,7389,113,7129,129,7321,123,6891,125,6765,133,7244,143,7548,167,96,309,4.243752928,34.54902102,Central-West,5,2,0,0,0,0,0,0,1,0,1,0,1,2,0,12508,529274,1,0,159.2488688,164,0.749838397,0.6,2031.141784,974.5634191,1034.166667,36.198213,8714,0.46839013,7.957510655,7.462721261,1.728086322,0.936185812,49181,42,22
52,2023,71037,7368691,27.68936736,34.35188027,964.0382532,GO,660,94825.71739,696.0137167,0.721977281,99,7872.411232,44,7624.150362,34,8666.237319,26,8365.628623,35,8403.889493,38,7802.45471,71,7885.932971,52,7710.585145,69,7821.063406,69,7708.45471,67,7381.628623,56,7583.280797,66,33,81,1.099245443,32.07072371,Central-West,1,0,0,0,0,0,1,0,0,0,0,0,0,0,0,4049,534988,0,0,173.0848485,150,0.783333333,1,2009.239752,954.5278396,912.5,33.66882857,2998,-2.28115656,6.871130976,6.545369368,0.053129533,0.978837539,17032,14,20
52,2024,333001,7453576,27.86436982,34.624936,4467.6676,GO,2910,94998.3913,3063.209766,0.685639587,551,7886.800725,205,7638.539855,141,8680.626812,160,8380.018116,155,8418.278986,209,7816.844203,221,7900.322464,251,7724.974638,274,7835.452899,262,7722.844203,244,7396.018116,237,7597.67029,359,192,693,9.297550599,34.31417323,Central-West,11,1,0,1,2,1,1,3,0,1,0,0,1,1,0,19510,536957,0,0,160.1161512,148,0.740206186,0.545454545,2039.762209,957.669732,964.6428571,35.97039631,13644,-0.31076277,8.404621762,8.027218588,2.449205501,0.966937855,80150,82,19
53,2000,192,2090492,25.0762565,26.66854406,9.184440792,DF,2,47991,4.167448063,0.453750877,0,4074,0,3940,0,4222,0,4064,0,4352,0,4135,0,4067,0,3900,0,3920,2,3858,0,3705,0,3754,0,0,1,0.047835629,37.125,Central-West,0,0,0,0,0,0,0,0,0,0,0,0,0,0,0,4,192099,0,0,270,NA,1,NA,2737.5,NA,NA,37.51578947,0,10.45645594,2.217510834,1.427303873,#NAME?,0.995024876,24,NA,43
53,2001,1531,2147581,25.19572407,26.94187833,71.28951132,DF,7,46891,14.92823783,0.209403004,1,3967,1,3678,1,4140,0,4045,0,4135,0,3991,0,3886,1,3792,1,3605,1,3999,1,3752,0,3901,1,0,0,0,31.60744611,Central-West,0,0,0,0,0,0,0,0,0,0,0,0,0,0,0,43,197315,0,0,159.2857143,NA,0.714285714,NA,1825,956.8918919,NA,32.64479026,46,4.66556778,4.26674921,2.703254576,#NAME?,0.993523316,273,NA,29
53,2002,2025,2203673,25.42991001,27.23923876,91.89203661,DF,6,45799,13.10072272,0.142566464,3,3951,0,3701,0,4044,0,3800,0,3988,1,3778,0,3704,0,3737,0,3825,1,3732,0,3744,1,3795,2,1,6,0.272272701,30.88839506,Central-West,0,0,0,0,0,0,0,0,0,0,0,0,0,0,0,56,202681,0,0,130.8333333,NA,0.5,NA,1930.360825,1059.390244,NA,31.69715447,51,3.6491563,4.520614373,2.572667398,#NAME?,0.6369606,410,2,23
53,2003,550,2259133,25.6161478,27.54875255,24.34562286,DF,2,46097,4.338677137,0.178211794,2,3775,0,3723,0,4232,0,3841,0,4015,0,3944,0,3847,0,3816,0,3897,0,3642,0,3592,0,3773,1,1,6,0.265588613,35.02545455,Central-West,0,0,0,0,0,0,0,0,0,0,0,0,0,0,0,20,207750,0,0,14.5,NA,0,NA,2296.458333,912.5,NA,35.50553506,6,7.476702,3.192352074,1.467569495,#NAME?,0.618568233,89,NA,35
53,2004,174,2314080,25.89555321,27.86716708,7.519186891,DF,2,45593,4.3866383,0.583392641,0,3841,0,3784,0,4282,0,3851,0,3988,1,3787,1,3691,0,3855,0,3713,0,3629,0,3505,0,3667,0,0,0,0,34.03448276,Central-West,0,0,0,0,0,0,0,0,0,0,0,0,0,0,0,1,211783,0,0,165,NA,1,NA,1460,1277.5,NA,34.9704142,3,6.16731568,2.017458006,1.478563171,#NAME?,0.670498084,27,NA,27
53,2005,276,2369088,26.01307076,28.18606738,11.65005268,DF,4,45917,8.711370516,0.747753745,0,3640,0,3575,0,4210,0,3952,0,4080,1,3854,1,3792,0,3830,1,3766,1,3874,0,3554,0,3790,0,0,2,0.084420672,34.05072464,Central-West,0,0,0,0,0,0,0,0,0,0,0,0,0,0,0,7,214290,0,0,210,NA,1,NA,1564.285714,625.7142857,NA,35.76717557,10,5.86465726,2.455310702,2.164629128,#NAME?,0.739361702,44,1,39
53,2006,332,2424421,26.17952693,28.50501625,13.69399127,DF,2,45152,4.429482636,0.323461769,1,3733,0,3543,0,4049,0,4068,1,4083,0,3622,0,3833,0,3659,0,3756,0,3705,0,3493,0,3608,1,0,1,0.041246962,37.2439759,Central-West,0,0,0,0,0,0,0,0,0,0,0,0,0,0,0,5,217145,0,0,63.5,NA,0.5,NA,2242.142857,1277.5,NA,37.67682927,2,8.73895965,2.616957143,1.488282791,#NAME?,0.63740458,42,NA,27
53,2007,1124,2478854,26.41627738,28.83380748,45.34353375,DF,11,44098,24.94444192,0.55012126,1,3846,0,3459,1,4109,2,3944,1,3763,1,3663,1,3619,2,3473,0,3527,0,3715,2,3413,0,3567,1,0,13,0.524435889,32.70996441,Central-West,0,0,0,0,0,0,0,0,0,0,0,0,0,0,0,46,218621,2,0,155.7272727,NA,0.909090909,NA,2012.714286,775.625,NA,33.92691952,32,3.87615693,3.814267581,3.216651029,#NAME?,0.592951542,213,1,29
53,2008,1380,2532984,26.61313472,29.17585188,54.48119688,DF,17,44173,38.48504743,0.706391372,5,3689,0,3561,0,3913,0,3798,1,3791,1,3539,3,3664,3,3498,1,3737,2,3648,1,3544,0,3791,3,2,6,0.236874769,31.79565217,Central-West,0,0,0,0,0,0,0,0,0,0,0,0,0,0,0,41,219219,10,0,152.1176471,NA,0.705882353,NA,1881.883117,1034.166667,NA,33.17981791,45,2.61980029,3.997855631,3.650269787,#NAME?,0.373417722,273,1,25
53,2009,776,2587290,26.8851862,29.52568865,29.99277236,DF,7,43932,15.93371574,0.531251848,1,3748,0,3527,1,4121,0,3707,0,3650,0,3460,1,3632,0,3562,2,3806,1,3566,0,3606,1,3547,0,1,4,0.154601919,33.83505155,Central-West,0,0,0,0,0,0,0,0,0,0,0,0,0,0,0,28,219193,3,0,191.5714286,NA,0.857142857,NA,2105.769231,730,NA,34.76657825,15,4.3093629,3.400956431,2.768437351,#NAME?,0.577017115,128,NA,28
53,2010,14991,2646797,27.08252921,30.05144709,566.3826882,DF,82,44251,185.3065467,0.327175513,19,3799,7,3544,7,3918,5,3901,6,3731,6,3637,9,3742,5,3708,6,3660,3,3676,5,3348,4,3587,7,12,45,1.700168166,31.66579948,Central-West,1,0,0,0,0,0,0,0,0,0,1,0,0,0,0,624,219062,31,0,131.2073171,270,0.682926829,1,2123.001126,916.6477273,NA,32.53978288,355,1.61435239,6.339269977,5.222011463,0.815292216,0.798372155,3518,5,28
53,2011,3172,2689166,27.24375935,30.47684226,117.954786,DF,20,43465,46.01403428,0.390098917,2,3795,0,3330,1,3887,2,3773,1,3874,2,3555,4,3593,2,3644,1,3516,2,3586,2,3470,1,3442,2,0,7,0.260303752,32.63493064,Central-West,0,0,0,0,0,0,0,0,0,0,0,0,0,0,0,116,217489,1,0,176.05,NA,0.9,NA,2054.662921,1036.129032,NA,33.65731986,85,2.15808838,4.770301382,3.828946443,#NAME?,0.508711886,621,NA,30
53,2012,1486,2730540,27.40064832,30.89505519,54.42146975,DF,14,43497,32.18612778,0.591423347,3,3616,1,3559,0,3871,0,3669,0,3731,3,3570,1,3555,0,3722,2,3574,3,3609,0,3510,1,3511,3,0,4,0.14649117,32.82772544,Central-West,0,0,0,0,0,0,0,0,0,0,0,0,0,0,0,50,214846,0,0,164,NA,0.714285714,NA,1883.068182,912.5,NA,34.11430575,46,1.93267025,3.996758741,3.471535545,#NAME?,0.474530831,318,2,29
53,2013,11935,2771973,27.51255333,31.30277279,430.5597493,DF,101,44530,226.8133842,0.526787245,22,3769,12,3479,8,3942,6,3798,3,4083,3,3623,4,3768,10,3711,4,3821,9,3626,12,3378,8,3532,14,8,16,0.577206199,32.96464181,Central-West,0,0,0,0,0,0,0,0,0,0,0,0,0,0,0,564,211021,0,0,147.2475248,NA,0.663366337,NA,2120.124851,981.6787004,NA,34.16765372,352,1.66186902,6.065086105,5.424127583,#NAME?,0.768020643,2741,4,25
53,2014,11662,2814544,27.63372912,31.69653912,414.3477594,DF,106,44721,237.0251112,0.572043907,26,3804,9,3474,10,3873,6,3797,12,3963,7,3730,10,3702,2,3766,7,3785,4,3647,7,3462,6,3718,13,13,167,5.933465599,32.95438175,Central-West,5,1,0,0,1,0,0,1,0,1,1,0,0,0,1,494,206416,0,0,126.0283019,162,0.669811321,0.6,2071.595174,912.5,973.3333333,34.11488832,319,1.25784263,6.02670562,5.46816609,2.414164908,0.944985478,2762,50,20
53,2015,9908,2858001,27.90000434,32.08457205,346.6758759,DF,69,46122,149.6032262,0.431536304,11,3812,9,3680,10,4105,4,3810,2,4167,1,3760,1,3862,6,3777,9,3965,8,3762,5,3666,3,3756,8,3,110,3.848844,34.0827614,Central-West,1,1,0,0,0,0,0,0,0,0,0,0,0,1,0,402,200374,0,0,144.7971014,6,0.710144928,0,2150.643478,970.5202312,1095,35.06577167,230,1.99818935,5.848390268,5.007986631,0.773880126,0.909795631,2138,22,19
53,2016,17969,2900470,28.02323489,32.48778819,619.5202846,DF,152,43340,350.7152746,0.566107815,16,3817,11,3781,4,3956,7,3743,6,3878,8,3707,9,3686,21,3500,25,3494,24,3297,11,3149,10,3332,8,8,504,17.37649415,33.3676888,Central-West,3,1,0,0,0,0,0,0,0,0,2,0,0,0,1,865,193884,0,0,187.125,189,0.822368421,0.666666667,2071.598926,951.1617312,929.0909091,34.65335343,566,0.87990061,6.428945444,5.859974711,1.934706479,0.799778209,4178,119,34
53,2017,3947,2942386,28.26447227,32.89253381,134.1428351,DF,112,44568,251.3013822,1.873386543,4,3626,6,3438,8,4058,7,3618,8,3904,18,3877,15,3845,11,3709,7,3652,6,3676,14,3625,8,3540,3,1,109,3.704476571,30.99543957,Central-West,1,0,0,0,0,0,0,0,0,1,0,0,0,0,0,246,189087,0,0,179.9017857,240,0.910714286,1,1748.280255,880.8666667,638.75,34.11759753,272,-1.89709424,4.898905166,5.526652945,0.808154073,0.682308657,1123,27,27
53,2018,2412,2984652,28.52897387,33.28573515,80.81344157,DF,82,44195,185.5413508,2.295921906,2,3669,5,3392,1,3989,1,3909,5,3955,8,3690,14,3798,14,3671,11,3586,9,3607,7,3478,5,3451,2,0,29,0.971637564,28.69029851,Central-West,0,0,0,0,0,0,0,0,0,0,0,0,0,0,0,213,186527,0,0,200.0487805,NA,0.914634146,NA,1833.156425,850.8275862,NA,32.07383178,190,-4.59543664,4.392143308,5.223277773,#NAME?,0.541479362,779,3,22
53,2019,38286,3026034,28.68026024,33.67387049,1265.220417,DF,421,42422,992.4095988,0.784376845,64,3721,28,3425,34,3835,36,3791,22,3723,38,3519,31,3572,28,3491,37,3473,34,3424,35,3234,34,3214,37,27,977,32.28648455,32.86342266,Central-West,12,1,0,2,0,2,3,0,0,1,0,1,2,1,0,1861,186592,2,0,158.1140143,167.8333333,0.781472684,0.583333333,1986.721536,933.0853081,1025.47619,34.37202226,1386,-0.81044783,7.143001629,6.900135924,3.34240974,0.724302582,8932,196,19
53,2020,47003,3066223,28.83920632,34.05204938,1532.928296,DF,409,39361,1039.099616,0.677852721,72,3364,20,3183,24,3727,26,3449,25,3447,25,3247,27,3267,25,3209,32,3324,58,3209,41,2986,34,2949,44,28,834,27.19958724,36.01165883,Central-West,7,2,2,1,0,0,0,0,0,0,0,0,2,1,1,1644,188932,1,0,168.6797066,116.4285714,0.775061125,0.285714286,1924.728982,892.3361423,973.3333333,37.34000442,1374,1.95960945,7.334935104,6.946109864,2.878304857,0.860853904,7933,198,38
53,2021,16699,3105085,29.01533467,34.41854861,537.7952616,DF,209,37907,551.349355,1.025203073,19,3057,15,3040,11,3433,15,3276,7,3421,13,3161,21,3099,25,3064,24,3142,17,3090,25,3094,17,3030,12,7,18,0.579694276,35.18887359,Central-West,0,0,0,0,0,0,0,0,0,0,0,0,0,0,0,831,191098,0,0,181.7416268,NA,0.837320574,NA,1881.928916,922.5404531,1095,37.23468414,771,0.77032498,6.287477933,6.312368646,#NAME?,0.849919504,3323,2,26
53,2022,70069,3123100,29.26393689,34.42526464,2243.572092,DF,483,35877,1346.26641,0.600054892,68,3076,32,2884,25,3238,24,3086,30,3126,31,3029,41,3067,45,2935,50,2656,50,2768,47,2950,40,3062,44,24,61,1.953187538,35.92079236,Central-West,1,0,0,0,0,0,0,0,1,0,0,0,0,0,0,3394,193325,0,0,172.5569358,210,0.792960663,1,1908.689788,969.1814255,912.5,37.66237063,3013,1.49552772,7.715824559,7.205090418,1.025073764,0.882058216,14628,13,25
53,2023,40664,3160104,29.61724671,34.78953034,1286.793093,DF,356,39705.56719,896.5997092,0.696770688,44,3353.612484,16,3158.43857,21,3612.96031,21,3418.873353,34,3512.69944,26,3296.612484,31,3314.569005,25,3259.69944,29,3267.134223,44,3229.96031,39,3095.742918,26,3185.264657,32,12,34,1.075913957,36.67017509,Central-West,1,0,0,0,0,0,1,0,0,0,0,0,0,0,0,1529,195824,0,0,174.2724719,150,0.831460674,1,1949.230146,912.6943557,1460,38.05859625,1227,1.88064475,7.159908428,6.798609507,0.923678777,0.786168599,6907,7,21
53,2024,276399,3196102,29.80616725,35.1535364,8648.003099,DF,1674,39382.25296,4250.645593,0.491517584,258,3326.669631,111,3131.495718,87,3586.017457,75,3391.930501,101,3485.756588,117,3269.669631,168,3287.626153,154,3232.756588,138,3240.19137,162,3203.017457,138,3068.800066,165,3158.321805,161,97,508,15.89436132,36.32236007,Central-West,12,2,1,2,0,2,1,3,0,1,0,0,0,2,0,14751,196785,0,0,169.2962963,111.1666667,0.779569892,0.416666667,2055.29977,964.8104741,949,37.81299455,10091,1.16882367,9.065083718,8.354826155,3.416761553,0.746857363,57624,81,24
